scorer,,,furkan,furkan,furkan,furkan,furkan,furkan,furkan,furkan,furkan,furkan,furkan,furkan,furkan,furkan,furkan,furkan,furkan,furkan,furkan,furkan,furkan,furkan,furkan,furkan,furkan,furkan,furkan,furkan,furkan,furkan,furkan,furkan,furkan,furkan,furkan,furkan,furkan,furkan,furkan,furkan,furkan,furkan,furkan,furkan,furkan,furkan,furkan,furkan,furkan,furkan,furkan,furkan,furkan,furkan,furkan,furkan,furkan,furkan,furkan,furkan,furkan,furkan,furkan,furkan,furkan,furkan,furkan,furkan
bodyparts,,,notch,notch,2,2,3,3,4,4,5,5,6,6,7,7,8,8,9,9,10,10,11,11,12,12,13,13,14,14,15,15,inter,inter,17,17,18,18,19,19,20,20,21,21,22,22,23,23,24,24,25,25,26,26,27,27,28,28,29,29,30,30,fem_lat,fem_lat,fem_med,fem_med,tib_lat,tib_lat,tib_med,tib_med
coords,,,x,y,x,y,x,y,x,y,x,y,x,y,x,y,x,y,x,y,x,y,x,y,x,y,x,y,x,y,x,y,x,y,x,y,x,y,x,y,x,y,x,y,x,y,x,y,x,y,x,y,x,y,x,y,x,y,x,y,x,y,x,y,x,y,x,y,x,y
labeled-data,video,4000.r.png,134.4318957244321,219.63984019596768,199.5163138482937,158.31681782950284,172.26558098489093,26.58209359230289,180.08898380579734,114.83007741212681,173.51732543623595,66.01204380967104,187.28651440103116,135.7967969721559,176.020814338926,89.79518838522644,171.95264487205463,45.3582603624782,57.4180275739853,150.19185816262365,101.85495559673353,26.582093592302897,85.26934161641199,107.63254681689298,97.1609139041897,64.44736324548978,76.50713045699688,127.66045803841328,91.5280638731371,87.60463559537266,100.29027503255226,44.41945202396945,144.717106836653,242.60571593217793,185.7218338368499,327.93956010668614,148.48243640933552,434.9637106966853,168.8232837436921,357.04262815051,157.24464756875065,395.22083391653314,177.27255879027103,341.3958225086972,162.87749759980326,376.4446671463578,151.92473365053434,415.5616812508897,84.01759716506697,327.00076131822954,94.9703611143359,434.9637202467375,90.9021916474646,358.9202448275275,95.59623334000844,401.7924922860945,87.45989440626575,341.3958225086973,94.03155277582711,379.2610921618842,95.28329722717213,418.06517015357986,186.5675579166147,236.57979703456442,70.47882163704045,246.6134265788889,219.04861785224136,250.76964505331847,50.63062062056253,249.33999232926416
labeled-data,video,4001.l.png,131.85450903584083,213.89380824691528,57.69238625067036,148.74875036073828,69.27102242561179,27.329538580271326,68.33221408710304,103.99888980642342,69.58395853844806,61.43957846069272,65.51578907157673,127.1561621563063,69.27102242561179,80.52868134370428,68.95808631277555,42.037539464844905,190.3772980932425,130.2855232846688,148.7567950860206,26.703669935868398,169.72351464604967,97.11429532402579,155.95432568125446,57.3714089938214,178.48572580546482,112.44816485300228,162.21304793797955,77.08638410250546,152.1990923272194,41.098731126336126,126.33122804925378,237.05444929680414,75.26382101766815,326.56584060610544,131.08804575071883,435.75803781291324,99.15658920341384,355.3711541973204,114.78737212866804,390.87536112754054,87.9917442568037,339.9636681709984,107.41857446390534,373.01160921296434,123.49595118702395,412.9817541218286,192.71799028191185,310.7117744108802,193.38788097870847,436.2046316107781,188.02875540433558,351.35181001654104,189.1452398989966,391.99184562220194,188.4753492022,331.7016829105072,188.02875540433558,370.55534332471046,190.70831819152204,414.3215355154222,58.398493362029505,244.35211573387588,201.7880412873807,238.871389433383,33.19007906200902,255.4471790539913,210.48668303073188,237.98207986711344
labeled-data,video,4001.r.png,144.7961705111323,213.87217866525856,199.54969531942353,140.28842215122003,171.19636889087502,24.12236551076388,183.58374451499816,100.9240943803273,176.9771441821325,59.90811731378626,189.9150698339944,121.56972042053253,179.7298943208265,79.17736828464447,174.77494407117726,40.088316315189246,72.37263891175935,142.76589648847653,100.17541531256904,23.84709049689447,89.99023979940115,102.30046944967431,98.52376522935265,58.25646723056984,82.83308943879666,121.5697204205325,95.77101509065861,79.45264329851386,99.62486528483024,39.81304130131984,156.05624312805787,231.40445305460634,197.34749520846827,317.56553239572986,142.8430424623265,437.31016342892,175.87604412665485,355.5534843097074,157.15734318353546,398.49638647333427,185.78594462595336,335.1831332833716,166.51669365509517,376.19911034991264,150.5507428506698,417.7656374441924,96.32156511839742,304.3523317299982,83.93418949427428,437.8607134566586,99.07431525709144,348.9468839768415,94.1193650074422,393.54143622368474,99.90014029869965,324.9979577702034,97.14739016000563,371.2441601002631,89.99023979940115,413.91178725002055,212.00199590795157,232.48675602694726,61.21256907072454,241.05839847063726,239.67315643489223,247.73398153912234,73.42327299480891,242.27650025629475
labeled-data,video,4002.l.png,137.24631312644644,239.4135679502202,71.37372623782643,171.9778976582144,94.37330682784332,59.21295943840162,87.45110296094504,129.77477950097773,93.03352543425012,89.35804079424902,84.3249463758942,151.4345786974014,89.90736884919927,107.66838650668966,93.92671302997891,71.717585778605,207.361537687538,169.74492463610406,170.9641431615889,59.21295943840162,189.27448887402954,129.55148260204552,176.9931594327584,92.26090048036764,197.31317723558885,149.64820350594377,182.12898810819905,110.57124619280827,173.64370594877533,74.39714856579141,132.7803732312297,264.8694144284914,79.41241442636182,333.6448592996098,103.97507330890413,403.31349176645705,93.4801190590906,355.75125229389783,100.84891672385329,379.1974266817791,88.56758728258212,345.0330011451521,98.61594773453126,367.5859879373046,104.19837020783633,390.8088654262537,177.88634685546327,340.1204693686436,163.14875152593788,402.86689796859264,170.51754919070058,358.6541119800165,166.72150190885313,382.99347396362657,173.6437057757514,349.05234532593175,169.17776779710738,370.7121445223554,164.4885329195311,393.04183441557575,80.39526130959585,257.88030708438276,189.1312175704864,269.5018282886438,54.506571081001525,272.72488612356705,210.66794129961582,278.70067990647306
labeled-data,video,4002.r.png,135.00801760517473,217.23506660772833,199.56593678546554,139.07196662140288,193.16349851965157,1.1527766629671987,192.09642547534926,87.85246151253135,190.76258416997135,39.03386973569984,193.16349851965157,110.52776370395583,191.2961206921225,61.975940188199885,191.5628889531981,18.225945371804443,72.31747625241292,142.5399550330256,121.6696045513956,1.41954492404275,93.92570539953508,92.12075368974061,111.53241063052349,42.235088868606795,85.12235278404086,114.52928762008949,104.06289932040718,64.91039106003126,118.20161715741304,19.559786677182323,144.0781384817445,247.6466478615248,184.89368242630854,339.9484580525545,153.94856414154103,461.32801684194453,171.45710813979733,375.1618685145316,161.9377542552481,419.1786315920026,177.4172422569121,356.5654648941324,166.2199041510178,396.7700976616537,157.14978327444803,440.2533242169736,88.97975646599014,324.6759099770077,102.85170604192041,461.79479616985685,92.98128038212388,363.62407609404266,100.98432821439135,413.2429726541009,90.58036603244364,342.01584694692053,96.18249951503086,387.63321959084504,102.58493778084483,437.5188844119789,194.73983833055217,243.3686802874068,83.7028617792583,248.43286671795568,212.93339698844997,255.93536513358364,61.3829289927651,252.55924084655106
labeled-data,video,4003.l.png,129.82389973105396,220.557592176611,69.64151634419042,142.94533819136623,83.12500114671175,20.93624400269753,80.49407728280516,93.94438122610576,82.79613566372345,52.17846488658844,77.20542245292191,118.28042696724184,81.80953921475847,70.923797416923,82.46727018073511,34.09086332223055,193.95266891377742,134.06597015068144,156.79086933609665,21.26510948568585,174.5496054174662,92.30005381116413,162.38158254689816,52.83619585256508,183.7578389411393,113.67631020540527,166.98569930873472,71.91039386588795,159.42179320000324,35.73519073717216,124.56205200324075,241.93384982537444,63.06420668442392,310.66674078802345,97.92394788118641,441.2263375343886,84.11159759567671,350.45946422961083,92.33323467038487,392.5542460521164,74.24563310602697,328.75434235238134,88.05798339153664,369.5336622429337,94.96415853429149,415.57482986129924,177.18052928137286,314.284261100895,148.2403667784002,440.8974720514003,161.06612061494485,352.1037916445524,151.52902160828341,398.4738247459063,168.63002672367634,331.7141316992763,156.13313837011998,374.4666444877586,150.21355967633014,418.8634846911825,78.85583468154681,235.68093951080664,180.31206690670138,246.26750506627448,53.30329302159656,244.72175933947807,203.49825280864752,248.58612365646908
labeled-data,video,4003.r.png,129.11798354603076,227.39720085354568,179.27041662824016,145.2325764422664,164.86493053015872,10.247836338021898,168.3329179241413,95.08014336005698,165.93200357446105,47.06185636645222,172.06767357919944,119.08928685685937,166.99907661876338,69.7371585578767,164.59816226908313,27.05423678578357,66.69421045434453,154.5694655799118,101.64085265524578,9.981068076946316,84.8344522074841,102.2828864090977,94.43810960620506,49.72953897720804,77.6317091584434,127.625871211278,90.70335395114692,73.47191421293483,98.17286526126321,27.854541569010312,136.32072659507145,250.6060349877406,180.87102619469363,326.1014528721307,143.52346964411214,451.7493038387295,163.5310892247808,362.1151681173339,151.7932857374552,406.1319311948049,171.2673687959727,341.3072437534385,157.662187481118,382.6563242201537,147.79176182132147,427.7401603419271,85.1012204685597,325.83468461105474,101.64085265524578,451.7493038387295,96.57225569480973,361.8483998562583,101.90762091632136,409.0663820666364,92.03719525652483,342.10754853666526,100.0402430887923,383.99016552553167,101.3740843941702,428.8072333862294,184.13550434759952,246.40504926126587,82.49373307865248,257.8576432070627,208.71086218962193,254.75589901340942,54.10084392136446,256.90326037824633
labeled-data,video,4004.r.png,151.58458189007735,241.471585972528,207.16284851510434,161.88613908935326,200.2566733723495,0.0843214590972039,200.58553885533783,101.70375570248973,199.9278078893612,42.836834247579496,202.22986627027947,129.6573217564974,200.58553885533783,70.79040030158717,200.2566733723495,19.4873849554084,86.1403507754006,163.5304665042949,130.53719097882453,-0.24454402389111607,112.77845489745496,105.97900698133796,124.28874680204635,49.08527842435769,102.58362492481689,133.93257303534563,119.02689907423314,77.03884447836535,127.90626711491794,22.77603978529166,146.9804651282408,259.55919004593034,195.98142209350127,350.9837943166849,145.00727223031086,462.46919304972715,176.24949311420175,382.5548806835641,158.8196225158205,422.6764696081398,185.45772663787486,365.45387556817116,167.04125959052865,400.31361676493367,149.94025447513573,443.3949950364043,83.18056142850568,330.5941343714087,87.12694722436558,463.1269240157038,90.41560205424884,372.68891619391434,90.0867365712605,416.0991599483733,87.78467819034225,348.6817359357666,90.0867365712605,394.3940380711438,87.78467819034225,438.4620127915794,197.73545965823328,254.27870759900122,90.96845266094967,260.0445116616084,229.33912579811152,274.65509162802175,51.273407132548265,253.79961848855518
labeled-data,video,4005.l.png,119.44639375423547,230.96681122160754,59.58501702957199,140.49400323736776,81.72678269884531,24.183041408413978,70.25574747259526,103.14644668678625,77.45849052163598,61.26382969791988,65.72068703431037,121.82022496207699,74.79080791088018,80.47114449536178,80.65970965454298,40.189137072948895,197.5042080056479,139.693698454141,158.28927362753734,24.183041408413978,176.96305190282808,100.74553233710603,162.55756580474664,58.862915348239646,185.49963625724672,117.55193278486769,167.6261627651827,79.93760797321062,160.423419716142,40.45590533402448,117.20696142189769,246.4009993226333,67.58806486183946,343.7714146152207,110.004218372857,437.6738425138256,85.46153835390345,373.11592333353474,99.06671966875811,404.0610416183023,75.85788095518248,355.50921810254636,92.130744880793,388.05494595376734,104.1353166291942,418.7332959774593,184.96609973509555,334.9680619997265,173.4950645088455,437.6738425138256,176.6962836417525,369.3811676784766,173.76183276992109,406.4619559679825,180.9645758189618,351.7744624474882,175.095674075299,386.7211046483894,173.4950645088455,421.4009785882151,72.39595966576181,242.87706464156787,198.79406454862794,258.9492374607254,34.80341985146109,263.3077928015139,215.68346649418334,250.23212677914844
labeled-data,video,4005.r.png,150.2134726652314,228.8784814264771,208.9024911194996,138.97757744400593,191.29578588851118,0.25808168470327786,197.96499241540073,90.95929045040117,192.6296271938891,35.73826040775569,202.50005285368562,115.50197046935473,193.16316371604023,62.4150865153139,191.56255414958676,16.264177349238203,79.25311623676672,137.11019961647685,124.87048888069123,0.25808168470327786,105.92994234432491,85.35715696781395,118.2012823538017,36.53856519098244,94.72567537915047,108.5659956813896,114.46652669874354,56.81295303272667,121.66926974778426,16.264177349238203,147.27902281104014,248.8860928660245,201.16621053066754,332.1177903216061,143.01072961619064,461.50039694326347,181.15859094999888,372.1330294829434,159.55036180287672,414.01564647180976,190.49548008764424,350.25803207474564,168.62048267944655,394.2747951522167,150.21347266523136,435.62387561893195,77.38573739159747,322.51413292288515,84.85524870171376,461.767165204339,86.18909000709168,359.59492121239106,86.98939479031843,414.5491829939609,82.18756609095796,339.5873016317224,86.98939479031843,386.53851558102485,86.72262652924285,436.9577169243098,191.17404356135893,241.51064407081464,71.3950943384226,255.3825936467452,222.38593010720203,262.8521049568611,41.51704909795742,242.31094885404173
labeled-data,video,4006.l.png,128.3752364900319,228.34280785999815,61.94993948221196,164.051657704013,84.35847341256085,32.26813673267547,79.02310819104922,117.9007485379373,82.75786384610737,70.14922980540813,72.88743818631083,140.57605072936178,80.6237177575027,92.82453199683259,83.29140036825852,47.74069587505923,206.53833698517744,160.85043857110603,143.84779563241565,32.26813673267547,173.72584087288087,117.36721201578614,155.85236738081684,70.68276632755928,186.53071740450878,140.84281899043737,162.5215739077064,93.09130025790817,148.38285607070054,50.941915007966216,127.13223189938043,259.80576890492523,74.18488913826005,340.3778122370649,98.84980036238443,431.1446855418427,85.03745007687479,365.0427234611893,93.25908715158292,398.2581372430102,80.10446783204989,351.559238658668,89.312701355723,380.49940116164066,95.23228004951287,414.0436804264498,184.0259604563607,330.51184774741523,160.34764568120127,430.15808909287773,173.8311304837226,358.46541380142287,162.9785695451079,397.9292717600219,177.4486507965942,343.9953325499365,168.56928275590943,377.53961181474574,160.34764568120127,413.71481494346153,66.32649737798654,254.31552060244286,193.57495791103918,260.9847271293321,42.85089040333532,260.7179588682569,214.11611401385898,268.4542384394484
labeled-data,video,4006.r.png,129.8073533405628,232.1966258868575,198.90033295913858,150.03200096675815,178.89271337846992,15.314029123589219,186.09545642751064,103.88109180068247,180.760091205999,54.79573176277536,190.63051686579553,127.89023529748485,182.62746903352806,76.13719264882192,179.4262499006211,32.12042957135088,61.24791024413824,152.69968357751398,113.26772115387675,15.5807973846648,88.19150461277202,103.88109180068247,103.66406375515578,53.728658718473035,76.18693286437083,128.6905400807116,97.26162548934181,78.27133873742659,107.93235593236511,35.32164870425787,137.01009638960352,263.9420382696301,193.83173599870247,344.5060531144559,155.41710640381868,446.6782971064038,178.35917685631873,369.31550139448507,165.5543003246908,407.9968992504444,186.09545642751058,354.91001529640357,170.88966554620242,390.12342575838045,160.48570336425473,426.6706775257352,76.98723764759757,342.1051387647757,94.86071113966156,446.41152884532823,84.72351721878944,367.4481235669559,92.19302852890574,406.12952142291533,81.78906634695804,354.91001529640357,87.92473635169642,386.1219018422467,94.06040635643481,425.60360448143285,198.37678661039965,255.11582538566927,75.66338651563191,263.6524097400882,219.7182474964462,267.387165395146,46.85241431946905,264.452714523315
labeled-data,video,4007.l.png,126.77778812943896,256.39623390174455,69.56345072978247,174.84128101189805,88.05121520438358,25.818694640870998,83.84945055106515,122.17916402364038,88.05121520438358,67.83634117405532,79.08745061063759,151.03128130976026,86.37050934305621,92.20657616330223,87.77109756082902,44.02634147191753,191.1345080324625,165.03716348748839,150.79756736060554,25.25845935376187,173.76721413207963,121.89904638008582,160.04144959790608,66.43575295628251,181.61050815160738,143.74822257734166,164.5233318947791,91.92645851974767,155.83968494458765,44.58657675902666,107.13862960891323,273.40444031788974,62.66338486696995,346.5499100777839,110.40224564682315,437.68773520295815,84.84507775457851,375.9647636896126,97.86476705817483,405.3796173014414,73.51312595330022,359.08738866643216,91.35492240637667,389.22555835068295,103.65129563755097,420.3281494648297,173.0896385900647,348.4787529375759,165.6153725083705,437.44662984548415,166.57979393826653,377.17029047698264,165.6153725083705,406.5851440888114,168.26753144058458,362.46286367106825,166.09758322331854,391.87771728289704,165.37426715089651,422.4980976820958,61.524668678626064,272.1889940945069,198.64355487147523,280.72557844892515,30.046013871707384,290.06246758657096,195.9758722607194,283.393261059681
labeled-data,video,4007.r.png,131.03027120207435,223.3668228373461,189.87076830271891,140.82668107116407,165.45881536733594,39.30990528731775,176.4215726676207,106.21083445315813,169.39416414179712,66.5762503675132,182.04349948827956,124.20100027926645,172.20512755212656,85.12860887568742,167.14539341353358,52.24033697483311,58.080013092751784,145.28322585673718,88.43841792430962,39.59100162835068,75.78908257782719,105.9297381121252,84.78416549088135,68.26282841371085,68.48057771097068,125.60648198443118,81.1299130574531,87.096283262918,88.15732158327666,51.67814429276723,151.5958173554679,239.03162844841015,193.023511492566,320.91541819202223,140.44808698249454,424.03545682336403,172.4897620057999,348.89547243772546,156.24327889539154,383.64489464609886,182.64381394980512,332.87463492607276,163.01264685806166,366.27018354191216,149.24826533396572,402.1478337440639,85.16491528735504,313.6947590318407,87.8726624724231,424.03545682336403,90.58040965749116,349.3467636352368,90.35476405873548,385.6757050348999,88.32395366993444,330.84382453727176,90.35476405873548,365.8188923444008,89.67782726246847,404.62993533037627,197.84325008824848,238.5761931989832,70.0612530330447,247.6463140755533,229.05513663409158,261.78503191255874,60.28589118662798,245.18809750986227
labeled-data,video,4008.r.png,147.8796783850968,227.76438779773179,210.69039319021886,153.11323643446164,186.06382313897544,11.298160622128819,193.4234877519907,104.42622437912982,187.19607923328547,53.75776415875542,199.36783224711843,128.2036023596407,189.17752739832804,79.23352628073138,186.06382313897544,31.112642272554563,71.13982956650611,147.45195596291143,107.93815263158248,11.581224645706328,95.20027157059451,96.50043171895953,103.97525630149734,46.68116356931765,86.14222281611417,122.54232188809051,100.0123599714122,69.89241350267352,106.23976849011743,27.43280996604693,146.52383919367162,262.3032980911945,201.1447448186089,343.5044305175719,166.97016750247167,451.57788014980076,184.49559176715744,374.4660133851834,173.10406599511168,413.6061275763149,192.0899422818546,356.94058912049763,178.36169327451742,392.2835280542806,169.59898114217455,431.4236422454121,82.5560406275686,321.5976501867147,110.59671945106582,451.57788014980076,95.70010882608292,359.27731235578904,101.83400731872294,404.25923463514914,89.27411992903149,337.3705320249319,99.49728408343151,381.4761830910577,105.63118257607152,427.6264669880635,206.80368048640503,250.70395447456553,86.65339463421263,258.5722032825851,234.23622362787904,264.101242985518,56.349027507482894,259.6825696544332
labeled-data,video,4009.l.png,141.10003093060988,223.17724070117532,74.548319309391,139.08464193795362,84.53444831016003,64.18867443218593,81.68126859565459,109.83954986427291,83.58338840532488,83.44763750509763,79.30361883356673,123.8676834605913,82.63232850048973,96.04918124416331,83.82115338153368,72.74821357570224,193.90633736620174,135.5181672948218,165.85007017356494,64.42643940839473,182.73138348438877,111.50390469773441,171.7941945787846,84.16093243372399,187.2489180323557,122.20332862712979,176.31172912675154,96.04918124416331,167.98995495944402,73.69927348053739,123.72876656785499,241.92100463297916,87.1783990536537,323.04230686560464,135.24357585533443,398.6927155708587,103.47876336031064,344.9851049707198,119.77912766696758,375.2870642587359,95.32858120698218,333.07330028508585,110.37507133620396,358.56874189293393,125.63054049499829,387.6168270035149,188.32424936675577,319.6986423924444,189.78710257376343,399.1106736300039,184.98058489359536,344.5671469115749,186.44343810060303,373.82421105172835,185.81650101188546,332.655342225941,185.39854295274043,358.9866999520791,188.11527033718323,386.15397379650733,81.12435493127988,248.7900561158579,192.343115109504,252.19254208689358,26.47192402152156,258.57220328258506,216.79848302632192,235.60542297809536
labeled-data,video,4009.r.png,141.6694856138798,239.58693473788628,198.35577279664503,166.40448276300157,167.54970016555978,47.33656711745792,179.77433216202218,121.9068222958785,172.43955296414472,78.87611766833089,187.84258927968736,144.64463780929853,175.8624499231542,100.63596262203396,169.750133924923,61.761632873283546,67.06322515463884,164.4485416435683,96.15784930621935,47.581059757387564,85.88915842919094,121.17334437609128,94.69089346664387,79.60959558811906,77.08742339173801,142.4442040499359,91.02350386770514,99.90248470224668,95.66886402636085,62.98409607293019,148.15452951813404,248.6989875631429,204.76511651298816,322.56232488023835,165.40727984037528,415.295857862285,187.7819404145319,346.55443079710506,175.38152612042103,380.25120877023244,196.40831557565255,333.0757196078541,181.04258481990644,362.72888422420624,170.52919009229066,398.04310754004376,95.58755588005525,331.4582742651438,106.64009905524102,415.2958578622849,102.32691147468071,357.87654819607576,105.29222793631595,389.41673237892303,99.09202078926049,343.8586885592547,103.67478259360581,372.97270472803683,106.100950607671,402.35629512060393,196.24202343009233,259.085520184403,80.42972072135694,275.838243217742,245.0434340054714,256.1720031351267,60.52068755130182,266.61210589503344
labeled-data,video,4010.r.png,128.55466336340214,227.0799826807044,185.39970938967988,160.87967227506127,176.18301352464172,44.28846958232869,176.64384831789363,118.02203650263387,174.800509144886,77.23815729984007,179.40885707740506,141.06377616522923,175.2613439381379,95.67154902991636,175.03092654151195,59.26560036301568,70.19101107670299,160.6492548784353,110.74447288287085,44.51888697895464,91.15899416966478,118.25245389925982,104.5232031739701,77.23815729984007,82.86396789113044,138.2987674057178,98.5323508616953,95.44113163329041,108.44029891661131,60.18726994951949,134.5910037882804,249.43301143081456,182.02735064001158,324.54056061272223,158.06211290762656,418.9191257031457,170.90945684663708,350.9764414103016,163.99165626409297,384.08305848390563,175.85074297702576,337.1408402452133,166.95642794232614,367.52974994710365,160.5327559728209,401.6246242467854,87.40172124306868,316.63450280410046,107.41393007114277,418.6720613966263,97.77842211688487,350.97644141030156,103.46090116683185,389.76553753385264,92.83713598649621,332.94074703438304,101.23732240815694,370.24745731881745,105.68447992550674,405.82471745761586,180.94605892139143,245.00352111290056,79.45854837159817,254.95803769792806,209.11005706439627,253.98686534816937,54.0803638633712,257.19993255799574
labeled-data,video,4011.l.png,135.95622114162717,252.31819327327844,71.00174455812788,170.98981932594225,84.07750317171275,46.87396065388597,82.24240823409008,126.83166865030229,84.07750317171275,79.38135669177326,77.78574909986361,148.0663386427932,83.2910339127316,102.18896520222644,83.55319033239199,61.29256373520695,195.49398152737484,158.02828258988768,149.87876450646849,46.61180423422559,173.73499869556318,116.86972470320781,158.52992635526107,77.28410533449022,182.91047338367653,137.58008185637794,163.24874190914792,96.94583680901881,153.8111108013742,61.03040731554657,127.91437704933004,272.86565162987387,88.16910683460137,359.29964287997666,104.2108725236786,409.57980399499485,95.59141633253262,374.14426187583916,100.38000310539151,392.10146227405994,92.23940559153141,366.48252303926495,98.225139057605,382.5242887283422,103.01372583046388,401.43920648113476,191.3631517897102,337.51157306346875,171.96937535963175,409.8192333336378,182.26483692127835,359.29964287997666,176.51853279384767,383.72143542155686,186.3351356782084,347.8070346251153,179.391684857563,370.55282179619496,172.92709271420352,398.08719574013355,86.03403813674183,268.705262459894,187.1475544263399,266.70795843442045,54.82616273871773,279.69043459999847,212.86284375431177,276.1951525554198
labeled-data,video,4011.r.png,138.87040425077308,233.1577431887591,189.68329753356198,162.08018413247697,174.25795492985822,65.29372073668856,180.6496804796947,127.03659280902943,177.13261705449202,93.50725482209737,183.93227300988383,144.38743904002925,179.0083842146001,108.27892120794854,175.25684989438392,76.85982127613806,73.02753966849315,148.60791515027245,109.13605750057384,65.37074742047604,91.316269479547,120.70587864366465,102.57087244019553,90.69360408193523,84.28214262914167,134.5396614494618,97.41251274989828,105.93421225781344,106.55687765542523,76.85982127613806,137.6761702424405,251.98470278241456,187.55388063549995,320.1195373570844,162.14448100129985,396.9123895848892,177.39012078181992,341.01171038964895,167.79101425334431,369.62081220000755,182.47200070865992,329.9068616606282,172.87289418018435,354.18695464441936,164.5913120771858,383.9253631051869,87.61024207431291,318.61379515653925,108.50241510687744,396.9123895848892,97.2093486027885,339.5059681891038,103.98518850524187,367.1739811241216,92.31568645101663,327.6482483598104,100.78548632908333,351.7401235685334,107.56132623153668,382.60783867970986,178.15968631170898,244.98727715739568,82.03943008579472,251.4785152401847,205.12329065560178,254.47447127839501,63.271802831735386,259.30596310119176
labeled-data,video,4012.l.png,140.80438047743272,235.98938616599764,74.93585400216246,156.85237953743552,77.30522545810743,30.801818081162885,80.14847120524139,109.22801327294152,80.38540835083589,64.20995560998702,78.48991118607991,131.26316781322978,79.6745969140524,85.2973615678973,77.77909974929642,46.202732544805215,202.64497547759655,142.16227651057667,151.2296148835906,30.56488093556839,178.4773866269578,102.59377319629561,161.891786435343,62.78833273642004,187.4809981595487,121.0748705526664,169.7107122399614,80.32168151041284,156.20529494107504,45.01804681683273,135.79501831069453,258.6816881832742,98.96802746167764,350.64020971158857,127.51439314937711,431.48526062866114,110.51732044983086,377.4432858916423,118.79794561114826,403.81053969478455,104.19789598461495,362.18950269974175,114.43972184203385,389.64631244516266,122.50243581489552,416.4493886252164,199.86090771667656,338.4371831580683,186.56832522087757,431.92108300557265,194.41312800528354,363.7148810189319,188.74743710543478,397.273204041113,196.59223988984076,349.98647614622155,191.36237136690343,379.4044865877439,185.6966804670547,413.8344543637478,85.03164778543845,257.1055293418285,190.89696087480286,253.68263238281907,67.18368507060336,268.10769813864465,224.39245254510985,259.0614704612625
labeled-data,video,4013.l.png,131.6296439132248,236.1686578294727,80.87614923757587,170.4756264146207,90.08545270694766,65.48956686378236,89.06219676590635,131.7965518432592,89.67615033053113,94.14073321293901,86.81103369561546,151.2384147230441,89.88080151873939,112.96864252809911,89.67615033053113,78.17794053269459,180.95058027141593,158.81050868674964,151.0715067930097,65.08026448736575,164.78313640296324,124.8384114441782,156.3924376864245,90.86631420160674,170.51336967279457,140.18725055979786,160.2808102623815,107.03375807005943,154.14127461613361,77.35933577986145,129.89602990293994,258.0872944984869,70.29559467550112,317.51034747822507,95.12910935360063,397.6871234389463,81.11591178524449,340.0378929362153,90.33978866568145,370.1928750453361,75.79444435422317,327.7985178448663,86.43737921626581,352.6320325229658,93.17790462889283,383.141779127488,174.41897407581834,327.4437533494648,157.92242503965224,397.864505686647,168.21059540629346,349.08438756895157,162.71174572757144,371.6119330269418,170.87132912180414,338.2640704592082,165.90462618618423,360.25946917409635,159.34148302125794,384.5608371090937,81.85324346635824,253.68263238281907,188.45203447551037,256.86103670189925,58.13745739322118,264.44030853970594,205.50893604148138,259.62219869382125
labeled-data,video,4014.l.png,133.3934786118718,229.83300944244456,85.8134653169037,155.92870991187243,105.06113480094652,39.71176884999362,100.4319484693413,113.77875015567739,103.11200371395485,73.09063871472611,95.5591207518621,133.27006102559415,102.137438170459,91.60738404114704,103.84292787157672,54.573893388305166,192.77203371557204,150.56859942264515,164.02235018244477,39.9554102358675,174.742571160899,110.85505352518976,167.18968819880624,67.48688683962493,181.56452996536987,130.34636439510655,169.13881928579792,86.73455632366776,165.24055711181458,54.08661061655716,120.862620835879,258.2828778514471,90.42255772415447,337.16718774463567,109.72601238037002,422.7334627111296,100.07428505226225,361.8533364876805,106.19941970279218,392.85023002218054,95.8052518109838,347.74696577736916,102.4872168842892,375.9597071979919,107.86991097111853,407.5134311552673,165.2234445169897,329.7427821076297,151.85951437037895,422.7334627111296,160.02636057108552,354.6145409915997,155.38610704795678,390.80851847200387,162.06807212126216,341.4362209859141,157.05659831628313,372.43311452041405,152.7875650750047,406.7709905915667,72.96802280737543,246.6504173712971,197.61235943636171,256.38825617043665,44.78198340177528,252.61311431463815,214.05848718601965,260.0669952723338
labeled-data,video,4014.r.png,127.73842431972992,233.7498083087774,182.2476825195792,169.80775707571098,180.7434373491791,56.12980062690272,174.94134883477867,128.11867663890797,176.01580967077876,87.93384137250503,175.58602533637873,147.8887560213094,175.15624100197869,105.98478341730635,177.73494700837887,70.74246799650379,80.81857960117185,152.61638369970973,122.29276787077487,56.12980062690272,103.38225715717348,121.02723512130746,115.63111068757436,86.21470403490491,93.9270018003728,136.49947115970858,110.68859084197402,101.90183224050605,119.49916969717466,70.52757582930377,130.81875673276278,252.99112763964922,166.1796710904697,327.0633749583041,135.8160922335339,406.91455471466577,152.9270593241828,352.39431643563734,144.53933035817843,378.8995399682111,158.63071502106575,338.47068635207006,148.39768568254044,363.6338732500832,140.34546587517627,392.65541547245834,87.83828254798895,316.6625910404589,90.69011039643046,407.08230929398593,92.19990161031123,343.5033237316728,93.37418366555184,375.04118464384925,91.3611287137108,329.0764299101453,92.70316534827148,358.60123587048065,92.3676561896313,390.4746059412972,178.48912991553055,250.01974304804435,65.78275517123119,248.33755835036817,202.78735332640773,253.75793126510246,54.194371698351304,253.94484067595516
labeled-data,video,4015.l.png,133.24745809488144,227.17788701526328,82.31598803829505,156.2361968112088,93.25896563423157,39.44095516227083,91.78587249631704,118.14621710227587,93.4694075110765,72.26988795008042,89.89189560471263,137.08598601831986,93.04852375738665,95.83937815671294,93.25896563423157,54.17188654141616,185.01162393862248,153.50045241222466,154.49755179610716,40.072280792805635,169.64936692894236,116.4626820875164,159.54815684038556,72.69077170377028,175.7521813574454,135.19200912671545,163.5465525004393,93.31407563457374,156.81241244140142,56.48674718671043,125.14044230983963,249.06911294329757,95.9920963442117,318.5918570369912,131.24583909993737,423.9591887370651,110.1723727599226,346.952409868413,122.18621805656653,384.3725837432056,103.08223455206715,331.1965471842898,115.6869246993657,363.2991174031908,126.51908029470042,401.9009809792926,180.87680655492548,303.03294263641953,172.80192692931232,423.7622404535136,172.60497864576078,336.7110991237329,171.81718551155464,381.22141120638094,175.36225461548236,317.410167335682,172.01413379510618,356.20897919533536,172.2110820786577,401.310136128638,76.06277276814075,247.40301129610367,181.85349931088277,244.97318895501604,58.49328814796803,255.0662971410726,201.10516862873158,248.33755835036828
labeled-data,video,4015.r.png,127.96319803506981,228.69323253974906,175.12429188438182,159.14666872470892,161.7639479607772,64.09736481106444,165.3903270257556,123.26460218702786,163.29084440918913,85.85563920093486,169.01670609073398,140.44218723166242,164.24515468944662,103.60581041372389,162.71825824103465,74.02219172574218,74.92171245734696,164.49080629415073,104.88705525743168,64.2882268671159,94.38964217459946,129.56305003672716,101.45153824850476,90.8180526582737,87.70947021279713,147.31322124951618,98.58860740773234,110.09512031947469,103.55102086507121,75.93081228625708,140.16297969675807,251.18850233664415,176.3922473095047,309.5854496759116,135.69635766230985,398.09073813627435,157.0368851602291,337.37776455692267,145.1258930683672,367.15524478657744,165.142977000524,323.6470375621374,149.92337599425602,350.9430611059876,140.16297969675807,383.8637198043282,89.87212419778557,304.45710585858217,91.0301373178277,397.92530769055406,93.34616355791195,330.5951162823902,93.51159400363227,363.8466358721714,92.02271999214952,317.02981973332527,93.84245489507288,346.80729996298004,92.51901132931044,379.8933891070409,174.93785110932544,244.22555131160442,77.93186687666976,244.22555131160436,211.57209563649405,262.3557641643359,64.28747988440797,244.97318895501593
labeled-data,video,4016.l.png,135.84576597330644,237.40653400769233,76.56856898570096,169.90311508505795,90.11764268834878,41.18691490990372,87.94011298613752,121.02967065764976,89.87569494365864,75.54349465590354,85.76258328392628,143.2888631691426,89.39179945427837,96.35100069925554,89.87569494365864,55.94572733600223,202.13944847988338,157.07988461648048,152.29821307371463,41.42886265459382,180.1222037130807,116.43266350853706,161.73417511663007,75.54349465590349,189.31621801130598,135.78848308374822,170.20234618078496,95.8671052098752,155.92742924406673,56.67157057007261,125.08782544235785,261.90266661931145,80.13726272478752,339.42610087135307,108.14993224443279,420.64112723063477,90.99488656961125,361.57565351479354,102.72112032202091,390.89123789581765,85.34892217030293,349.84941976238383,96.20654601512666,375.2562595592715,106.412712429261,405.22330137098504,183.71899420440613,331.3914592261835,167.86686339096343,420.64112723063477,174.81574265165065,357.232603976864,171.5584554982035,388.28540817306,178.07302980509778,343.3348454554896,172.86137035958237,370.9132100213419,170.25554063682466,403.7032340327097,76.81041041155235,252.44956538913198,193.06806396205684,260.29976064495395,48.58708937276428,262.91649239689445,205.964813310907,264.5986770945707
labeled-data,video,4016.r.png,129.2193408815953,246.95944676481793,190.12594261854434,173.19288312460708,185.0744089726709,55.629918275188444,181.63018148684807,130.94369263184726,182.08941181829113,88.92411730480896,183.69671797834178,152.06828787822715,181.8597966525696,107.2933305625306,183.46710281262025,70.32528888136576,68.20028962041683,169.28942530734122,118.94524124487292,55.400303109466925,91.1618061925689,132.09176846045486,108.84217395312601,90.30180829913809,82.43642989515111,149.54252105529042,99.19833699282214,109.58948221974583,115.50101375905011,70.32528888136576,135.17658097893587,262.81896438003287,183.344643223955,337.5249024279682,153.35320824120726,408.05021620558114,170.80277041298777,355.51976341761684,159.3514952377568,382.057639220533,176.98282368216002,345.7043846959903,164.80448341643822,368.0616362285841,156.26146860317067,394.2359794862549,82.82789446359433,339.7060976994408,93.91563709357987,407.68668366033575,89.73501282325746,359.5186214153166,91.73444182210731,385.32943212774194,86.28145364342589,348.2491125127084,90.46207791374832,371.87872795366115,92.27974063997544,396.5989410303502,181.47968048917696,263.10340180774745,75.50204453558204,263.29031121860027,214.18882738843467,267.77613707907,59.801654023938354,267.02849943565826
labeled-data,video,4017.l.png,130.80301768898445,229.67411626188186,75.84525610208179,173.54287933860405,85.81979646127053,79.07811476040487,86.01537568399972,139.90325302918325,86.99327179764568,104.89457216065807,83.47284578852025,156.33190773843526,86.79769257491648,120.14975153353495,86.01537568399971,91.39960579234389,186.9342546122622,160.8302298612067,148.4051477346116,79.07811476040489,167.9630700075307,130.5154503381821,155.64157897559167,101.76530459699103,175.39508047123994,145.1838920428714,161.3133764347382,115.26027096530521,152.12115296646624,89.83497201051038,119.2719711555184,260.25821727924495,84.60665771046236,320.02805508125346,109.48244319365276,383.7038078589798,96.34051878743898,338.95868428544236,104.00664135773036,360.2360857050266,90.55181398946385,328.6328865377029,100.4082572941242,348.8151275901027,106.9792194972311,371.9699467820032,170.1856178318784,317.8377343468845,160.48562600824442,383.86025934000617,164.709815995956,337.5506209562052,162.67594674261338,360.39253718605295,166.58723376827226,326.7554687653867,163.3017526667188,348.8151275901027,161.11143193234983,372.752204187135,78.11877628752266,246.46846424183917,178.67603932638346,250.39356186975016,53.25982464408681,261.6081265209241,195.31097689229165,258.05684771471914
labeled-data,video,4017.r.png,127.13711272981487,247.83448620565787,189.55149069424118,189.8771598309797,192.49219393497356,48.41768507128546,182.78923737131018,137.98343796663985,186.27234998390728,90.21503642245085,184.2819999195661,163.60919504503292,183.7844124034808,112.60647464628944,189.2578750804191,68.0723919566549,71.32963376820247,179.28320180171994,135.51842334320645,48.16889131324281,104.17040982983242,134.99791287012806,124.07391047324452,87.72709884202433,91.73072192769986,156.89176357788133,115.11733518370907,109.12336203369233,130.54254818235344,66.33083565035633,128.58343511550984,277.1223920610588,178.58832020290566,343.26303879007435,149.5119972447394,414.03672599044603,163.41111865880788,365.15016101682585,154.7840777811102,388.31536337360666,170.2807993577153,352.6888797490403,159.09759821995905,375.69432208956744,151.90839748854432,400.7766446413922,81.45423032067995,341.50567861128405,95.03383170224112,414.03672599044603,87.3653509220654,362.5940007567673,91.35935132840692,387.03728324357735,84.64943064575317,351.09127958650373,89.12271110085567,373.9369619107772,93.11671150719718,399.8180845438702,183.90950283026467,271.32741588527506,73.44604101620013,268.1499559007757,208.2077262411418,282.7288899473021,55.68964698517453,273.5703288155098
labeled-data,video,4018.l.png,124.74967659938817,236.52771098327162,87.87498850794046,168.3636726304402,102.8890835677052,77.98179345878715,95.90232646068597,138.48413691744304,100.65926746972033,106.0774762933964,93.6725103627011,152.9036143510785,98.72676018480013,123.17273304461366,101.99715712851125,91.36069004669632,182.77453007238597,170.45888061202578,160.77274897228986,77.07002558284078,169.79506208527891,138.32678303418754,162.98875570179592,106.35297165131405,174.86022032414996,155.73826448030678,165.0464762363373,121.86501875785663,161.0893213622193,91.79064171455977,120.66563305655814,254.04514932228602,82.173367941907,324.37417441786494,106.67411504843615,385.0001106887656,92.54594700890475,342.61560657017134,102.02433822529923,362.46657685356354,87.35965747540587,333.3160529238975,97.55339897228296,352.27283535668647,104.3492266368677,373.19683106080265,166.7635386089748,317.7571843234009,155.31793412125316,385.1789482588862,162.4714369260792,338.68118002751703,158.53701038342487,362.82425199380486,163.9021374870444,327.950925820278,161.040736365114,350.1267845152387,156.39095954197708,373.5545062010439,87.09042800846191,244.78627954416305,184.8440498845292,259.7390324123952,51.2038211247049,260.6735794666596,196.80625217911486,261.04739828836557
labeled-data,video,4019.l.png,138.6920949057647,243.35272925671018,82.3440746485636,177.50288597574578,104.88328275144403,86.24119042192598,96.26535024151916,143.91504644988476,102.01063858146908,111.43207006632176,91.4039524154077,159.6041030705172,100.02188492533257,126.23723617311578,104.2203648660652,97.28982184490658,208.29847287054247,177.7238586042054,175.3735512300603,86.02021779346637,188.85288156609664,146.56671799140008,180.45592168463133,113.19985109399866,195.9240056768042,161.8138293551133,183.54953848306593,129.33085297155034,177.3623048861968,98.17371235874504,132.9647914272063,263.2632487600913,86.4788361798008,330.2625792768145,104.51075476331397,376.0868127413388,94.75035846581602,344.3241671630404,100.87128495746728,360.7017812893505,90.94545821424902,337.5415188885079,98.0589673802221,353.0919807862165,103.18731119755154,368.80787312964543,188.21856029778795,324.96880501376484,168.86319814851234,376.08681274133886,178.7890248917306,340.18840602003286,172.83352884579966,357.55860282066476,183.75193826333975,331.586022842577,175.81127686876513,348.6253587517684,170.84836349715602,365.99555555240033,86.52969977590321,254.6924783193668,184.8440498845292,265.34631473798225,51.5776399464107,263.10340180774733,213.44118974502305,270.5797782418635
labeled-data,video,4020.l.png,124.96469993499811,236.42463299565205,57.474745920506,184.7842328699875,63.12071031981435,68.17335277658037,68.54952224222623,143.95956721345019,67.24660738084738,100.74622431105163,66.160844996365,162.41752774965056,68.33236976532976,121.81001457000971,65.2922350887791,82.93972120554068,187.33192710459807,171.32077930240604,133.0438078804793,68.39050525347686,159.75356253874574,138.96506024483125,141.7299069563383,97.05463220381156,171.69694876805187,156.98871582723868,150.19885355530084,118.55272741656259,137.82116237220177,82.93972120554068,128.97397958946837,273.97933687449404,86.36065028736058,342.67496255978847,115.56547511078792,395.02323346970536,98.85076404832321,359.3896736222532,107.48363679487092,376.65541911534854,93.34041974201617,350.7568008757055,102.70800506273815,367.6551900817137,111.52455595282942,384.73725743126556,184.44477893962596,327.4296766456723,172.6893777528376,395.02323346970536,177.46500948497035,348.55266315318266,174.8935154753604,370.41036223486725,180.22018163812388,336.4299056793072,175.81190619307824,358.1039266174482,173.60776847055544,382.3494415651992,66.5303928146428,264.41176768371764,176.05930757444284,262.3557641643358,51.2038211247049,282.54198053644905,208.20772624114184,267.4023182573642
labeled-data,video,4020.r.png,127.61725603815596,210.91209571553398,177.3623635093502,157.3576782127618,148.00826856013197,61.00454211990811,159.43619865486576,124.64242735332778,151.59350153102883,87.89378940163473,167.50297283938374,141.896361025769,155.17873450192573,105.81995425611913,149.12865386353724,74.44916576077142,56.58482780226147,165.64852945796085,88.85192454033341,61.67677330195128,79.66476505241015,127.55542914218148,86.61115393352286,89.91048294776422,70.925759685849,147.72236460347645,84.14630626603126,107.83664780224863,87.9556162976092,75.5695510641767,132.23789357546514,242.9438651902873,179.00755907457636,296.8782454041559,158.7075340494302,401.7617080340777,166.07126861737538,327.9253425014383,161.09577228768268,364.14695578160104,172.83794362575742,310.2125755677323,163.48401052593516,344.6430101692057,159.50361346218102,382.65580212805776,89.84666484648349,304.04296011891347,117.3114045863871,402.15974774045316,101.38981633137051,332.1047594183802,111.34080899075587,367.7293131389798,96.01628029530241,315.9841513101759,106.16629280787548,349.61850649889845,115.71924576088543,384.8450205131226,175.12476052017834,224.9738819937556,73.63295042705303,242.35645720307534,199.04916510934967,236.1884466449297,57.184922271997735,248.71137717207395
labeled-data,video,4021.l.png,140.61691128992766,237.96124704763506,81.00040785198554,161.9436968123552,89.07076421258033,62.23574564758742,89.33109828872854,127.05893060849388,89.85176644102498,92.43449848078079,87.50875975569102,143.98064555812812,89.59143236487677,108.57521120197035,89.59143236487677,75.7731176072948,192.42339244342318,159.60069012702118,159.88163292489583,62.23574564758739,174.4603411891961,126.01759430390098,166.1296507524531,90.35182587159503,180.96869309290156,142.41864110123876,169.77432781852815,107.27354082122923,163.2659759148227,75.51278353114655,137.4540074987989,258.7751195216827,90.3427912670202,333.6837583576526,106.76854098767868,401.011281937934,97.38239829015956,354.26107119452143,102.79748061565135,377.5459251941362,94.13334889486447,342.88939831098867,99.54843122035626,365.2717385896881,104.24150256911582,388.55659258930285,175.17908103305842,328.99068700889313,159.65584503331527,400.4697737053849,167.5979657773699,351.37302728759255,162.90489442861033,375.9214004964887,170.66651242848192,339.09884068314443,164.890424614624,363.10570565949143,161.09986698677974,387.6540788683876,86.71660918675612,255.25320655192553,185.21786870623498,254.6924783193669,52.1383681789694,262.54267357518864,204.095719202378,263.2903112186004
labeled-data,video,4021.r.png,113.68181383394158,222.60469943457244,173.84001797084815,146.21676396576663,160.63983648757008,30.44468046488528,162.37100782963935,107.04901235144975,160.63983648757008,63.120539546442444,166.0497469315365,128.03946487403945,160.42344006981142,82.81261356248021,160.42344006981142,44.72684403695662,60.0155022297947,142.10523202835213,89.22901862721336,31.310266135919907,76.89442281496993,106.18342668041512,85.5502795253162,62.25495387540782,70.83532311772754,123.278743683349,81.65514400566038,81.94702789144557,87.28145086738546,45.15963687247394,119.62881293235333,244.96230201791354,169.2689035555569,313.29801118751845,137.2499706427546,431.91848748192706,155.08602052035587,342.95313026112063,143.26695132435503,390.8740835467241,162.1774620379564,326.1915412195194,148.20947116995538,366.59126865312237,140.2584609835548,410.21437859472553,78.79930116435037,315.01714852511867,91.47793902915129,431.70359531472707,86.32052701635091,345.74672843472086,91.47793902915129,391.0889757139241,82.45246800675064,328.7702472259196,88.8992330227511,366.1614843187223,90.61837036035122,408.71013342432536,165.96619938838617,236.93608428834128,68.3994869231718,241.4219101488108,200.7313498070258,249.08519599377988,46.15726703167657,246.09464542013333
labeled-data,video,4022.l.png,121.75453296142256,223.5364465787434,72.97819928711058,158.33703435589894,90.12726479254161,41.22696860170544,85.83999841618386,117.94647217863374,89.22468239751893,71.91477003247675,82.00402323733744,138.0289304678885,88.09645440374057,93.12545631550987,89.67597359503027,54.991350125801404,182.41631468361123,153.8241223807854,149.24641166652754,41.22696860170538,166.16983157320288,117.26953538236664,154.43626043790798,70.78654203869833,173.8417819308957,135.32118328282036,158.9491724130214,90.64335472919741,151.72851325283992,54.765704527045656,118.96446080320892,241.4020898475581,74.14585058559958,307.50442363882667,104.43422644042232,421.085833094412,90.51794564226051,344.75093989273034,99.11329554700752,382.4067585230505,83.15050286676309,323.6718675072794,94.61096940642575,360.918383761183,101.77376099371492,401.2346678382106,169.10400191423307,310.36954027374236,150.48074378728123,420.6765307179955,157.84818656277866,343.11373038706427,151.70865091653081,381.79280495842573,162.75981507977696,325.718379389362,154.983069927863,359.69047663193345,149.86679022265645,400.4160630853776,76.43659158984653,236.74917487748831,175.49857934188412,245.9077360092805,50.661496608950294,244.64024609218197,199.98371216361417,250.9542901023089
labeled-data,video,4022.r.png,135.28795630940323,231.492852267393,194.59987424800872,167.1177218218334,184.71455459157448,34.26866985365609,184.23234387662646,121.30770390177227,182.54460637430842,75.0154752667631,187.12560816631455,142.2838700020108,182.54460637430842,95.75053600952762,183.50902780420446,52.351571664206546,72.35945800868768,157.71461288034715,123.95600450812495,34.26866985365609,99.12215268830235,117.20891282471416,116.96394914137878,71.64000026212702,87.54909552955004,136.01513070768664,109.9718937746326,92.37506100489155,121.06274021843689,51.14604487683651,137.02844963634223,253.21889249704174,185.18682228505662,320.77136091831534,155.98672303198998,427.98366563853017,171.02259503543476,350.40728254829344,162.3061474972059,389.63129647032326,176.90619712373922,333.62812103720285,165.57481532404174,368.2760000016625,159.0374796703701,407.7179251121481,82.1148301455005,318.8101602222138,101.29101472960397,427.76575445007444,92.57456719137511,349.3177266060148,98.24025809122386,390.2850300356904,88.43425461071641,331.8848315295571,95.18950145284379,366.96853287092824,99.76563641041392,407.9358363006038,185.36934500833914,246.21441408350802,78.79003992635144,251.8568478819662,212.53661885276736,255.2005123551266,57.68315793952643,258.33519779871443
labeled-data,video,4023.l.png,134.37792797318406,237.0722478467764,83.89918053788699,166.54578138459541,98.01603536079347,55.17948222611102,96.22341887534502,124.195216915876,98.46418948215558,83.41319187192397,92.86226296512919,146.1547688626194,97.56788123943136,102.45974202981365,98.01603536079347,67.95187468493117,177.56339190256801,164.97724195982804,150.2259904994793,56.075790468835244,158.2927646839973,124.41929397655706,152.6908381669709,83.63726893260502,165.91138474715316,146.37884592330045,155.6038399558246,104.02828145458105,151.7945299242467,69.7444911703796,132.46212396014815,255.9394219445516,87.29557628207537,317.2506079415951,102.47922422491685,407.0071090720631,95.17569736633487,341.8519615705028,100.3650453974326,375.4866247350251,92.10052816272142,328.0137001542422,97.28987619381913,358.573194115151,101.3260357735618,391.6312630539958,171.0939370805423,322.4399559726928,153.98830838544242,407.1993071472889,160.90743909357272,346.08031922547127,157.2556756642817,376.4476151111543,163.98260829718618,333.3952462605658,158.40886411563676,360.8795710178611,155.14149683679747,392.20785727967325,91.32878170070293,247.67726729051566,179.72691120988097,257.70826070999686,58.93703211696158,254.78255429598153,193.72850619124011,265.4404848041803
labeled-data,video,4023.r.png,119.86767979235375,235.28810670618748,179.87725279078603,173.86321358986766,180.16031681436354,19.31025671654684,170.81920403630568,116.40121680363299,175.34822841354585,60.920668182440906,173.08371622492575,144.42455513780655,172.51758817777073,84.13191811579678,177.89580462574344,36.860226178352505,61.27342691180906,164.52210081180982,130.34104866472165,19.59332074012435,95.24110974111034,120.64717715729564,118.73542369804372,59.22228404097584,80.5217805150798,144.14149111422904,111.94188713218347,86.11336628083934,125.52896026390397,36.860226178352505,117.47256162499225,256.8096281847757,167.83804545041733,325.7565526448237,132.38661266067638,443.60200509072126,151.45703857515772,358.7630590352722,141.67733297798782,396.41492558437636,159.76978833275214,338.4701699211446,146.07820049671426,375.6330511903903,136.78748017940285,417.6857852582209,72.48591587801063,337.4921993614275,82.26562147518055,443.60200509072115,76.64229075680785,365.60885295329103,81.04315827553431,404.48318270204146,74.68634963737387,350.2058166377484,78.59823187624184,383.70130830805533,81.28765091546356,423.06462333666434,176.59222576629307,253.31970108897383,69.80394165473288,254.573575266409,200.83379319670595,263.14171547888253,46.189311313037564,261.67886227187483
labeled-data,video,4024.l.png,125.53584313117459,237.29693923835785,69.606651256164,167.3288409007941,86.36276542114693,66.56572193569401,82.5133878427049,131.77870679400596,86.13633144594446,93.96423293519314,79.11687821466782,148.98768890939385,84.77772759472963,112.53181890179584,86.13633144594446,79.01959057182998,191.42812991509393,170.27248257842604,153.38722208107865,66.33928796049143,168.78473239484674,131.55227281880335,159.04807146114044,94.41710088559796,178.0685253781481,151.02559468621592,163.5767509651899,112.98468685220065,156.1044297835083,79.4724585222348,125.55108881327406,252.1005274372859,93.16776649648807,323.54009909371075,123.195938099326,396.9422963450923,106.51362054219382,344.9327180787391,115.9342233979861,368.6804877777155,99.84069351934095,333.54948962799006,111.22392197008996,356.51220908898375,119.85947458789956,381.4375541449342,177.56066707962734,314.11949623791844,167.94380166433936,396.74603378559664,170.69147749727878,340.6149417698343,168.14006422383503,368.48422521821976,173.04662821122685,326.2877749266502,169.1213770213134,354.1570583750357,167.94380166433936,382.22260438291687,75.23739642361852,251.8568478819662,180.56282732817107,249.97603661581346,51.831745111495735,266.2764009224704,203.96847864029385,252.0658269115387
labeled-data,video,4025.l.png,122.3897401143119,243.31694936594496,69.78262874389698,186.95218718335755,67.75927830657334,56.30155894474465,77.00888030576716,135.21222600036705,72.38407930617025,86.36276544212461,76.43078018081755,159.49243124825085,74.6964798059687,110.64297069000843,69.49357868142218,71.33216219343463,173.84065123482762,171.63253387219277,117.76493911471499,56.590609007219456,147.24804548714533,135.21222600036708,130.4831418636065,93.8780670664696,158.52099792366283,154.00048006122952,137.9984434879515,115.26777168960534,124.41309055163558,75.37886306808193,123.54541264090284,263.2148167647983,92.81273650335535,326.7290141157298,126.33929228977081,406.6339720733533,108.83097982353164,351.3151550257678,118.33017062968267,378.69517558467373,101.93941002299067,337.71827406794375,113.30118726172034,363.6082254807868,122.24160213809782,391.7332806127242,169.17878023907946,323.93513446686177,164.70857280089072,406.8202307166111,164.52231415763285,351.1288963825099,163.03224501156996,377.5776237251265,165.63986601718003,336.6007222083965,163.40476229808567,363.98074276730244,163.2185036548278,392.29205654249773,79.20799798549649,258.54417682828694,164.26246302151412,258.7531558578595,58.72805308738906,270.24700248434834,192.89259007295001,261.26090421272977
labeled-data,video,4025.r.png,129.54007316107925,242.56286149786058,173.66942199733634,170.78620977623757,167.28927517763654,48.50006239865763,166.22591737435323,123.73262698095138,164.89672012024909,82.79335155454419,168.08679353009902,146.86065920236325,164.36504121860744,102.19963146446447,165.9600779235324,63.91875054626554,81.95481146415139,169.72285197295426,123.42576579220024,48.76590184947846,103.48780698063828,129.31525544818874,115.98226116921711,85.71758551357327,94.98094455437186,148.18985645646737,110.13379325115893,105.12386542349356,119.9698529315295,65.77962670201133,134.92764433688708,261.509869991574,166.61199880729487,327.7266107948981,136.35166026814136,413.8795746357822,153.26184945178596,354.24890751450914,143.82774390722636,382.72922613959474,159.31391715961666,340.72075616759344,148.8117996666163,367.599056870018,140.26770407909063,397.68139341776475,92.02916440785185,321.8525450784743,98.25923410708933,414.057576627189,98.08123211568255,348.0188378152717,99.32724605553005,379.88119427708625,95.23320025317399,332.3546625714746,98.79324008130969,363.14900708484845,98.97124207271648,397.1473874435444,174.50243547056783,252.9017430298288,89.44797043455021,260.84294615358476,201.0427722262785,266.06742189289787,61.23580144225935,258.12621876914193
labeled-data,video,4026.r.png,129.340102090508,239.81439023251227,192.74862368753682,174.45149468667339,183.19391470409192,48.50305808671785,178.41656021236946,126.24364481565591,179.28517011995538,81.94453952877501,181.23954241202364,150.13041727426815,178.199407735473,104.52839712600841,180.15378002754127,64.35518890016053,65.28011974930595,167.28546294908966,122.60837364997538,49.15451551740726,98.07014376067369,127.32940720013826,113.48796962032343,85.41897915911859,85.0409951468852,147.30743507461398,107.40770026722213,105.17985455669782,118.48247658894235,65.87525623843584,132.475641347443,257.2039341177154,180.58033773785405,320.56650777733165,136.07819570267202,413.8090910891416,158.54118168233535,348.9631126950193,145.82628395799762,379.9026971575744,169.5607597100947,332.64566061545247,151.75990289602188,363.7971600400799,141.16415479240712,395.7963193129965,74.8347716637787,316.5401234979582,91.36413870541772,413.8090910891417,86.70200953982723,344.51289849150123,90.94030878127313,379.90269715757444,80.98030556387526,330.10268107058505,88.82115916055018,362.313755305574,91.99988359163461,396.43206419921347,172.20366614527006,254.15561720726396,82.13370439951184,252.9017430298288,204.59541572901142,265.6494638337528,53.71255637764846,256.8723445917068
labeled-data,video,4027.l.png,129.87465511640943,240.53118723159636,74.43247597880541,168.54231121959114,83.8877313356061,69.26212997318395,84.53240783720614,130.50639762518838,85.82176084040623,96.55343520758592,82.383486165206,147.91266316838966,85.60686867320624,112.88523991478712,84.96219217160618,82.80033650678493,182.73812824761328,170.26144855719124,139.54480264041015,69.47702214038395,159.52977419001158,135.2340253035887,147.06602849241068,99.34703338118611,168.34035304521223,151.7807221779899,152.43833267241106,116.96819109158739,143.41286165001043,83.87479734278499,120.11264758278983,265.1213818364224,79.13852465323521,331.54639169578854,97.54980455990733,393.097827462212,88.34416460657127,351.5821963001082,94.12025242042918,371.07649267187867,84.19260149036089,341.47404262585684,91.59321400186634,361.1488417418104,95.92527986225979,381.72615457867926,164.69682539600566,334.79544109108355,151.15911958227616,393.278330206395,157.2962128845002,352.3042072768404,152.96414702410678,374.3255420671737,160.36475953561222,343.45957281187043,154.94967721012043,364.03688564873926,151.70062781482534,384.07269025305897,74.81943836447347,258.12621876914193,173.66651935227773,262.51477839016496,55.59336764380118,265.23150577460774,194.35544327995768,271.291897632211
labeled-data,video,4027.r.png,121.32519081297339,235.1400269739406,179.46825072633905,170.2549721070403,171.27066857222286,61.275350528789545,170.54735249980084,129.74927205140727,170.78845785727484,92.37794164293632,173.1995114320149,148.55548993437972,169.58293106990482,111.6663702408568,170.78845785727484,75.98277733470391,69.04199700324429,164.46844352766414,115.57533099572746,61.51645588626355,95.32248096791095,129.74927205140727,107.61885419908526,91.4135202130403,84.71384523905468,147.5910685044837,102.55564169213113,109.73752738106475,112.44096134856538,75.01835590480789,125.01479130118165,260.26031117673176,175.64537279451366,324.6307902500387,147.6009243093595,400.8589891526389,162.84656408987954,345.7111810576713,154.1885464367447,371.873451792144,168.8695328920603,333.47702567824166,158.14111971317584,357.945336437101,150.61240871044987,386.74265602252774,81.53648526043925,324.6307902500387,96.02925394068671,400.8589891526389,90.75915623877854,348.7226654587617,93.95885841493708,373.00275844255293,86.99480073741557,335.35920342892314,92.07668066425559,360.5803852880551,95.08816506534598,387.11909157266405,170.11387584954483,254.15561720726396,76.49127060105367,254.99153332555403,198.95298193055325,262.51477839016496,52.87664025935836,258.7531558578595
labeled-data,video,4028.l.png,127.08204947162902,245.67377650060644,71.96644110748167,180.77574414109097,97.0189903639123,38.81129835465085,92.00848051262616,125.42154006973952,94.87162899907538,74.600654435266,86.99797066134005,154.29162064143577,93.91724617025898,97.9830337412679,96.06460753509589,54.32001932291742,190.30991188071582,177.91259565464173,158.57668282257038,38.81129835465085,169.7906810611631,124.46715724092311,163.1100012594483,75.55503726408242,176.47136086287793,151.90566356939473,165.9731497458975,98.93741657008431,160.96263989461139,55.03580644452972,111.81582812519493,264.82920616914294,74.46908567065874,329.7366462639251,109.41924572169528,424.0022208015779,90.04687129340645,357.6967743047543,99.23377050682177,389.0520607505414,83.45626968378242,342.3187038822982,94.24089049953083,371.8765535254605,103.6275049132378,405.8281375750389,169.73323620976973,320.5497470505097,158.54918499343805,423.6027904009946,162.5434889992708,355.4999071015463,158.94861539402132,389.0520607505414,166.3380778048119,336.926393474424,160.14690659577116,372.0762687257522,158.3494697931464,405.6284223747473,71.89373195045812,255.4094913846991,188.92198851107204,269.8290444252033,39.91994042586182,267.73925412947807,195.60931745739285,263.7686525676001
labeled-data,video,4028.r.png,132.3325390907342,233.51843611173746,180.13891001328264,169.53971661013327,168.60490503922537,69.508437107855,169.23403258326488,134.72799250661504,167.7660683138394,97.60946740828537,172.1699611221158,152.34356373972065,167.9757774951859,115.43474782273748,167.9757774951859,82.30069716999121,68.99304389964007,168.9105890660938,104.85331390989079,69.508437107855,89.33483449025013,135.77653841334754,99.8202935575749,99.91626840309681,81.5755947804298,152.13385455837417,95.62610993064499,117.11242127350943,102.96593127777233,83.55895225807018,138.86939865462415,253.83687897965785,173.058646963794,320.40535656986503,136.85826640114357,393.8116838219062,156.7684757106013,342.1255849074553,147.31615411924258,365.253605822482,164.61189149917556,328.85211203448347,151.74064507689985,353.5890387522946,142.48943671088918,378.9293051461499,83.16103523321209,306.72965724619706,86.57996006412908,393.6105705965581,86.17773361343296,333.27660299214074,87.98775264156549,362.4380206676091,84.97105426134462,317.9919978656883,87.58552619086937,346.75118909046057,87.3844129655213,376.9181728926693,180.56282732817107,242.0348334920575,75.028417394046,254.36459623683646,209.4019334091795,265.6494638337528,55.802346673373705,249.14012049752336
labeled-data,video,4029.l.png,134.4009259656376,242.25006133074857,86.28089268405658,177.71525034096464,91.00295202477248,77.42770434290321,92.57697180501111,141.96251533268713,92.57697180501111,106.88436023022619,92.12725186780007,161.07561266415627,92.3521118364056,124.19857781285114,91.45267196198351,91.14416242783987,181.39665940419107,164.2236522246335,143.96280441130608,77.32124224698148,161.13865877898422,136.11551296711053,150.34869898390437,103.08502379849871,169.28617944057515,150.64892820129973,155.41337398975818,119.8204716439287,147.0456500670432,90.09303139217806,134.47273632583233,260.08696297823843,103.06199689064364,324.82373083856635,125.08782027507473,385.15533402200805,112.63844184039628,342.6359184451062,119.72501110321323,362.5549239405917,108.04174826451502,333.2510023943487,116.2774909213023,351.82930559686883,122.59794458813904,373.4720711833098,180.24814318564998,314.67269919182854,171.05475603388746,384.7722762240179,174.1192184178083,336.1239358792745,171.2462849328825,360.2565771526512,175.84297850876376,324.82373083856635,172.20392942785776,347.04108312199253,170.4801693369023,372.51442668833454,94.04550908514575,255.2005123551266,174.0844774114228,257.2903026508518,70.0129206843054,262.0968203310199,202.50562543328616,257.49928168042436
labeled-data,video,4029.r.png,131.64367292480313,238.25196001217478,176.89852931798492,168.5285380084497,171.28068430173465,0.929495023650432,170.03227429812353,109.54116533782201,169.7201717972207,51.8022026708055,171.59278680263748,136.38198041546212,169.0959667954151,78.01881274664002,169.7201717972207,23.088772587748654,78.58624153360547,169.77694801206087,123.2168991627047,1.2415975245532245,103.86654410673161,114.22270285136388,117.59905414645446,52.73851017351389,95.12767408145345,140.43931292719842,111.98120913020422,80.20353025295957,120.7200791554824,22.464567585943076,132.79648170380955,259.21098851881834,173.55693684655927,326.55434918944826,140.64476809775516,462.76009370372986,156.08817035680937,368.5806569763827,146.46769026100512,416.9362279842411,163.68328622191802,345.54213885221986,151.5311008377442,390.60649298519775,142.16379127077687,438.70889346421916,92.54236761873375,325.7948376029374,101.65650665686411,462.5069231748929,101.65650665686411,369.08699803405665,103.68187088755975,416.1767163977302,97.8589487243098,344.782627265709,102.41601824337498,389.340640341013,102.66918877221194,437.94938187770833,171.5767290565525,252.0658269115387,85.8953269318173,258.12621876914193,201.25175125585102,260.84294615358476,60.8178433831143,263.35069450845504
labeled-data,video,4030.l.png,137.45405001083395,233.88450967416648,77.8337779959358,170.46819037742097,91.67818572973238,40.50939519887888,91.45488883080017,124.24573229845495,93.01796712332559,78.69316491628555,87.65884154895274,147.24531288847186,92.7946702243934,99.68307341591263,92.34807642652899,57.256662618794095,186.13277397805416,168.6818151859632,150.6285670478339,40.50939519887879,169.16220965920675,124.91562299525144,158.66725540939322,78.46986801735326,175.41452282930842,147.69190668633613,162.68659959017288,99.90637031484474,154.64791122861357,57.703256416658405,129.1581901236685,251.3752305154395,93.36003601171417,318.748161007039,120.30920820835395,422.72369851198494,106.43239565933794,350.121824161336,114.87915112395638,384.10995924515777,100.19788567354814,332.624973556055,110.25354694095104,365.6075425131365,117.29250982813308,402.210149526483,174.2075526016335,317.34036842960245,161.3363061793578,422.7236985119848,167.36970293979954,351.1273902880762,163.95077810888253,387.1266576253786,169.98417486932428,332.22274710535874,165.559683911667,368.02090121731305,162.54298553144613,404.82462145600766,80.04391410378659,249.76705758624092,173.03958226356016,252.0658269115387,71.89373195045812,258.33519779871443,188.29505142235448,253.94663817769143
labeled-data,video,4030.r.png,114.41173318566594,246.0588795186746,168.41302442240698,180.25579180614662,159.45803295926765,34.45016157298091,158.53957229638158,130.19968567885508,158.53957229638158,75.55127623713312,160.83572395359678,152.93158708528563,157.39149646777398,100.8089444665004,158.53957229638158,53.737835493588655,65.77504534488719,179.3373311432605,104.5800083518242,34.45016157298091,83.91464343688733,136.62891031905764,96.31386238584945,80.60280988300659,77.0261884652417,158.4423510626021,91.262328739976,106.54932360953842,101.13578086600138,56.95244781368994,124.13829282772713,264.023950446316,160.33784768313203,328.1703118999351,132.01591616413648,427.95354082778704,146.08310069343892,357.4300557208841,137.45522751546676,391.7539859723821,151.8975369655506,341.299684127284,140.26866442132723,374.4982396164378,134.64179060960626,408.8221698679357,76.68499034888025,328.73299928110725,90.0019250366199,428.14110328817776,84.18748876450822,357.2424932604935,87.9387379723222,391.94154843277283,81.37405185864773,342.8001838104097,85.87555090802451,373.18530239370295,89.43923765544778,411.07291939262416,167.81510652424703,263.35069450845504,76.28229157148114,265.02252674503524,180.77180635774357,271.70985569135604,61.444780471831876,266.903338011188
labeled-data,video,4031.l.png,134.0223199666286,234.40112904590904,86.57687616335423,163.0164469338915,105.24025355761229,52.61020234858173,100.74305418550192,121.86707267908156,103.89109374597918,83.86573798474886,95.12155497036395,143.67848963381687,102.76679390295159,102.30425541040141,104.56567365179573,65.87694049630736,193.83508118818673,162.79158696528606,169.10048464157964,52.61020234858177,177.42030347998386,122.31679261629263,172.47338417066243,83.8657379847489,183.71638260093837,143.90334960242245,174.72198385671763,103.20369528482352,170.67450442181828,68.57526011957361,124.43974524811134,249.2383062688953,83.40440319703991,307.4512333646013,118.7138835665665,409.9441574642541,100.58198824167445,336.271403828377,110.88853926845519,372.15347036605806,92.94750599961466,320.62071523215445,105.92612581111632,353.06726476090853,115.08750450158809,390.47622774700153,181.88922411961133,301.7253716830563,165.47508729918277,409.944157464254,170.62836281257313,330.7364042028836,166.42939757944023,373.1077806463155,175.3999142138605,315.085715606661,167.00198374759472,351.92209242459955,165.09336318707977,389.903641578847,82.76064148822941,241.19891737376742,174.50243547056783,252.0658269115387,61.026822412686826,259.79805100572213,194.35544327995768,247.25930923137062
labeled-data,video,4032.l.png,143.90249937696979,240.49625248303676,79.88774353249622,186.51448699902144,95.05881987106186,53.14487560476542,91.20944229261983,140.7748240081221,94.15308397025197,90.05361356276836,88.49223459019017,163.19178755316685,93.24734806944208,113.14987903342052,95.05881987106186,69.44812181934341,212.35161902594237,179.49503376774484,171.36706951429494,52.91844162956295,190.16108945610011,139.86908810731222,177.70722081996414,94.12942511641286,199.21844846419899,161.15388177634458,182.68876827441852,118.1314264878749,175.44288106793942,73.75036734819038,136.7827044811915,261.4603342700644,92.9444624906359,331.96616812226836,118.62090133250236,409.67716001535086,105.44184422782754,354.0070050042245,113.39472351513132,380.1378940910797,99.9884412879621,341.73684838952727,109.53189643272663,366.27716161892175,116.34865010755843,393.99862656323774,185.6523124683484,328.7850164073468,174.06383122113434,409.67716001535086,180.19890952848297,354.9159054942021,176.79053269106706,381.0467945810573,182.2439356309325,340.8279478995497,177.92665830353903,367.18606210889936,175.1999568336063,394.9075270532153,92.37367684856557,256.2454075029892,187.45913530406438,263.9776315971726,66.87823524071752,267.9482331590506,210.2378495274696,265.02252674503524
labeled-data,video,4032.r.png,135.42838401588023,232.88535222634346,188.16549025691234,183.93107639078625,168.1387410514571,71.33624196900466,173.47920750624516,146.1027723360375,170.14141597200262,106.71683223197556,177.92959621856855,164.57188549217955,170.58645484323495,124.51838708126908,168.8062993583056,87.58016076898501,68.45003389541327,186.3787901825641,100.0477937529093,71.33624196900466,86.47410818032297,152.55583596890642,94.9298467337374,108.94202658813725,79.7985251118379,168.79975476888677,92.0370940707272,128.96877579359247,96.93252165428294,88.02519964021735,139.93100508306674,251.95714850241689,181.61583329273378,312.62187721605994,154.65373164222572,391.91174193827766,170.26336943988827,335.85895166485307,161.39425705485274,364.59487579236816,175.7622191186103,322.377900839599,165.11928425656765,350.0495314809099,158.02399434853922,377.8985443699215,93.98900292858264,305.5265873080316,104.98670228602671,392.0891241859784,100.55214609350894,329.2958084999268,104.27717329522386,361.04723083835404,98.24617687339969,315.9921399223735,102.50335081821676,344.72806404988864,104.63193779062529,376.83425088371723,174.0844774114228,245.3784979652179,89.86592849369526,255.82744944384416,201.25175125585102,258.33519779871443,73.77454321661085,257.0813236212793
labeled-data,video,4033.l.png,128.65011581955585,222.35222831835674,67.77144847717308,162.6960241756201,84.88593327222044,36.53782197212816,84.39694799236194,122.35473858729421,85.86390383193744,73.70070324137386,78.52912463406,142.1586424215633,86.59738175172518,97.17199667458166,84.6414406322912,52.429843567529275,186.59487148278762,157.56167873710612,138.18532877679652,36.537821972128256,161.90111484993358,121.62126066750662,146.2535858944617,75.65664436080795,171.68082044710349,140.20270130212947,151.63242397290514,97.90547459436954,142.09721101566447,53.407814127246375,117.24852649924901,243.7669611184307,93.80786428285738,323.591918936413,134.565051740187,427.0687161078716,111.96909807213379,355.90202091035826,124.42854916012574,389.9015399809804,102.88848117749558,337.9519642581664,118.09323504758746,372.16266046587316,128.86326903890253,407.0068880848337,171.73222786707822,304.5859765987982,174.68870778626277,426.857538970787,169.40927935914752,341.7531527256894,170.04281077040136,382.72151732010366,169.62045649623215,321.2689704284823,169.40927935914752,360.5479179262196,172.15458214124746,403.6280538914799,70.0129206843054,243.7066657286377,168.86000167210966,245.3784979652179,53.71255637764846,257.2903026508518,195.40033842782032,239.94504319633228
labeled-data,video,4033.r.png,122.35155413700666,249.77435666334648,175.23338110437854,192.88002361093416,166.76720000392785,47.810866376184855,162.64851730641132,144.59990976782362,163.79259583349923,93.3451917542844,164.2502272443344,167.25266460416458,163.1061487172465,115.99794659062539,164.2502272443344,67.71783274751482,91.2580172161246,173.65950435585714,122.83458456375143,47.353234965349785,105.9022223628501,133.38794020236205,115.5124819903887,86.70953629717454,99.95301402199287,152.1508280466041,111.39379929287215,107.76058119559244,120.0887960987404,64.28559716625114,123.54778251447796,271.967901224669,157.34294686686422,339.39337546918597,138.7143928579879,414.89671826622464,148.27595155280937,361.6487276036843,143.16546328488755,387.2011689432934,152.5621675194535,349.7792064652852,145.80313464897625,373.51824874208336,140.69264638105443,399.73010792271464,86.12582003646972,332.30463367819766,97.33592333384664,414.89671826622464,91.4011627646471,356.0436759549958,94.36854304924688,385.38776988048244,88.92834586081395,342.5256102140413,92.71999844669145,370.386013997228,95.35766981078012,399.73010792271464,165.30617681486422,267.8165977217294,84.33656922186644,269.0179272112398,186.93010762605053,275.9856382503998,58.62811814634489,273.58297927137914
labeled-data,video,4034.l.png,127.5471654081932,240.5872039045682,86.37139240935227,181.99996118050316,93.24236712728961,55.5368288220606,93.46180369645866,138.48385196795857,94.33954997313482,93.71879185747396,91.92574771227537,158.2331431931724,93.90067683479674,113.6875196518568,93.02293055812058,72.43344464807686,168.07023721393304,175.12975901918873,139.54348322195756,55.317392252891594,154.02629678711435,135.192303430423,144.59052431284553,88.89118733575506,158.4150281704952,152.96666553311545,148.54038255788828,108.85991513013792,142.3961586211551,70.67795209472456,126.87455454443538,257.4258977787943,96.97976616186685,311.04364726494947,125.91020653209446,407.4784484990415,110.09489912970336,338.04539161049524,119.159770445708,370.254615222682,104.88741986306239,323.1944322204451,114.91663919140797,352.89635100054545,122.43855368766714,387.6128794448186,172.9703895343314,303.3288631662221,163.71264861585854,407.8641877039779,165.83421424300857,333.22365154879066,164.48412702573128,371.41183283749115,167.95577987015858,316.63686573652683,164.2912574232631,351.7391333857363,163.90551821832673,388.5772274571595,86.01843050718094,250.51745307278037,164.58537912115798,253.88117564340934,66.7971586750153,263.01127976368804,188.611968911365,255.32277103082177
labeled-data,video,4035.l.png,122.35682228986889,236.38768456256906,70.53875449188295,175.1907809640427,88.5930134079233,43.18366707143599,86.4827753528017,131.34472359651613,88.5930134079233,82.80924832871935,82.027828347545,151.74369146269157,87.42065893285574,104.61504156497588,88.35854251290979,60.53451330243581,178.62983709311155,169.56347948371842,136.89401778070658,43.652608861463015,155.65168938178746,130.17236912144858,144.39708642113894,80.93348116861127,163.85817070726034,150.57133698762402,148.61756253138213,103.20821619489482,140.41108120590923,60.300042407422296,114.63185100445637,257.5723335886933,83.40530062538858,333.8599819831247,115.81766937328172,420.0294501177674,97.43748465648866,357.9716221492404,107.91221358111267,388.01235415948275,90.91548362794919,343.9394381181403,102.1807581317901,370.4227150219066,111.86494147719719,401.6492654009744,158.9024034406031,321.01361632085,153.96149357049742,420.0294501177674,154.3567663601059,351.25198472589665,153.36858438608476,384.2572626582024,155.74022112373547,334.0576183779289,152.57803880686785,366.86525991543056,153.17094799128054,401.45162900617015,64.15423379809252,251.47851666438865,179.0013329952822,258.2059618056466,45.41349376173102,267.8165977217294,185.96904403444228,254.60197333711557
labeled-data,video,4035.r.png,128.82764929926867,230.23336479118444,176.1039260832721,169.84866580798007,157.40830753687075,52.30265034957153,164.06996472007123,129.01915403997708,159.3423370416709,86.470504934374,166.6486707264714,148.14455692077848,159.98701354327093,106.02569214957542,157.8380918712708,68.20467072237268,79.83223517766511,165.55082246397973,111.85116809046744,52.30265034957153,98.31296155686645,130.09361487597715,107.76821691366715,85.82582843277396,90.14705920326587,147.2849882519784,104.75972657286692,104.95123131357535,109.70224641846728,66.70042555197257,137.06107537853967,250.7440843410102,172.30139780892932,323.9038180415266,143.6557555994313,410.0468284269235,161.37895869307755,346.98519881464733,152.1051896324487,376.0430085379511,166.32496885874627,334.62017340047555,156.02078101360314,361.4110617978478,147.5713469805857,391.29320654876295,97.6990778100928,312.1570438980634,107.38501438452738,409.6346609131178,104.29375803098442,341.0087698644643,107.59109814143024,375.01258975343677,101.40858543434435,324.934236826041,105.94242808620733,356.46505163217904,106.97284687072165,391.4992903056658,184.52744864702981,241.62761485040375,85.05736691557264,251.23825076648657,202.30712509178306,257.24489821403836,72.08300842886084,255.32277103082177
labeled-data,video,4036.l.png,137.46971467782006,238.04952358043218,87.68844113128517,172.9593848298314,83.31816555737063,33.353359552005706,89.14519965592334,124.40076734189202,86.47447569408669,75.84214985395266,89.63078583080275,146.49493829890443,87.20285495640576,97.93632081096507,84.28933790712941,52.77680654718145,185.534055369483,159.84855810808776,139.40336875594062,33.110566464566006,162.22591897527212,115.17463001918354,149.35788534096818,70.01511575539993,171.4520562979806,137.02600788875628,154.69933326464152,91.38090745009325,144.01643741729484,50.10608258534479,143.59018189910898,263.4509702795471,107.6886125449948,335.70855923276446,132.68337601937807,428.8708594554656,117.45929281225371,362.52112368710283,125.86662234454627,393.19651522384595,112.68756523987145,347.5242656024729,121.3221198946584,376.15463103676643,129.2749991819622,410.011174288431,190.398557132954,326.39232921049387,177.21950002827919,429.32530970045417,183.1273532131334,358.4310714822034,177.4467251507736,393.8781905913288,186.08127980556054,340.70751192764067,180.17342662070632,376.1546310367661,176.0833744158072,411.3745250233971,96.34986411696997,253.16037794970313,187.89117121765884,256.043568724528,76.16752869319605,263.2515456615901,220.5673333323404,260.8488866825694
labeled-data,video,4036.r.png,131.95879019267852,230.68183519531317,182.54815391548556,168.7721696995725,171.98555811571012,0.28588547876405546,172.50080669130892,109.2609592179108,171.47030954011132,49.749748736249096,174.30417670590472,139.40300089044075,172.24318240350954,78.34604468198263,171.47030954011132,23.729695668509574,72.54258302514123,159.7553196265935,115.56583908764125,0.8011340543628691,95.47114463928794,113.38294782270123,108.86760760485681,53.61411305324013,85.14171894743018,134.29942349421617,102.94224898547057,80.66466327217726,113.50484478524605,26.8211871221024,130.03404123822872,254.27045572554093,159.24402403934764,336.69242269924075,114.8629648996631,462.58971291181524,144.072947700782,374.2804625828511,125.95822968458423,418.8879556977381,150.86596695685617,353.6749708394262,136.82706049430288,398.0560299791107,119.61807837891502,441.0784852675804,79.08639681767252,321.5213463606751,75.23701923923049,462.58971291181524,83.38864234651949,361.3737259963102,82.03003849530465,414.1328422184862,81.12430259449476,339.6360643768729,84.52081222253184,386.5078972437846,78.4070948920651,437.9084096147458,170.59202656870974,241.62761485040375,78.81045357011882,247.15373050215138,198.22260482744787,255.8033028266259,48.29668453655586,249.31612358327
labeled-data,video,4037.r.png,129.61882063855532,245.17030891155127,174.89454221582508,182.92568497958308,170.69277756250665,0.5690990255631236,170.13254227539753,129.70333270421625,169.85242463184298,56.032392449366434,171.53313049317035,155.47415591123598,169.5723069882884,93.2880390421232,169.85242463184298,26.05980458902828,75.17266111040095,178.44380268271007,123.07277815823109,0.2889813820085614,100.10313138675698,121.29980339757942,115.22948413870334,51.55051015249344,89.73877857523819,149.87180304014473,108.78677833694842,84.32427444837721,119.15113114846721,23.81886344059178,130.43006593280174,265.5371863285759,162.13955388671093,332.06058763048327,111.36002422625495,462.8899435242347,142.8477675091578,366.43101163646884,126.21691718368095,415.43658392887403,151.9392990204185,346.0305019038839,134.19972533990983,390.15769143414917,118.23410902745205,439.16326372655436,78.76355758832031,321.19509875117194,72.55470680014228,462.8899435242348,82.75496166643475,358.8916928222528,81.64623831140295,412.77564787679785,81.64623831140295,338.9346724316806,82.9767063374411,383.727095974965,76.54611087825671,439.16326372655453,166.9880381001787,258.4462277035487,73.52460381627327,258.92675949935284,194.13808456311267,269.738724904946,54.78386377991177,258.2059618056466
labeled-data,video,4038.l.png,125.83060314137822,231.06146491911534,70.5049778291288,182.04006644124934,83.9990561205807,12.99606748106099,89.39668743716148,127.32771264136255,87.67925929097669,60.59336181818224,84.9804436326863,156.27864424847755,89.64203431518787,89.78964030332361,85.4711373887391,34.341245869357635,182.13780733113998,167.31925375966546,129.3882285554644,12.99606748106099,151.4694475778402,120.21265317859701,136.01259426217712,57.89454615989186,164.71817899126572,145.7287284933424,143.1276537249427,87.58151840108604,133.06843172586034,33.60520523527843,128.68315219302448,250.21947099673437,91.59803383037281,323.5420478737486,133.76911128275955,449.63145030676424,108.97506072030102,358.50801661567726,122.96144821707252,401.95058384049776,101.1342071236261,339.8594999533153,115.75633950661447,378.42802305047303,128.0474073068076,424.62548478223334,175.09252888685714,302.77438159066355,174.66869896271254,449.4195353446919,168.523165062616,345.5812039292672,169.15890994883287,398.7718594094133,169.37082491090516,321.63481321509784,166.6159304039653,370.7990844158703,170.85422964541124,422.7182501235827,79.7715171617271,249.07585768536794,181.644257872205,250.99798486858452,56.465725065226266,257.7254300098425,201.8265932959789,249.07585768536794
labeled-data,video,4038.r.png,130.54280814293872,228.37400368076496,196.31387834601577,177.57919057890234,181.55235877754885,0.7143172307896055,174.99168341378578,122.08681146040638,176.63185225472657,52.92635866740403,180.45891288358834,150.24304322988954,174.1715989933154,86.0030969597095,178.54538256915745,24.49676542443073,70.02087759357667,155.7102726996921,129.61367881442456,0.9876787042797268,103.6443388328624,104.59167715703818,119.77266576877994,45.54559888317057,90.24962663184614,130.56101713860033,112.3919059845465,74.248553599634,124.69317229160225,20.396343322078803,128.86118355714535,248.02086445786315,167.50482672705553,326.5962722366805,118.8138363329687,462.87952048256386,145.60676226410644,364.2094182553931,131.43742643513937,411.86991149828236,154.88123662488488,343.3418509436416,138.3932822057232,387.65322844513867,124.99681924015435,436.8594674148243,78.88207172406152,308.5625720907225,75.2753316948699,462.6218961947645,83.00406032885193,351.8434524410219,80.94306602645673,407.2326743178932,83.00406032885193,328.6572665390758,82.48881175325313,375.80251120636626,79.13969601186092,435.31372168802795,181.16372607640085,251.47851666438865,71.84274253095877,247.87452819585758,206.87217715192241,261.32941847837355,50.464900309435784,244.72805147825687
labeled-data,video,4039.l.png,140.5108180457808,226.565978512243,70.58578140453422,167.66940738361535,101.53089968930173,1.4727807335277525,90.86016924627846,113.51545038527222,100.46382664499941,49.224299466056934,83.92419445831332,139.39197170960367,98.06291229531918,79.90264948974888,100.46382664499941,22.28070509742315,199.16808324296477,163.66788346748163,156.21839320979606,1.7395489946033393,180.22753670659844,115.3828282128013,164.7549775642147,51.09167729358602,187.96381627779033,139.65873997067925,171.42418409110422,81.50325905620238,159.9531488648542,24.14808292495223,128.39043814556666,251.97870137959052,85.26024998555478,316.67398361960886,116.58098186365866,460.4412774863149,100.15043399317794,359.8041717796206,110.16279910175213,412.1765431167778,93.47552392079514,335.41507728437585,104.77152558175064,385.4769028272467,113.24352682746726,434.51181912821255,174.08789941034118,318.2143474824654,159.45444271319428,460.69800479679066,166.12935278557708,361.08780833200115,161.2515338865281,413.7169069796348,169.21008051129223,338.23907769961386,163.30535237033823,386.76053937962735,159.1473288929163,436.37970370621997,78.63033685416468,242.30772995410774,180.6580599754574,252.6877216364228,51.79426079744748,251.92821004991205,202.4307254554355,255.47259745362928
labeled-data,video,4039.r.png,125.52542954756974,242.8303457678662,188.40869003942117,169.39061186256617,169.13494160414203,21.172771782813857,174.29270526992096,119.17028143261346,169.40640284970934,63.249264845747206,178.63608519899796,142.51594855140232,170.7637090775459,88.76662192907453,169.13494160414203,40.989442709227625,61.90774960505382,172.37668556380663,106.15593263252566,21.715694273948486,80.63857554919834,126.22827381736359,98.28355651107361,67.3211835292569,73.30912191888092,147.67371221718125,90.13971914405425,95.55315306825733,103.44132017685254,41.53236520036226,131.85627734195225,267.8553961474958,192.4497894195723,321.41757917856603,162.25643527850565,441.7773881518591,174.04425162125085,358.02185097972216,167.63333396116136,399.5894138725605,182.1095996452344,337.1346676355596,170.32178330248922,377.2546039599906,165.56529600629378,419.8561858302628,82.0165626296436,332.7917879303378,109.31466363389563,441.77738815185916,95.45880933628288,361.7443192984839,103.1105497692929,400.83023664548114,89.25469547168012,344.78640806856976,99.59488524601804,379.94305330131857,106.00580290610753,420.8902048076966,187.74683478289214,259.01698485734664,75.59229050812122,271.42234077035755,211.29169396472892,269.14380601082485,55.84498925883875,274.713557645238
labeled-data,video,4040.l.png,140.00981503566686,248.82793340245127,92.16717382051924,177.92268565282222,101.24500830749598,40.52843395803919,102.22639581960156,133.02420697399134,102.47174269762796,82.97344385660608,99.03688640525839,153.3879978501824,103.94382396578635,104.07327536687635,101.73570206354877,58.684102931992655,196.19425010371205,180.37615443308613,156.93874961948833,40.528433958039145,177.30254049567938,136.45906326636086,165.2805434723859,85.18156575884362,184.90829371449774,157.5588947766311,169.94213415488744,108.24417229332505,159.39221839975232,59.91083732212461,135.70525988101716,273.47666216220114,98.08903455796266,341.8128048324168,115.85225207162728,421.85177315869385,107.07513282958124,365.63641420368464,112.7175666280394,390.71389775238765,102.89555223813073,351.843798251898,110.0008392435966,377.33923985974604,114.38939886461961,404.92447176331933,180.84473026868253,341.81280483241676,162.66355469587285,421.6427941291213,172.276590056209,365.84539323325714,166.42517722817828,394.057562225548,176.24719161808696,352.261756311043,170.18679976048375,378.3841350076086,164.12640790288052,407.01426205904454,90.7825222383385,264.5867364917598,190.02536954242473,274.9667281740748,65.71863988347998,272.4350228857054,210.53218237821807,278.2579450489552
labeled-data,video,4040.r.png,140.20352816377007,236.9308798657602,187.89819561194116,169.16667413494284,178.6898192234329,11.20760223976229,180.57871694415252,119.58310896605208,179.16204365361278,61.735616269012866,183.17595131014204,144.6110037655874,179.39815586870276,89.12463321944776,179.16204365361278,35.99938482420767,83.77270875727059,159.2499611011647,124.38400975274301,11.915938885032157,105.02280811536663,111.55529365299358,116.59230665477446,59.13838190302336,95.81443172685834,133.98595408653938,111.63395013788539,81.56904233656917,120.13398988112381,33.16603824312819,140.9965388452431,262.4571771403683,181.61274662126397,333.5355407484048,160.85335153574218,450.87125210135395,171.2330490785031,373.0235205306473,165.5919091096113,410.9319811216001,175.7459610536165,351.36154305010285,169.4278842884577,391.9777508261237,162.88416192454324,429.88621141707654,97.6725838841542,331.9560215571151,115.7242317846079,451.0968977001096,110.30873741447178,370.09012774682355,114.82164938958522,407.99858833777637,103.53936945180163,348.87944146379044,112.56519340202851,387.2391932522546,115.49858618585222,428.5323378245425,178.88586627359874,253.19406269409671,84.45325901741464,261.29551961687935,204.2029191572942,261.0423490880423,69.0098567583604,266.1057596647815
labeled-data,video,4041.l.png,133.51217186328847,217.39819514008266,93.14947176309306,165.0706303929363,121.5258860632489,0.7998283434102547,112.67452747420947,113.26414923944078,118.40187714947028,50.00296873542361,107.20751187509687,139.8182250065591,116.05887046413632,79.42071934017234,119.96388160635959,22.407556663712416,191.55575254711974,159.86394886997192,168.12568569378007,1.5808305718549107,175.4150398259302,111.44181070640323,168.9066879222247,52.60630949690578,181.142389501191,136.17354794048404,172.03069683600333,82.02406010165451,168.12568569378007,25.791899653639252,123.69338647418422,233.92527420986573,93.08754708169187,304.9680385042833,132.19710525974392,462.82328419395714,109.52489762029344,352.57967454712934,122.27801441748434,408.1265832637829,102.72323532845832,324.8062201888025,114.34274174367667,378.3693107370042,127.94606632734695,433.91621945365785,169.60624786483717,290.7979087296268,162.5211829775089,462.82328419395714,154.86931289919437,336.1423240085277,155.43611809018063,397.3572846350439,161.10417000004324,310.91949300963904,153.73570251722185,365.89959653530644,158.55354664060508,429.948583116754,93.567398055545,230.9150561564448,187.74683478289214,245.3457763001511,62.680593537436536,237.7506604350426,209.2663297340333,245.852117357825
labeled-data,video,4041.r.png,126.87460667378971,247.45312648430752,175.90952297475562,184.04148079667095,184.38152422047224,27.694548716627793,173.59897718046926,130.89892752808487,178.47679607951824,73.13528267092605,172.82879524904047,154.77456740237716,176.16625028523188,100.0916502709335,181.3007964947571,48.232733554728696,80.92041809853893,177.8800253452407,134.8331532985538,28.208003337580337,107.10660376711759,126.02110862903592,122.253515085217,73.13528267092607,96.58078403759087,151.9505669871383,115.5786050128342,98.03783178712344,129.18515246807604,47.97600624425246,129.68470138684884,266.1482840553814,177.50830971151197,320.4637849128042,154.786685846853,435.58667916040963,161.71137121513004,359.4151401093624,157.3834428599569,396.6353239638514,168.20326374788974,335.8279305736688,158.8982177842675,376.2940606945377,156.08506435340496,415.2454158910959,92.46451753235986,333.231173560565,114.10415930822553,435.5866791604097,104.14992409132732,363.31027562901835,111.94019513063897,401.3960451545419,98.52361722960225,346.21495862608447,108.04505961098315,380.62198904971086,113.23857363719091,418.4913621574758,173.82245569685963,265.0930775494336,84.45325901741464,268.1311238954771,196.8609738210225,268.131123895477,62.93376406627348,278.5111155777923
labeled-data,video,4042.r.png,131.3034658126065,246.32405350274257,180.27089169703876,176.32943885617175,191.21655160061772,7.8238850773901625,179.98284801536562,119.8728772482381,183.72741587711633,60.53587882357313,179.11871697034624,146.084852280493,181.7111101054044,87.3239412191743,186.89589637552078,30.291292247894376,80.89582151980858,172.58487099442107,135.9121647193766,7.8238850773901625,106.53170918871723,122.7533140649694,123.81433008910508,58.80761673353434,96.16213664848452,145.50876491714675,115.74910700225743,87.3239412191743,130.72737844926024,30.00324856622124,133.00824964284269,267.3621481481406,179.9131846524813,338.15385561639147,166.6668835617963,455.6333456173844,171.44423805351877,376.806996503964,169.4898657614505,415.0258324377436,174.91867768386237,355.308901291213,171.00993309972583,394.179194655682,167.96979842317518,434.5695553584263,95.22371866285603,339.0224655239773,119.97910102905418,455.85049809428085,111.29300195319519,377.89275888844634,117.59042378319296,419.5860344525695,103.69266526181855,355.52605376810936,115.20174653733173,396.78502437843963,118.89333864457181,436.95823260428756,178.88586627359874,264.58673649175967,88.75715800764286,270.15648812617275,205.215601272642,268.8906354819879,63.44010512394739,284.8403787987162
labeled-data,video,4043.l.png,124.9884159732738,239.5452247397267,68.53567360297775,145.0654385643877,66.41806242018022,38.24371889882327,69.00625386582165,108.12488793114184,67.12393281444606,69.77259650936432,69.94741439150944,126.47751818205381,67.59451307728996,88.12522676027626,66.65335255160217,52.83170704698405,162.88701630317894,145.30072869580965,121.24066304149412,39.18487942451106,143.35793539515726,109.7719188510955,129.9463979041062,70.71375703505211,153.24012091487907,129.06570962769524,136.29923145249882,89.53696754880795,125.94646566993308,53.77286757267184,135.7610956565547,266.6117146437898,99.69111646495746,344.204111741993,129.2601110348133,423.47418229096826,110.80570307632172,369.159504322226,119.82319787422102,396.42169789727035,105.77268272400583,355.5284075347038,115.20959588459812,382.5808919284017,124.22709068249742,410.05279468479256,187.34955426779254,326.16912214619447,185.25246245432757,423.6838914723148,184.83304409163458,351.12451472642744,184.4136257289416,386.98478473667814,185.46217163567408,337.9128363015982,183.7844981849021,368.32066759684005,183.99420736624862,404.39064678843727,91.54203382484937,266.35893019361845,185.7214705521965,258.5106437996727,67.99717464301258,280.5364798084879,209.01315920519633,263.5740543764118
labeled-data,video,4043.r.png,131.36147995083738,246.0762633705527,180.9770597293347,179.0559539204712,177.47224174772953,37.69496199573079,173.2664601698034,130.22215671010633,173.96742376612443,80.45374137131343,174.20107829823144,151.71837366395116,173.2664601698034,101.71630379305125,175.13569642665948,55.68636096797048,88.68351954706617,159.42897322348244,121.16149950994041,38.39592559205182,104.80568226244979,119.47404823318391,116.25475433569322,72.27583274756812,98.96431895977457,138.40006533385164,111.11435462933903,95.64128595826901,119.05860872097733,54.98539737164945,140.24080125657676,268.36224823442404,178.0621301888942,341.6746820416176,145.79748939355233,424.8457560918323,161.39206577796756,370.3543627485882,152.07116954820214,397.4208114157917,169.27897797238447,353.6842983376615,156.73161766308485,382.3639790446321,148.66545746424936,410.505915738347,95.60804815635379,336.4764899134792,98.47601622705085,424.6665080874137,99.01376024030654,364.4391786027755,99.73075225798081,393.47735531858325,98.47601622705085,349.7408422404531,98.47601622705085,377.1657869164937,99.55150425356226,407.27945165881283,183.18976526382696,266.35893019361833,88.50398747880591,270.66282918384667,203.19023704194638,281.2959913949986,66.47815146999085,273.1945344722162
labeled-data,video,4044.l.png,141.60590166015,227.54218403450972,82.45919227675606,157.68788071101858,85.51850483106954,20.018815766911963,89.8525309496803,107.71910899056506,88.06793195966411,55.455852854376445,88.57781738538301,131.42878128649454,88.56769504011757,80.10267810836586,85.7859906169047,36.9862595485662,188.43088383346003,142.6910276306557,147.81799925455195,19.739692124646346,167.8462711016847,102.35631349406891,155.05043075490545,57.292701838020236,175.0787026020382,120.99373312959521,159.22298738972478,77.87731456979556,150.87787412008612,38.377111760172646,140.07644399053308,254.70002867126496,97.54379514592468,338.24630318746,118.55694903939191,444.07158424130705,109.18963947242459,374.1965182823076,114.25305004916368,407.3618575599486,103.61988783801159,353.68970544651427,111.97451528963109,390.1462615990357,116.78475533753323,425.0837945785355,185.90030971002187,333.9424041972318,168.431543220272,443.56524318363313,177.54568225840237,369.8926192920793,173.24178326817415,407.3618575599486,181.3432401909567,352.1706822734925,175.01397697003281,387.61455631066616,170.20373692213067,424.8306240496985,92.04837488252328,246.358458415499,187.74683478289214,250.15601634805324,60.90839983557785,256.73845009781417,217.6209571856528,258.25747327083576
labeled-data,video,4044.r.png,131.60241822466728,201.23879952409058,202.4538033177357,139.07417428917614,188.06635730266817,18.545381257289655,186.34293991940072,93.88383742033432,185.85053171887432,54.98358957874913,189.5435932228223,117.02702284507487,185.85053171887432,73.69510119875213,186.58914401966393,36.272077958746124,56.59337908069568,135.2461262645515,113.46652624149428,18.791586840059114,88.10750391438494,99.54653172638785,107.55762783517754,56.70701828059151,75.30489070069868,117.27322694533808,99.43289252649203,76.8957545021737,111.7430975396519,36.51828205900933,131.15578003104295,228.8987364533213,173.85056851935084,333.03236691260884,151.2015038944558,444.71568558019464,163.17687139727389,364.7931242026915,156.40818541742019,402.8018993203315,167.34221661564538,347.611075176909,158.75119210275415,381.975173228474,153.28417650364156,422.58728910759606,77.52696034450989,314.8089815822335,94.1883412179959,444.71568558019464,86.11798485740111,357.24343599439317,90.28333007577261,399.15722225425634,83.77497817206714,334.0737032172017,88.7213256188833,377.289159857806,92.62633676110659,421.8062868791514,182.4302536773161,223.573110820173,73.56692627742558,226.3579866373796,217.36778665681584,235.47212567550986,44.95865651884971,235.97846673318392
labeled-data,video,4045.l.png,124.21144443297153,234.6617557200906,68.3334830182798,170.35226270082055,89.60063908394586,11.646110560787415,88.27144182984173,117.18437253665533,91.19567578887082,62.15560621674435,82.68881336260439,145.3633543236629,90.92983633805,88.47371184800613,91.19567578887082,35.305821683840925,185.56868083026404,162.9087580778374,149.68035496945254,11.646110560787415,164.5673642154188,112.13342297105964,154.99714398586906,58.43385390525279,172.27670828922274,135.79313409411316,158.7188962973606,82.62524392994796,151.80707057601913,34.50830333137845,124.42560714147406,264.193595685727,93.32239139543742,330.3876189401127,132.38590556983974,450.2733663502827,112.01229673091309,366.5489853827388,124.0341295686152,410.01349417480805,104.67218305795791,348.6049029247117,118.39244355061291,389.30762625854476,128.34661833251334,430.3354075387208,190.35379094503887,309.9179812269091,177.11351387901155,450.96749375271725,180.6137601389453,356.2255801999896,177.74858373068113,404.4900842030929,185.3471747787062,333.8803421795383,179.02608550977132,379.48645167443334,176.68522592739782,427.38172527668775,77.11131368114295,249.64967529037943,168.25270406244664,253.70040375177064,54.579136614653976,267.3716123089663,206.48145391682678,243.57358259829243
labeled-data,video,4046.l.png,125.12463537666069,233.11132307147426,63.3987540497356,171.07872176419477,71.46911041033039,16.44028053215281,75.37412155255366,116.66889984921704,73.55178301951614,64.8624186957215,72.77078079107147,142.70230746403894,74.59311932410901,89.33382185365406,72.51044671492326,37.52734070015853,199.55347587525404,164.04970170819288,136.03196129508865,16.700614608301027,165.7100459759856,122.13591544832963,149.04866510249957,64.8624186957215,178.46641570724833,142.44197338789073,156.0776851585015,95.06117152891488,143.32131542723877,39.8703473854925,128.4608548542948,254.7228973193197,84.40796057829164,338.3159503601258,111.69926581269361,446.19181829453356,97.7312749446926,372.69869711212823,105.89717729829319,407.7261203657308,91.71429426309216,353.7881863985269,102.02911828869291,389.24539398652945,108.90566763909341,427.0664154137322,185.62217132949897,325.63731249532486,167.57122928469767,445.7620339601335,175.0924551366982,360.44984358172735,169.93504312389783,401.2793553497303,179.60519064789852,341.32444070092595,172.298856963098,380.0050307969288,168.0010136190977,422.12389556813184,68.50351570068649,251.42186899223813,180.6580599754574,254.71308586711842,46.73085022070839,257.751132213162,213.06388766658762,258.25747327083576
labeled-data,video,4046.r.png,135.45547253622348,238.60875984866723,201.29419028674582,170.91977114709715,168.42201232938396,0.48167199001931493,176.70911601611382,113.46251891910333,170.63190664584525,48.82311016261027,185.8249300715167,141.6386714539849,171.7368538040759,77.27549948704953,168.97448590849928,23.133088733747652,55.71740218985761,172.30095509488547,102.12518283554492,0.7579087795769777,83.34108114562386,120.09220186848724,96.04797346527634,56.0052666911095,72.0153727737597,146.0584600869075,91.62818483235374,87.77249749024071,99.63905172952596,26.724166997997262,135.29613565442662,265.7703188688564,187.7274195865029,350.44684241915957,141.85004614593615,462.9119464534632,168.32784453163467,382.6920820373865,154.69571070929484,418.60751153085874,177.7654756394084,364.60328908082016,161.77393404012514,399.20793647599055,148.4039566374457,439.8421815233496,75.0001591325389,337.0768650164801,81.81622604370881,462.6497900338028,83.91347740099187,375.87601512621654,84.43779024031262,417.03457301289643,80.7676003650673,353.8548758747445,84.17563382065225,396.0620594400659,83.38916456167111,438.79355584470807,201.67121386892464,255.21942692479234,71.03522098905603,264.5867364917598,222.17802670471798,272.4350228857052,40.907928057458435,262.8145427899011
labeled-data,video,4047.l.png,132.78453219881249,231.06783192071362,82.81830197172216,169.55026862898666,96.51871999844236,0.5784462994374913,97.86189823635611,112.59951134144384,97.59326258877336,51.08194804499431,94.10099917019762,141.343525632798,97.59326258877336,80.36323363151396,96.51871999844236,23.412476343971157,185.9743906434978,167.93845474349018,143.52995832542345,1.1157175946029945,159.6480971803884,110.98769745594736,147.82812868674745,48.93286286433232,168.80162729706183,137.05199463776069,152.39493469565417,77.13960586052097,144.60450091575444,23.94974763913666,124.32131303001563,250.13607620738844,98.51617654446298,325.79773852425143,136.34700770289453,462.3394801225641,111.79454774576678,363.879104988368,125.32345425275554,412.4829542912536,105.78170040932733,342.3330686994599,119.31060691631609,388.6821002511807,131.336301589195,436.28380833132644,170.92087988742136,309.76347896041324,171.92302111016127,462.5900154282493,164.40696193961196,354.60929867802406,165.91017377372182,406.97117756618434,167.66392091351668,330.30737402658133,163.65535602255704,379.16175863515184,168.16499152488663,434.5300611915318,85.21277060392549,244.8394352424773,173.82245569685963,247.11797000200983,55.338648201164844,260.5360080303685,194.83560959032687,250.4091868768902
labeled-data,video,4047.r.png,128.72168257173908,226.58077905220998,179.5524497797569,172.0985724739894,156.81463426633684,0.7092318835865643,158.77057538577083,113.4203388909699,156.08115634654908,49.60775986943616,164.63839874407276,142.27047040262116,156.81463426633684,77.96890610122894,156.32564898647834,22.958062117148135,61.46250469393011,172.0985724739894,104.49320932147776,2.176187723162054,91.53509940522761,117.57671376976711,101.55929764232678,52.78616418851639,78.82148212890672,145.44887472170137,97.15843012360031,83.83672945953089,103.75973140169,22.469076837289638,131.17491410823968,245.11225832622893,172.17655845730403,321.0350701841239,129.43191231119155,462.97517233235607,154.98577685506314,357.50740412401336,141.51192100465812,409.77667250920524,163.11655193720412,336.5996967699366,148.0165410703709,381.6674215109465,135.23960879843509,435.56284491256656,88.0811133220175,308.258137912188,95.97958054466872,462.975172332356,98.53496699905588,349.14432118238255,99.92881415599433,408.8474410712462,94.12111766875078,326.8427666713673,100.16112201548408,379.34434291604896,98.53496699905588,435.56284491256645,177.11367257174004,241.04187730992288,74.32643786393645,247.37114053084684,203.94974862845723,254.2067448094445,62.427423008599575,252.43455110758595
labeled-data,video,4048.l.png,121.85714721538008,236.33539008023516,77.20156376296671,149.28002901331595,105.11470609915344,0.40993655365337744,89.96185740236636,98.23885445571734,99.26623818109528,44.27344593908966,85.44258673841233,120.83520777548755,94.74696751714123,70.3257121195306,102.19047214012436,21.94293207014028,183.80318354211795,145.55827670182438,169.97953209943498,0.4099365536533819,174.23296331256822,96.11213884915074,171.57456880435996,44.805124840731324,177.42303672241812,119.50601052138343,172.63792660764324,68.19899651296402,170.51121100107665,20.34789536521533,117.04545912435435,252.66829222861904,78.35776144712506,332.6228674282263,123.37617328971916,462.2852723706979,96.88096215319243,370.3726815254016,113.29392480413819,418.2047441081578,87.03318456262497,348.566888289145,104.61850168863828,391.9440038666446,119.62463896950297,440.71395002945485,175.4287119827186,318.7890846224292,170.27035229242134,462.7542141607249,166.75328886721869,360.9938457248611,166.9877597622322,410.936146362739,170.27035229242134,337.077814433483,165.81540528716462,384.20646433119873,167.92564334228624,435.5555903391577,75.33911997928426,247.6243110596838,176.35416098522919,262.3082017322271,44.95865651884971,263.574054376412,195.59512117683775,250.6623574057272
labeled-data,video,4049.l.png,134.82065441738595,215.08141528045672,73.71505553172787,156.8289961093041,68.95975600755214,22.49178455133985,77.28153017485967,108.08717598650291,73.95282050793665,61.96077060199838,77.51929515106845,132.5769685360079,75.85494031760695,85.49950324666821,71.09964079343122,41.03745269562518,180.23376487326414,135.66791322672213,129.35205996458387,23.20507947996621,157.17056218101186,98.57657693815146,141.0025437988144,58.86982591128415,166.6811612293633,115.93342020139286,147.8977281088692,77.89102400798706,133.8695945125508,39.61086283837246,135.0071899260695,243.11746341813418,94.74028119510571,311.7301565847106,145.33883098204046,440.7432128477327,117.78778816611788,348.8180988369141,133.1527928134593,393.0587156663282,106.92631936368686,327.88990285174214,124.94046274332854,368.1568115827059,138.98089802451986,414.7816532711903,186.13556745946428,313.31963982409076,186.13556745946428,440.4782989745027,182.95660098070397,353.0567208085945,181.63203161455385,394.11837115924834,183.48642872716403,331.0688693305024,181.63203161455385,373.1901751740764,182.4267732342439,416.1062226373404,83.81400846918098,240.77477150837623,183.88390825875675,238.8343579390493,61.91505532963394,251.5856471089121,211.88130404475996,235.78513661582127
labeled-data,video,4049.r.png,140.91632317941438,238.65398106802104,189.08403072668253,167.76644354386357,167.77516908575555,6.503083224255706,174.87812296606455,111.205884867329,169.35360328137978,53.329964361107585,178.56113608918773,136.46083199731652,171.19510984294138,79.6372009548446,168.03824145169293,28.864234328932163,82.80279488798502,159.08505546793035,109.63617621359677,6.7661555901930726,98.32406447828986,107.78594411014319,106.47930782234833,50.43616833579651,91.48418296391823,131.72552941044387,103.84858416297463,76.21726019765877,108.5838867498473,25.97043830362109,158.04364690644275,253.14923014899526,190.87320232284853,333.4242389411655,136.45708992031294,456.64750173698985,167.9374855250856,370.52613376107615,151.07298787967167,412.35008792170265,180.52964376699464,347.81527693191873,159.6176666866814,390.3138109983618,144.1023288529006,433.2620650020159,100.25463497482438,326.00385997718337,97.55631535155817,456.8723617055954,105.65127422135684,370.0764138238651,102.7280946294851,413.92410770194124,103.85239447251269,346.9158370574966,104.52697437832924,391.6629708099949,100.4794949434299,435.06094475086,192.4771683514904,254.35766649366496,96.00662807972938,266.9749805097404,232.6536451886211,274.3626285691291,75.35399135433636,257.2814668075456
labeled-data,video,4050.l.png,140.24049710411057,238.72871418174427,90.06004287880226,173.71846731055663,91.4606310965751,0.8858812373917804,98.46357218543913,113.77329158988033,97.06298396766634,53.54799822564946,97.34310161122089,141.78505594533655,97.62321925477545,81.83988022466025,94.26180753212071,23.855528008865875,183.61933582602603,159.43246748927396,138.24027757018698,0.6057635938372172,162.6105125594339,105.0896446396889,150.28533624303316,46.54505713678541,170.45380657896163,131.98093842092686,155.32745382701526,73.43635091802338,144.40286572838735,20.774233929765693,134.84064290386834,261.0228679179626,98.82619677350473,329.7346401403669,132.47127144792336,462.65637881887994,114.22711123714707,368.59233201786446,124.41540849771046,413.84732682641345,108.54061974287913,346.08330318638724,118.72891700344252,389.44280083018026,128.44333997281691,437.30410424026877,181.7541977315788,318.12472000623654,169.19652901507047,462.8933159644745,171.56590047101542,362.668903378002,168.24878043269248,413.610389680819,175.1199576549329,338.5013145273633,169.19652901507047,387.3103665198298,168.01184328709797,437.77797853145773,95.90340404180718,253.82501332748208,184.15394138140775,256.5265603888984,68.21254666228967,261.4793966681617,201.93912620239868,262.6050412770852
labeled-data,video,4050.r.png,128.26593379614758,225.18164813183523,179.97163445954837,156.84615783321345,174.06273605323162,6.6616566726630335,171.84689915086284,104.8970926776788,170.61587864954686,50.73219061977537,173.07791965217882,129.76370680426174,170.86208274981004,75.59880474635831,172.09310325112605,26.11178059345563,80.01276975269023,151.4296676274231,119.89783399532821,6.90786077292623,99.46289367348282,100.46541887294124,110.5420781853267,49.008761917932986,92.5691788661133,124.59342069873459,104.87938387927316,72.64435554319994,114.97375199006426,25.373168292666037,135.4879417007079,247.79306338848187,171.30463111018128,314.9515948023345,128.8362754591204,455.6600020799456,151.86128755909317,354.605782307843,139.0696141702194,403.72580812111823,160.5596254635273,332.3482706112028,145.2096173968788,377.88662787559326,133.69711134689243,427.0066536888684,88.41458755027932,310.60242585011696,89.6937548891667,455.91583554772285,92.50792303471891,351.7916141622905,92.76375650249639,404.4933085244504,90.97292222805407,329.53410246565016,92.76375650249639,375.5841266655957,91.22875569583154,428.0299875599781,178.8239221740784,241.43418678786392,90.11462737468909,244.1281783869777,197.87429133924013,249.70858955657053,67.60055472495253,247.78430984291782
labeled-data,video,4051.l.png,136.3744344569468,207.65155402959164,67.23650548939405,126.19450317327494,97.90860488590839,9.79137185699523,90.36628536217535,83.2032818879967,97.15437293353509,42.223345809047245,83.0753764892334,105.07600850682248,94.38885577483298,61.330555269170915,97.65719423511729,24.876010904461285,196.96440129760217,133.736822697008,165.78948059950562,9.53996120620413,181.1255302977628,94.51676117359624,172.07474686928316,47.502969475660365,186.90797526595813,114.88102388767541,175.84590663114966,69.12428544369504,168.80640840899883,27.138706761581194,127.47129982817276,237.1566784232679,83.95232491976742,311.0314815085239,129.8890206564175,453.4083747273809,104.09999848847357,349.9836504080225,118.06905216277653,400.75578780116206,94.96638647066013,327.95552730623706,111.08452532562505,373.6235873953045,124.66126287463607,426.1116881615074,178.40741716555632,300.2670342120355,169.8866853877275,453.64020621295435,171.19756719970118,339.2657681182521,168.90352402874728,395.6336860331197,172.83616946466827,317.96393867368,169.55896493473412,367.44972707568587,168.90352402874728,423.48992453756006,77.32926889622425,223.21672961906398,176.95679115522708,228.84678615949895,47.46549072522096,237.41426350363935,208.28927972808302,227.13329069067083
labeled-data,video,4051.r.png,142.22057468836735,222.00353030778192,195.6104293557992,162.35006140562345,184.57453760889987,31.112429820874787,186.06587433145384,114.32901893938586,184.57453760889987,70.48371929629937,187.258943709497,137.59387181122767,185.17107229792146,92.55550279009802,183.9780029198783,49.306737836033115,84.35670985327363,158.77085327149393,127.30720746282773,31.410697165385578,107.62156272511544,117.3116923844938,119.55225650554712,73.4663927414073,98.07700770077008,136.6990697776953,114.48171164886367,94.34510685716276,124.02626667320902,51.39460924760866,141.71346355630422,245.58744171513518,192.48372327633027,315.31193173063764,153.22138909284345,431.0681238922971,172.85255618458686,350.51264513652234,161.79592184555895,391.1288529125432,181.2014433385467,330.4301868472676,167.21141621569507,369.0155842344874,157.95994666671254,408.95485521424126,101.09725578028338,305.3835253853881,111.70259892179993,431.0681238922971,109.89743413175455,344.8715051676306,112.15389011931126,386.39029533867415,106.28710455166382,322.30694529206346,111.0256621255329,365.179609055641,111.92824452055561,407.1496904241959,179.40464182498144,240.5964693743199,89.81330731197153,242.79953497709892,211.96105573271456,251.3670123212391,71.45442728881376,243.77867524500067
labeled-data,video,4052.l.png,129.28316531445694,213.08196293631005,67.79897263660695,144.73151523859863,81.53148267632977,0.8522623224115549,84.6525076853577,96.97983260047147,84.9646101862605,46.10712495331639,80.59517517362141,121.32382767088924,84.6525076853577,70.45112002373415,83.09199518084375,21.76312988289861,188.89474298689018,130.99900519887578,139.27044534334627,0.22805732060596995,165.7991579200836,89.80147507970725,148.63352037043003,42.98609994428847,174.85013044626456,111.02444514109709,155.18767288938866,65.45748000928948,143.01567535417976,20.51471987928744,122.66784003075942,236.40308567544088,75.07763563234246,307.0401186190032,124.16438733888573,461.78311027926463,99.62101148561409,349.54206216979065,113.38924672037625,406.11155041696554,89.74379925198039,326.1959241630201,107.70236694949624,378.2757704858159,119.07612649125626,432.75009250161406,176.24423366168168,302.8497861562495,168.76149712105007,461.78311027926463,166.36702142804796,348.0455148616643,163.97254573504586,404.31569364721395,169.9587349675511,324.1007579316432,164.27185519667108,372.5888907149359,165.76840250479745,433.3487114248645,77.57405396319969,225.9093653557938,189.19604450399893,234.72162776690942,45.99678032336834,243.53389017802527,208.28927972808302,241.82039470919705
labeled-data,video,4052.r.png,133.13627139257557,190.72124484716937,183.01276993814213,129.59808486485738,182.76827729821292,6.373794340516373,177.87842449962795,89.0123066366022,179.58987297913268,45.981602009054555,178.85639505934495,107.59374727122506,178.61190241941569,65.78550584332363,181.05682881870814,24.22175705535148,85.21571396644293,117.86243814825346,131.9138081929293,6.373794340516373,106.24208100035827,82.41100535851251,121.88960995583015,42.803197689974326,97.68483860283459,99.03650487370138,115.0438160378112,61.87362360445567,127.75743331413209,23.73277177549298,139.38754325561243,201.23145693759673,177.4442355315188,271.78177901618824,135.16318515516193,457.192014740657,158.02627165496972,323.1454253993181,143.9325881961841,389.542334138486,166.4824817302411,295.27125144749766,150.8228334427015,354.4647219743973,139.547886675673,421.48801664506675,98.83280112807009,262.38599004366455,99.14599409382086,456.56562880915544,109.16816899784621,319.07391684455786,106.66262527183986,386.41040448097806,104.47027451158434,287.75462026947866,108.85497603209541,349.4536345223847,102.90430968283036,416.79012215880493,171.57151968176748,203.1443541270781,85.40717610641367,206.08177493078338,202.41443812067251,209.26398080146396,72.67835262369096,209.75355093541495
labeled-data,video,4053.l.png,125.12778820431492,209.92707793075783,72.3220557543994,137.97606934202773,90.35151830907242,35.15940450321671,82.79863534697967,101.9171442326817,87.91510445033282,66.83278466683149,78.16944901537443,119.94660678735471,86.2096147492151,84.37496444975659,89.37695276557658,49.7778876556543,183.1788863270511,150.8890627933476,151.5055061634363,35.40304588909068,164.41849961475617,115.31742045574947,153.69827863630195,70.48740545494087,170.9968170333531,131.3977519234308,156.62197526678946,91.19692325422746,151.74914754931027,52.214301514393895,117.12405771369656,221.74218694748592,85.64973516055295,296.4653987643018,135.91807765550172,426.66493450572307,103.31158522634577,333.8270046727096,121.42630324254354,380.47240356441876,94.48066019344935,312.08934305327233,111.01034038322982,353.9796284657296,128.2193224986177,400.6250273574388,169.20387201026512,289.2195115578224,178.26123101836401,426.66493450572284,165.80736238222804,324.31677771420556,168.07170213425275,374.58512020915435,166.48666430783547,303.9377199459831,166.26023033263297,346.5073072840478,171.24177778708736,399.9457254318312,64.11087527955065,221.9928042841868,170.83716448084115,229.3363562934498,43.54892965361397,232.27377709715518,190.37766173027967,221.96019150641055
labeled-data,video,4053.r.png,150.42039921007097,244.47987348467862,196.99352781992596,167.01059425254928,178.59843292622128,19.849835102911847,185.90236766342755,119.39976041001954,181.03307783862337,64.75550793166151,188.87804477858566,141.85259682439437,183.19720664964746,88.83144095430441,179.9510134331113,40.409058807640605,90.95121607974603,162.14130442774513,116.65024571065698,20.12035120428986,107.72321436518266,118.58821210588552,114.2156007982549,67.1901528440636,101.23082793211042,138.33588750648022,112.32198808860882,89.91350535981645,116.37972960927897,41.22060711177464,152.76158523938983,256.5768847587937,198.30502362663555,327.18010981844736,154.50487474703561,443.1088620768911,181.96168449245647,357.6876762022483,167.57954605437885,398.21915725501253,190.24230965377387,339.60104756042347,174.55270408496193,376.8638607863518,161.04221040070723,418.92072015830604,103.51365664839683,325.6547314992574,110.70472586743564,443.1088620768911,110.92263705589136,356.8160314484255,112.66592656353713,400.6161803280255,107.87188041751126,339.38313637196785,112.01219299816997,375.33848246716184,112.44801537508141,419.1386313467618,204.46070931233444,255.5115106653301,90.28147300971652,266.1328349725506,230.7726263461301,264.44307883276525,72.90112414335609,259.61520414766545
labeled-data,video,4054.r.png,125.97127116670244,215.779967397237,171.01083047751916,132.38360119165534,158.69127293443776,0.2503075433116564,159.41595278991315,88.17813000765737,158.2081530307875,40.590819498107635,162.55623216363978,109.43540576826842,158.44971298261265,62.08965521054381,158.2081530307875,18.850423833846328,78.73492888032119,131.4173613843549,105.06496362925988,0.9749873987870732,94.19476579712922,92.28464918868455,101.92468425553324,44.21421877548456,88.63888690515134,111.60944533469461,99.50908473728198,65.22993458427048,102.89092406283375,21.266023352097626,131.07178599081192,234.36434364329315,161.69472518683878,314.4357994099537,123.03953964431307,462.7813491218543,143.62217090721637,361.62524669563436,133.07984757743662,412.83081715456456,151.15240185705903,336.0224614661693,139.35504003563886,386.9770242267714,127.80868591254676,435.6725177024207,82.6273002134907,307.1565761584389,83.12931561014688,463.03235682018226,88.40047727503675,356.3540850307444,87.64745418005249,408.0616708863307,86.89443108506822,328.49223051632646,88.90249267169293,382.20787795853755,86.14140799008395,434.41747921078013,172.56882887944064,229.9185402722979,71.76100407993472,236.60721111207556,200.5179177456544,237.56273551775809,55.27820808191125,237.56273551775809
labeled-data,video,4055.l.png,133.95911823442975,217.50899722552518,93.58313100261444,131.16675033794436,99.64948471128243,5.289910883083569,98.13289628411543,89.46056859085193,99.1439552355601,44.46844525156434,97.37460207053194,108.16515919257824,98.63842575983776,65.19515375617998,99.39671997342127,21.46685410619821,180.53420082685565,128.13357348361038,161.32408074940702,5.037146145222402,170.423611312409,89.46056859085193,165.3683165551857,44.21568051370317,173.96231764246534,107.91239445471707,167.64319919593618,65.44791849404113,163.09343391443517,22.983442533365206,130.1739580230644,239.28516085447473,87.70042357784358,313.00359420192694,138.47338429396962,456.7789493067261,106.98438461906451,354.9889271018004,123.33913638820127,405.5177870452527,96.73215216676985,331.06705137977946,114.30740779927501,376.46979509708444,130.1739580230644,429.1955619946,177.04130637641148,306.9010748850849,184.85253110196933,456.7789493067261,170.45058551422204,349.3746093303057,174.84439942234835,398.68296541038956,171.67108937759048,325.6968343809584,171.42698860491677,373.5405858250003,178.50591101245357,426.99865504053685,76.77750720976796,235.89056780781368,184.7517650518928,246.16245516890075,60.05583011032386,250.22343389305146,206.72882638259077,248.0735039802658
labeled-data,video,4055.r.png,121.87169062757654,222.34730729449382,167.60828242579777,151.09451165094913,170.2561903720106,19.18055214871103,165.68253119218846,105.11720094852673,168.33043913840126,57.9362957250985,164.7196555753838,127.50405903923503,167.36756352159662,80.56387272000796,169.29331475520593,36.03087544279254,90.57823308142515,149.40947932154097,118.50162596876024,19.421271052912196,102.37345938728221,103.67288752331974,111.2800588427253,58.17701462929967,98.04051911166125,125.09686999722338,106.94711856710434,80.08243491160563,114.89084240574276,37.47518886799953,123.56852126536572,247.64441986403585,160.62058805057003,311.94768415577767,131.69607139889442,443.1837142530497,147.71212607378916,349.2387965331446,137.91125679512223,398.7212341108045,153.44922028569178,329.15896679148545,141.97503186188658,374.57762930238107,133.84748172835788,420.2353374054393,86.99454566448662,313.1429121165905,93.68782224503965,442.7056230687243,94.16591342936485,351.8682980469331,94.88305020585273,397.2869605578287,92.01450309990139,329.87610356797313,94.40495902152747,374.09953811805565,93.92686783720225,419.9962918132765,173.0465910822819,246.16245516890075,70.32771747141095,249.02902838594832,188.09610047178163,254.28441261720218,54.32268367622874,250.94007719731337
labeled-data,video,4056.l.png,135.2674775712441,241.49975039270012,82.21592306521877,180.57077944374652,86.35283377241944,0.47726665694377957,93.79927304538066,125.6877640615509,92.69609685679382,59.772986793486794,91.31712662106025,150.50922830475494,94.35086113967408,89.55874388533165,89.93815638532669,27.780877324468236,185.0871026509422,173.40013421793202,132.13464559877357,0.2014726097970687,160.8172265020316,122.65402954293705,142.89061343749532,59.22139869919337,171.02160624645992,146.64811164470098,149.5096705690164,90.38612602677179,135.71996821168082,28.056671371614947,127.67295416707316,256.63282055857013,97.57982710940465,328.249797354727,131.17215498773228,462.6191088680375,109.94367000906689,363.70836567073945,121.84095279930796,411.99733699583544,104.5782287507229,344.57940118446953,115.30911126741091,385.6366908135367,126.2732738388095,435.09206241218567,168.73024379614026,310.98707330614195,165.93088313961294,463.0856689774587,161.0320019906902,355.07700364644694,157.99936127945227,407.33173590162323,163.36480253779627,330.582597901833,158.9324814982947,381.4376498287457,161.4985621001114,432.29270175565836,88.96044338222009,252.61224490725778,169.7022556623931,257.628748037091,68.89443086288716,261.9286078626624,187.37945716751972,260.9730834569798
labeled-data,video,4056.r.png,148.04831889196728,224.47275001550514,199.5231073908168,163.27158490166124,175.42193986780813,0.31482721768223243,184.1860007852658,112.60435772260895,177.61295509717255,52.077562011416745,188.56803124399465,138.89654047498203,179.25621651919587,79.19137547480149,175.42193986780813,22.22497951132647,84.220930945514,142.73081712636977,122.28982055572084,0.5887041213527784,106.95271395016988,101.1015277684457,116.8122824823098,46.87390084167623,97.36702232170055,121.09454173639608,112.97800583092206,73.16608359404933,120.37268223002698,21.677225703985354,156.46246749705807,245.53922318706466,201.0178909884081,313.11494881561225,153.24457580046055,462.87067777264997,179.4827696342556,354.4524806103648,165.3735521953281,409.4041695830299,190.8691556376006,329.2044072985998,173.5420465020756,379.70055392212987,160.42294958517806,433.4145922422574,113.63975491926051,309.15446672749226,117.35270687687301,462.87067777264997,123.29343000905303,351.7296491747823,123.04589987854553,408.4140490609999,119.82800818194802,327.71922651555474,124.03602040057552,378.4629032695923,120.32306844296302,434.6522428947949,189.05162487746412,232.78511348934546,90.87149219358514,244.9680496617976,224.40602788771739,247.11797957458327,77.97191271687112,252.37336380583713
labeled-data,video,4057.l.png,143.02608346575573,233.3861549545905,90.27421866517727,163.9474757783189,108.03760171027001,20.494700580827534,106.15360653882078,117.38588082678794,109.38331254701946,65.17230036090928,101.57818969387264,138.91725421477912,108.57588604496979,86.97281591625037,108.3067438776199,40.41122096471939,197.12365910308358,162.06348060686966,158.36718700469942,19.956416246127752,175.32314354774252,114.96360132063893,165.63402552314648,64.3648738588596,183.3974085682392,137.57154337802967,168.79055913749133,87.6072927443543,161.34411986453011,40.72230472941332,134.01164033953714,257.89278821543235,90.42712277803997,313.96025012706707,116.23931279018878,441.96332354796897,103.75636844005125,348.44702858592166,112.21938155878856,396.6862033627243,98.04383458490355,328.98209841282585,109.8920529511358,370.8740133505755,113.91198418253602,418.2668868155045,177.38458257306584,327.71264644501514,158.76595371184376,441.9633235479689,167.86369281448637,361.9878495759013,162.1511589593387,401.5524359059982,171.2488980619813,343.36922071467916,164.69006289495988,381.02962909306024,160.45855633559123,421.8636673909678,89.19932448364072,248.79014728452768,189.76826818172603,258.82315354419416,65.78897654441897,260.0175590512973,204.5788964698051,264.31741887686866
labeled-data,video,4057.r.png,135.4442310726189,238.47643796726132,173.0953861857148,175.92553475306974,165.06313983921595,21.053784884638752,162.05104745927886,123.46492580249911,162.30205515760696,70.25129375694422,164.81213214088785,147.0596494453395,161.5490320626227,93.34400200312841,163.05507825259124,44.146493130822954,94.52997660902288,173.66646546811694,127.91400048665874,21.806807979623027,112.60253088864529,123.46492580249912,120.88578493347224,67.74121677366334,106.32733843044306,148.06368023865184,117.1206694585509,92.33997120981607,124.65090040839358,42.389439242526336,142.27477014016893,256.0943266288748,172.84637800986337,309.01483404469076,146.70238231440052,441.84319927163904,161.67192823680264,344.8574087884705,154.2925746130833,391.03107860545725,166.73205643592448,324.61689599198314,157.87683208746125,366.15211495977485,151.12999448863215,414.6450102013592,106.43219539638922,311.12322079432477,115.28741974485243,441.84319927163904,115.07658106988903,344.4357314385436,116.97412914455971,394.6153360798352,110.85980757062082,325.2494120168733,116.7632904695963,369.31469508422595,116.55245179463289,416.7533969509932,175.67428319790884,248.0735039802658,98.03792523620405,254.04553151578153,196.45693902150367,257.628748037091,86.5716323680138,258.1065102399323
labeled-data,video,4058.l.png,135.52198403770473,231.8781829845228,83.83903870464432,160.58936054707934,93.16346532737892,0.5200368568022036,94.71753643116801,105.67884821319785,94.71753643116801,45.58809886668605,91.3503823729583,131.5800332763495,95.23556013243105,73.04335503362678,94.45852458053649,20.981973056692,185.11267230156722,153.5960405800284,148.85101321315494,1.038060558065233,168.27690201051865,102.05268230435662,158.17543983588953,48.95525292489576,175.2702219775696,126.9178199649822,163.09666499788833,73.3023668842583,152.47717912199616,22.01802045921806,130.78543474342416,252.04434910174078,89.33201773419286,323.3240051785897,115.11402099603184,462.5973757400923,102.4757841029735,364.5246574499598,111.32254992811433,413.05548711930373,96.15666565644435,340.512007353149,106.52001990875218,386.7679543817424,112.83913835528132,435.29878405108633,169.71120437404375,327.36824098436836,152.01767272376213,462.85014047795346,157.83126169456892,365.0301869256821,152.01767272376213,413.05548711930373,163.1393211896534,345.06177263464997,154.03979062665144,387.5262485953259,151.00661377231745,436.8153724782533,83.22729694812497,247.35686067600392,178.06309421211515,255.2399370228847,59.5780679074826,252.85112600867842,200.5179177456544,259.0620346456148
labeled-data,video,4058.r.png,143.5196616151961,253.6037000361659,197.68189155551252,192.82675210711918,202.01069345049723,8.131204587770847,195.37319721152065,129.0490708543442,197.68189155551252,65.84856318756721,194.21885003952474,159.0620973262383,196.2389575905176,95.57300286646233,199.99058589950437,33.815429164680225,90.0390177668923,180.9946935941609,152.66235184767135,8.41979138076983,117.45476310179556,131.35776519833604,137.6558386117243,68.44584432455804,106.19987817483528,154.73329543125357,128.99823482175486,97.5931104174552,145.15909522969784,38.144231059664946,143.87739426064957,272.3934493853644,186.68134332975825,349.6658416522291,161.224257830762,453.74702307290397,176.0929980337156,378.5021862882603,167.98277610483183,415.44875285317517,180.14810899815745,362.95759425789976,172.26317101174268,395.39848197343474,164.37823302532794,433.9220361356326,102.4251488463548,350.792261364574,118.42030876165332,453.97230701537296,112.5629262574595,376.69991474850826,118.19502481918433,417.701592277865,107.83196346561064,362.50702637296166,116.84332116437037,396.29961774331065,118.42030876165332,434.3726040205705,179.83391582275348,271.07872527170775,92.97006360059093,272.84245831175167,208.27411109346153,275.04712461180657,74.89179994014086,280.1178571019328
labeled-data,video,4059.l.png,130.74100516147587,234.31049930181572,82.01274908578233,169.50447756842243,99.63485638321406,60.58711559754919,96.23782365117903,135.95877933957647,99.42254183746186,95.19438655515609,91.77921819038305,152.94394299975164,98.36096910870093,114.9396393101097,98.99791274595749,76.7230210747156,180.73901286055047,169.92910665992673,152.92580736701365,60.37480105179698,164.39079283763186,134.6848920650633,156.74746919055303,94.98207200940388,170.33560011869315,152.09468481674284,159.7198728310837,113.45343748984436,154.41200918727895,76.72302107471558,127.02246827904068,251.92722884283145,86.95511586914057,316.68062776120087,116.5783716793037,402.1323272135944,100.24760245062402,339.6576402806222,110.12202105401173,371.74950074163223,93.60135915988229,327.1247243609379,105.18481175231787,353.7096975239047,113.35019636665771,386.7510213121636,173.16638598333324,320.0986957392965,160.63347006364884,402.13232721359435,165.38078669989292,340.9868889387705,161.01325539454837,372.8888567343308,168.6089620125389,329.78322167723445,161.7728260563474,356.1783021747516,160.8233627290986,386.371235981264,80.40346569027808,245.50459619107107,172.11758377256137,253.44139487126867,61.884268769817034,256.5279276913455,195.48704655314316,258.5121273613949
labeled-data,video,4059.r.png,142.77281542501782,231.79518361613367,191.38361281632194,158.51949294768613,170.036218572168,16.116753294610465,174.2015637905395,111.13869108871033,170.036218572168,60.63388031595588,178.88757716120742,134.30842386590177,171.33788895290908,84.58461532159201,168.47421411527867,37.20381346261619,88.29131866162729,164.50717669909517,119.79174187556175,16.377087370758684,107.29570622044726,114.78336815478539,115.10572850489382,62.456218848993416,100.26668616444535,139.25477131271793,111.46105143881876,86.66728793077776,116.92806703793136,38.245149767209064,149.66458156881416,251.30166831205054,190.6524923393952,316.6412201875063,150.38789764123618,446.8381132234694,174.25732803116279,352.08370773618515,160.75542801261844,397.6526202987722,181.24938339790896,332.3130684233166,168.22969409431263,373.30097919389766,156.17442622061233,420.79873461627676,103.613458291279,319.77558983466815,109.39998687065516,446.83811322346935,111.81104044539521,356.6647095281911,112.53435651781723,400.7869899459342,108.19446008328512,334.96522735553054,112.29325116034322,377.15866491348163,110.84661901549919,423.45089354849074,188.21164776296206,242.41806337099422,95.83612979066228,252.11859509123573,219.07697596373046,252.33906172124122,78.19879939022319,253.44139487126867
labeled-data,video,4060.l.png,127.87277624405752,250.49517376441395,80.89214054592121,156.7425805055842,74.44602487607479,0.05238422316354274,81.63592312321119,106.66122030139279,78.66079281405129,50.133744427354955,81.14006807168454,128.23091504280194,80.14835796863123,76.16613463250395,76.18151755641806,23.10964411915266,147.88850310633345,144.99719295550992,110.46624141217079,0.2977810714142448,131.81079067476728,97.31845953776192,120.44551119728084,42.43247571965666,139.01804107512453,118.66300880035841,125.15794415136058,66.54904436700595,116.01028018167636,18.038705133832106,126.43197140906219,273.36771295588113,91.84296849634154,353.41654826817756,114.81994900264883,462.8660360562865,99.25489769192455,386.02903672874265,107.16095550054641,425.80639007837146,94.80774017457475,369.47572819194073,102.46673367667717,404.5588597177002,110.86692009833791,443.34795584125123,169.66822504996298,346.00461907259444,154.35023804575812,462.86603605628636,159.78565278918566,376.88765738752363,153.85610943271925,418.6415251893078,163.7386816934966,358.851963011605,156.07968819139415,395.4174803764811,153.11491651316098,440.383184163018,87.23793122044823,267.9921924516309,176.52691637267114,267.9921924516309,58.577269319734704,275.48805787181755,194.38471340311574,274.1652580917846
labeled-data,video,4060.r.png,135.12211058290904,245.46854925889158,176.7429791326786,130.73394796771908,179.3194182024912,0.3017200584570219,175.77681448149892,90.15503261817088,176.7429791326786,41.846800059184936,175.77681448149892,109.15627075803869,176.09886936522548,63.746532152591904,178.99736331876463,19.625013082051403,111.04378285245772,127.1913442467268,132.9435149458647,0.3017200584570432,122.95981355034093,84.03598982736602,130.04502099232553,38.30419633819265,117.4848805269892,103.03722796723383,127.14652703878639,58.915708896693324,131.97735029468498,17.692683779691983,137.87638831384695,271.86790973280876,179.16953288613482,349.26435010600414,149.15866825163053,463.21537747761806,163.82563217074915,386.49587390068984,156.379327411812,426.20949928168795,170.82064573217497,365.51083321641244,159.7640113931471,404.9988129986549,152.76899783172126,444.2611471821417,91.16774937142296,343.1719189396008,106.96294128431998,463.21537747761795,101.77309251293951,374.9879483641505,106.7372956855643,419.4401313190177,97.2601805378261,357.3875916612081,104.02954850049625,395.74734344967226,108.54246047560966,438.8456528120055,181.5976488627974,268.2126590816364,80.18299906027259,269.31499223166384,213.12437695358227,275.26759124181206,64.08893506987192,274.8266579818011
labeled-data,video,4061.r.png,154.16175586829854,225.26153663038437,198.56724338454848,119.70344637828818,195.28690570266696,10.0854955087469,197.20043601709784,86.6267080859827,198.29388191105835,45.07576411548326,197.7471589640781,103.3017579688805,200.20741222548926,64.75779020677247,196.6537130701176,25.667099497684188,116.83216281100027,114.78293985546587,146.90192489491432,10.905579929217284,131.8670438529573,81.7062015631604,140.61461100464138,45.62248706246352,125.30636848919424,97.56116702558782,136.51418890228948,63.1176213658317,144.44167163350318,27.033906865134828,160.1530224986493,252.95993701182056,204.03619455875764,332.04881773032076,148.2525012620098,452.7895227770596,183.45820992040174,367.00659886294943,165.85535559120575,407.6667130881346,193.1273834251714,347.6682518534102,175.7724566217387,384.85738071790877,158.16960229254272,428.4926252522538,103.37761909884817,321.38793412249805,103.62554662461149,453.037450302823,109.82373476869458,362.2959758734464,109.32787971716793,405.1874378305015,107.84031456258799,340.7262811320373,109.57580724293126,382.87396051180235,107.34445951106134,427.2529876234373,210.4787773935164,242.6385300009997,83.48999851035492,247.48879586112048,237.5961728841915,259.1735272514114,74.23040005012439,253.0004616112577
labeled-data,video,4062.l.png,137.28915058034752,217.32571926378586,89.30094840407159,130.84482272643874,91.75753853921086,0.6455455640574073,92.98583360678049,86.62620029393189,92.37168607299567,39.33684019250093,92.37168607299567,107.50721644261567,92.67875983988809,61.75322517564676,92.37168607299567,17.534602743139892,175.5886769008385,117.94772451695756,146.10959527916725,0.645545564057393,162.38450492446492,79.25642988851405,154.70766075215465,35.959028756684404,166.68353766095862,97.987929668951,157.47132465418633,55.918823604690985,150.71570178255337,16.613381442462654,141.82661702007042,237.72609705384275,102.761979217472,307.7825162306068,142.53933256710076,462.9389007248108,124.75070249770155,352.74822001714364,134.63327475847888,405.12585299926343,113.8798730108465,327.30059644564204,129.6919886280902,377.45465066908696,138.58630366278982,433.0441196359594,193.92870832314284,298.1470082763489,185.2814575949627,462.9389007248108,187.01090774059873,345.5833551280801,185.03439328844325,402.1610813210303,188.74035788623476,319.88866725005903,184.78732898192382,373.00749315173715,184.78732898192382,430.5734765707651,81.06486558029454,236.02453110083508,190.8572473230279,236.46546436084606,69.15966755999816,247.0478626011095,215.54950988364263,233.5993981707747
labeled-data,video,4062.r.png,125.1245443335974,251.54883334134124,170.86286418201843,162.56701109077665,176.96130682847456,0.126675144263106,170.86286418201843,109.06703696504778,174.74369132067233,51.409033762189736,170.58566224354314,135.67842305867458,172.80327775134538,80.23803536361875,176.12970101304873,25.07484960703822,94.6323311013167,158.68618395212272,135.3810160571827,1.512684836639501,110.71004353288289,105.46341176486915,124.01573657969628,47.25100468506055,103.77999507100091,131.2431920430701,117.0856881178143,76.08000628648956,130.3913811646277,23.411637976186547,130.12376695389887,269.3436893436052,160.74414735309762,339.023137653593,126.26608123431475,462.95129139523203,144.3489830448652,375.9122573471159,135.18697946085297,416.9001681176969,152.5465651989814,355.17719660435137,139.04466518043708,393.9951591576663,130.12376695389887,438.35854493288343,83.10822224646769,332.2721876443208,87.20701332352579,462.95129139523203,88.65364546836982,372.2956769850058,89.37696154079184,416.6590627602229,86.24259189362976,350.35508945487123,88.89475082584383,393.0307377277703,88.41254011089582,438.11743957540943,175.64504985264918,269.31499223166384,75.55319983015733,269.9763921216803,196.5893797031706,279.67692384192185,59.67960246976215,267.11032593160894
labeled-data,video,4063.r.png,141.61946069722634,229.16073580810635,177.1044536373198,144.2754419368505,156.3076439903622,0.19857510431951564,166.38444866466125,96.89301995769969,160.8100460788788,46.93779678511082,170.24365045481832,119.833830599189,162.95404707341052,70.95060792386599,158.02284478598756,21.852985149089797,86.19881146917523,152.63704581552417,110.64042280683674,0.19857510431951297,100.13481793363135,105.46902393582653,107.42442131503917,52.94099956979961,96.49001624292744,127.76663427895632,103.5652195248821,77.38261090746111,109.35402221011772,25.92658703870005,152.77464720774003,244.21938810950377,188.48174038464043,318.13520299020126,152.53722955106193,462.8232339405552,172.1019632959211,362.04210546412946,159.13463976735164,414.59389029043723,179.15436732023082,337.92743363907044,164.13957165557144,386.6117710972084,155.03969549517183,439.16355592351624,108.63032707713376,311.31029586990155,120.23266918164327,462.8232339405552,115.22773729342347,355.21719834382975,120.23266918164327,411.40893363429734,112.27027754129361,331.33002342278076,117.50270633352338,382.5168268250286,121.37015370169323,435.52360545935636,190.6337169564706,239.75324336595978,102.53070059144702,252.75204905916,221.17059382303617,256.6723237920299,79.00905219422759,250.276086069979
labeled-data,video,4064.l.png,137.78528626174318,237.32186895346013,78.26416181068831,180.26601099792458,89.37815746492365,34.77370425157092,92.91442880945309,134.54707432936556,92.1566563784825,81.5030041614241,88.8729758442766,158.29061049977742,93.16701961977661,107.51985762474777,91.14629313718837,56.49651393939456,186.625619439483,163.84760832689514,140.6540919606004,34.52111344124741,166.9235362342476,123.93826029577728,152.52586004580635,75.44082471365938,174.24866973362998,144.39811593198328,159.34581192454166,98.17399764277715,146.71627140836515,52.96024259486515,141.75660483636364,264.63982351693005,106.65063310496282,346.2374875412671,129.61183623739254,428.02491357496297,116.3284955822679,370.33726272985035,124.67802399406054,398.8015641336888,111.01515932021806,356.6743980560079,120.69302179752314,384.3796514224107,127.7142161438033,414.7415729198384,188.43805913865876,335.42105300780844,174.9649564741752,428.2146755843219,180.84757876430183,365.2136884771594,176.67281455840552,400.1298981992013,183.8837709140446,350.2224897378045,177.4318625958412,383.43084137561607,175.1547184835341,414.9313349291973,86.8496016599674,261.6242497703919,188.36408421638805,263.4812220122776,65.39125575373214,268.84580848883644,209.20343937532806,263.0685615140808
labeled-data,video,4064.r.png,138.20595487094687,233.99758352612167,181.81122615403356,154.76669318014035,170.9665428086002,0.3726487096284732,175.53272526983528,103.68252689507264,173.82040684687212,48.88833736025142,176.95965728897127,128.7965304318657,174.10579325069932,75.42927291618045,172.10808842390895,24.345106631112756,91.91450894846749,155.33746598779473,129.3001278498299,0.9434215172828608,111.03539800488949,109.67564137544372,121.59469494649565,54.881451840622496,103.90073790920962,132.5065536816192,116.17235327377895,81.13700099272432,125.87549100390356,25.486652246421528,140.3676362199857,253.76107801843887,170.3321009691266,330.70982349423264,111.60175006081046,463.0328998264388,146.600244887807,369.5437698091192,127.42298744835685,415.8089033817928,158.8257465054565,346.29134516378593,136.5321847320957,391.5976158644869,118.79322160060428,439.3010437451192,84.5138739275871,319.2034690305626,69.65149941201322,462.79318410844564,86.91103110751837,359.23599393541474,81.63728531166957,413.1720304838684,86.43159967153213,337.66157931603334,84.75358964558023,384.16642860670004,77.08268666980017,436.4244551292017,178.04757176146725,255.02168179924257,93.03950913291987,257.2913145393251,207.75912763163913,267.81415724334437,70.96217247938938,242.02287610604236
labeled-data,video,4065.r.png,136.06570418965097,227.19124779795243,173.96972834943364,145.50463366887982,170.72022728291267,0.7768553984459308,169.4704191804046,98.51184901457657,169.4704191804046,46.7697935707427,170.47026566241107,120.75843323922011,168.9704959394014,71.51599400040237,169.220457559903,22.02359314108303,103.48055136797882,139.2555931563395,133.47594582817237,1.0268170189475452,119.72805670058365,93.51261660454432,128.7266750386417,45.02006222723141,113.97893942904655,115.00931596768302,124.72728911061591,70.26618589789432,131.72621448466106,23.02343962308948,144.24258981683332,245.28995707589368,173.52266418910443,313.610130611193,117.81910806624717,463.1051444793741,153.0504170670287,350.269735922817,135.67281195177836,403.3547488091297,162.0962937023645,330.7496863413029,143.7664910465525,376.4551682882627,126.86498470158296,432.39677379626045,99.25125602529474,304.56425397585724,86.3965892277123,462.8670950942337,103.77419434296263,355.5068223959062,97.82295971445224,407.6396377416573,103.77419434296263,328.8452912601797,101.39370049155848,379.3117609099478,94.0141695522056,435.0153170328051,187.12610272179754,243.26085760063285,96.75345361669137,242.02287610604236,208.99710912622965,255.228012048341,76.53308920504661,243.8798483479281
labeled-data,video,4066.l.png,140.2951434065503,228.8953589834801,108.86600908285409,154.93860940469432,111.89709880673647,0.6056242970170738,114.17041609964824,106.1885830122529,113.91782528932471,49.10305987913497,112.65487123770706,130.68989161363533,113.91782528932471,76.13027658375275,112.40228042738352,22.328433984840714,169.740394370825,149.1290207672531,142.96576847653074,0.6056242970170738,156.35308142367785,101.13676680578229,147.00722144170723,44.051243672664356,162.16267006111906,124.88030297619419,150.79608359656018,70.8258695669586,144.22872252814838,21.823252364193653,132.91967615506377,248.41387241301766,114.5806845068802,318.5139210449053,150.568794942414,462.6970558026528,127.96087941239917,361.42282194881096,139.95691622424377,412.1752853835381,121.73216799086448,337.4307483251218,133.95889781832147,385.8762816037249,145.4935485989413,436.62874503845205,168.79354317579327,309.0555074047971,178.2519568159015,462.92774881826523,165.33314794160736,354.5020314804391,169.71631523824288,408.48419713373977,165.79453397283214,330.9713438879747,166.9479990508941,380.108956213415,172.94601745681643,435.0138939291653,90.97620664193572,243.05452735153443,171.44500379031794,245.94315083891226,74.88244721225928,253.7837003046521,191.87169845106112,246.5621415862075
labeled-data,video,4066.r.png,127.80319653963937,233.70511487619964,165.2395604216226,152.49898179509768,150.89201254816842,9.526925792957861,156.17795123838837,103.91868811831425,152.65399211157506,52.06614668091847,158.19164216799598,127.07613380880169,154.16426030878077,75.7270151038078,151.39543528057033,29.66383508903389,87.86532122925824,151.83637889337788,115.65242128003536,9.778637159158812,100.54973930797833,110.46318363953895,110.86990532221729,57.85550810354033,94.76037788535648,131.10351566801688,106.3391007306002,83.53006745603727,113.3870189842268,34.194639680651,138.66005292038423,250.73158048662802,171.19211019381285,325.12306809789493,130.47016437602457,452.97632815150956,154.12984239306357,359.93009441142345,141.3900157685041,406.33946282946147,162.09223403341323,341.2753482826042,147.30493527276386,382.9072817164325,136.38508388028433,429.31665013447054,97.25561639056598,319.8906393056651,97.02811948655598,452.97632815150956,102.03305137477577,356.9726346592936,100.89556685472581,408.6144318695614,100.44057304670584,337.6353978184444,102.48804518279574,383.36227552445246,99.07559162264589,432.04661298259043,174.33362727769577,247.5937928316996,86.64327141086899,251.7203978136679,208.79077887713123,257.70397503752196,67.86721874291314,252.75204905916
labeled-data,video,4067.l.png,138.98714002791468,258.652536950893,94.36694931568272,179.67567892222726,87.87138445183749,15.309646280578612,93.51970172474637,129.40565519333813,90.13071136100106,70.94557141873116,95.21419690661904,153.9758353304918,91.26037481558282,98.62232605598471,89.28346377006471,42.42156919054128,174.2906387273435,172.8976981947366,126.56235777126338,15.874478007869502,157.0632710449714,123.47492205678383,140.40073508989016,64.45000655488595,164.1236676361075,146.3506070120648,148.8732109992535,92.69159291943038,133.0579226351086,38.185331235859614,133.36854080384256,271.1922735561744,100.97469169539126,341.963548996931,122.22670735252811,446.9856457880247,110.4658831539184,371.67510486710296,116.86212087596928,407.5765682102273,106.13294792285166,355.37501518832806,113.97349738859147,388.80051554227146,119.5444141142487,426.97161162547843,172.15862763434475,337.01162301856914,157.92184044655406,446.98564578802484,165.34972941409703,371.67510486710296,160.60413368483344,410.25886144850676,168.0320226523764,352.89905219914715,162.4611059267192,389.6258365386652,159.15982194114454,428.4159233691674,97.78510486218345,269.25846898703327,180.1108742524514,268.4331479906396,70.34318173209414,274.6230554635921,192.07802870015954,272.9724134708048
labeled-data,video,4067.r.png,129.53821075438972,258.74971778519637,177.1307001253209,166.36326736381545,180.39213147939594,0.5738401983361134,176.58712823297512,110.37536245219457,178.2178439100126,53.84388564822784,175.4999844482834,136.19502733862168,177.40248607149385,79.93533648082787,179.03320174853135,25.03457535389864,89.61562545764167,162.8300500635676,133.3731627914813,0.5738401983361427,104.5638524971521,115.53929542948003,118.42493575197086,56.56174510995705,98.31277573517501,138.09752896183215,111.08671520530211,85.09926945811334,126.30672819098545,27.75243481562784,135.28486889805703,271.065832695258,184.2550093046518,333.1493161396021,149.83248383056008,462.84847462234046,167.86333050746526,371.6697613129904,158.64301118404785,417.156669975183,175.8542739210937,348.1067230420348,162.74093088334448,392.77404776436805,154.34019549978638,438.67074839649035,89.59306425089957,331.91994022981294,109.2630788075234,462.6435786373755,99.63296751417631,368.80121752348265,106.18963903305092,417.36156596014774,94.10077592012587,348.1067230420346,103.11619925857846,389.90550397486027,108.03370289773441,439.6952283213144,177.2222507650736,269.25846898703327,86.23061091267215,271.115441228919,204.8705041442613,276.68635795457624,72.6128144721767,276.89268820367465
labeled-data,video,4068.l.png,137.2627220647764,235.85390297082404,85.12350279900834,152.62698019917548,89.5296340045662,11.630781621323822,91.97748467432058,105.62824733989159,93.20141000919776,56.426448877828776,89.5296340045662,128.1484735016318,93.4461950761732,79.1914601065444,90.99834440641882,32.92708244818683,171.28784637436215,138.18466124762472,133.59094606014486,11.385996554348385,156.84552742281136,93.63377905809517,145.09584420799038,49.81725206949197,163.2099391641727,114.68529481798275,150.23633061447455,69.64484249450236,139.9553578015062,29.255306443555277,132.5828866712685,254.31766636001612,97.29442078879919,324.0923234704237,122.88231928729412,450.6233077886693,108.79723754500333,358.83552510140765,117.95254067749234,404.61204076385275,103.63270757283004,339.8206647493151,113.25751343006208,380.1978990772153,121.004308388322,427.3829229138895,169.36308903685372,321.51005848433704,157.15601819353506,450.6233077886693,162.55529952807987,358.36602237666466,157.62552091827808,405.08154348859574,165.372315876538,339.35116202457203,159.7382831796217,381.37165588907294,156.68651546879204,426.91342018914645,88.36468526505607,252.17050665129466,173.29872009495392,250.41104453617442,67.41109098498713,258.408599604903,196.811531997016,257.12899079390644
labeled-data,video,4068.r.png,129.68293099046605,242.97645443578884,172.42997328470545,175.93748752129488,178.31947972508803,0.09365237272924887,170.74725715888187,115.07925430400822,174.95404747344085,57.866906026006,170.4668044712446,145.92904994410745,172.71042597234273,84.50991135154624,177.47812166217625,26.45620501063223,90.25733580698659,166.68254882926513,143.82379914570436,0.3741050603665146,115.21762500670323,116.48151774219454,131.48388088966465,52.81875764853521,105.6822336270362,141.4418069419112,123.91165832345848,83.10764791335991,137.6538400176845,25.0539415724459,124.71992425491393,261.0527758544786,162.37443905476428,333.192014177665,142.51305620991306,462.86173206129143,154.15593580861895,375.88257270625326,148.90522540135942,419.7145900190284,156.89543689066738,352.82510526567887,152.1013099970826,396.4288308216166,146.39401607614835,440.2608481343917,98.90933065397527,335.703223502876,111.46537728003065,462.86173206129143,107.12783390012062,372.91477986736743,111.23708552319329,418.1165477211668,103.01858227704794,351.22706296781723,109.18245971165695,395.28737203742975,111.46537728003065,439.34768110704226,164.84342811956415,259.38367478260966,84.10056896317816,262.60533499832593,184.3747431773433,262.20262747136127,66.58279154022159,270.2567780106518
labeled-data,video,4069.l.png,137.63504795202707,243.94871071748432,92.85682977207816,155.16877525088043,88.71549167451063,9.186607311625016,94.15099792756801,103.14321540018832,92.59799614098019,52.152990073888134,93.89216429647004,128.2500776166915,93.3744970342741,77.51868592148925,90.26849346109844,28.59912964397281,172.83642178135108,148.95676810452912,138.67038247641895,9.445440942722986,156.78873665327689,100.55487908920863,145.65889051606416,48.27048560741858,163.51841106182414,123.84990588802597,151.09439676912154,72.08317966843185,142.03521968069256,27.8226287506789,123.42713074937156,267.2303070105903,88.79675881891131,334.759532274988,107.34874378165787,454.23431543507576,99.92794979655926,369.38990420544815,104.38042618761843,409.95691132398736,94.73339400699021,349.6011202451852,101.65946839308226,388.6839685667046,105.86458498463816,431.4772138807733,165.7256564644337,332.0385744804514,147.42103130119045,453.98695563557226,156.57334388281208,368.89518460644126,151.62614789274633,412.43050931901996,159.78902127635482,348.6116810471717,153.60502628877262,388.1892489676977,148.65783029870687,432.46665307878624,88.73735098693746,257.7407528424087,172.86583368919503,263.1865698030459,58.12810393232143,258.86747359288535,196.52696944920496,268.8201735554292
labeled-data,video,4069.r.png,130.39393286692385,244.23851966373806,175.16972512149525,162.06176875994143,177.54020832064325,0.07875015149621767,173.8527900108575,105.17017198038995,176.22327321000546,47.751801156583355,173.3260159666024,132.82580930378305,174.9063380993677,75.40743847997643,176.48666023213303,19.832776811062708,90.88587804067822,159.954672582921,132.23764051470408,0.605524195751324,108.79619554535185,115.96903988761963,124.07264282874993,53.80970266551708,100.6311978593977,137.83016272420653,115.90764514279579,85.1527582986959,129.340383271301,24.046969165103558,136.42946005198496,260.2185713382681,173.22530069059223,335.23252021136835,138.61142962662072,463.0018429307263,158.82221340222824,371.7048541512578,147.20682042774115,416.3079631732882,165.7914491869205,351.49407037565027,153.01451691498468,392.84486936482426,142.56066323794633,438.60951768430346,97.95755421591588,327.5663608482068,103.99755856264917,463.0018429307263,103.5329428436697,364.50331050707575,106.08832929805686,415.14642387583945,101.67447996775175,344.29252673146823,105.39140571958762,389.3602514724781,104.92679000060815,439.30644126277264,175.13623697044983,259.09369115306987,85.55669826653703,263.7161228655494,204.3053750181652,265.4694590323519,67.22636561360113,263.87551706253146
labeled-data,video,4070.r.png,139.60604287104564,253.58517642796696,175.5761350184564,166.14568413466765,179.67029184824304,0.33233252831074367,174.40637592423167,114.09140444166671,178.20809298046203,53.263931541980206,173.82149637711933,138.36390564683006,175.86857479201262,81.92302935048636,178.79297252757448,23.727514412805547,102.46619162941015,164.09860571977433,140.77580196527038,0.6247723018669209,120.30501781633744,113.7989646681105,132.5874883056972,53.848811089092585,113.28646325098899,136.60926700549294,126.73869283457351,82.8003486711549,136.38920536192762,24.312393959917905,139.30233336246806,267.7149173834787,168.88075834305948,351.2685704308427,141.24544157287187,463.32114389746283,157.4380099929037,387.32402277944686,149.4496762390213,427.4815924611258,162.83553279958093,368.7565443244771,153.76769448436312,406.53920397121794,145.77936073048076,444.32186361795885,102.38327736479553,343.9279394137617,102.81507918932971,462.6734411606616,105.6217910488019,381.92649997276965,105.18998922426772,425.1066824261878,103.67868283839807,361.8477151319303,105.6217910488019,403.08478937494453,103.46278192613099,444.537764530226,177.80980110593666,264.7059800444807,93.58064848826231,269.5586884257459,204.153075175662,274.0647747797779,72.2633938134188,271.29179856191206
labeled-data,video,4071.l.png,129.2395803395988,235.5615305442151,90.92997000373857,151.63131553359,116.66467007668285,0.7323923785985293,102.62756094598598,102.79387334970708,111.40075415267152,50.73959365670616,97.36364502197465,125.60417568708952,107.8914768699973,75.59697440898188,114.0327121146772,23.54269471598096,186.5577759566111,149.8766768922529,158.19111792166115,0.43995260504234324,173.10554637302658,106.30315063238132,164.33235316634102,48.69251524181287,178.95434184415026,127.35881432842662,167.54919067545904,73.84233576764477,160.8230758836668,22.665375395312406,123.973144811944,249.72595900090676,93.76778086782996,346.13141225587077,129.25908350216395,462.67377480691084,108.61875147368603,383.1329830874105,119.19062885412595,423.1550903133616,101.57083322005941,362.9960737913344,113.65297879770503,402.0113355524818,124.22485617814495,442.0334427784329,168.02263389711032,341.34889629805275,166.00894296750272,462.9254861731118,162.73669520689037,380.11244669299913,162.9884065730913,421.64482211615586,164.75038613649795,358.9686919321192,162.73669520689035,400.24935598907507,164.49867477029701,442.7885768770357,84.12991137512736,244.158992776837,180.70665149680087,263.21778020122815,56.64127566687114,258.81959848790694,189.13649978066613,247.09111391905117
labeled-data,video,4071.r.png,137.03558062605134,238.75232411863104,182.38328726306895,162.24064379927327,186.82382314047345,0.4386177663481625,179.6079523396912,112.56214867081084,181.55068678605565,54.557648772215046,180.71808630904232,135.8749620271843,179.885485832029,81.4783975289796,182.93835424774454,26.526766046099375,99.95584003874865,158.91024189121993,154.6299380292911,0.716151258685942,121.04838545641985,115.33748359418863,137.97792848902438,55.94531623390394,112.16731370161091,135.5974285348465,129.92945721122877,83.69866546768183,147.69160072084662,27.359366523112712,139.40051474237205,255.92535586018488,169.9876061293048,336.8911860020654,131.68948330028817,462.8380328894358,155.59368077074822,374.41820568687376,142.9989960820112,415.5437067113212,161.7625059244153,353.5984207932472,149.6818899984839,393.69578429208354,137.34423969114968,437.39162913055895,102.901632583175,337.1482203834687,100.58832315054984,463.0950672708388,108.55638897403651,375.1893088310825,106.50011392281415,419.3992224323634,105.98604516000856,354.36952393745605,107.78528582982813,396.78019686891736,102.6445982017722,440.9901104701983,175.32163196393756,250.2888382050366,92.49526054684097,252.36895255569425,199.14839634419823,262.5804230043774,78.87996661526346,257.85289038924634
labeled-data,video,4072.l.png,129.7405078621326,245.54155325797467,95.72637925616282,177.93986013786113,88.16766069129181,0.4402965972696098,96.50831565942534,118.2520480221556,93.38057004637527,55.95778122890837,97.29025206268786,147.18369494286878,94.9444428529003,87.23523735940907,90.51346990107936,25.72290696942435,156.19612777513086,166.73210502443172,117.62059854751332,0.4402965972696098,141.59998158089718,113.03913866707217,128.82835366094275,53.87261748687499,147.85547280699734,139.88562184575196,135.34449035479705,80.71910066555478,122.5728624348426,23.116452291882624,129.626744570966,261.5937851620404,99.69365463973413,326.61062684288635,116.86377595743014,461.82593209898835,108.2853872171847,367.46365595628873,114.37304378926358,414.64025830984485,104.72849432488783,345.91306960884293,111.43049404075511,390.58559595702735,116.05354765718232,438.96419692374997,158.29111670300554,323.31633829307447,143.01740016549542,462.03516109265286,148.24812500710848,366.41751098796607,143.85431614015351,414.1217215434772,152.2234758867344,342.14694772288146,145.52814808946968,387.9680973354119,143.64508714648898,437.7645978275682,98.84450338869368,256.814312240342,170.72934234315406,259.1656854771702,80.36942795647255,263.02865579481636,180.63870098407264,266.5557156500587
labeled-data,video,4072.r.png,107.83237125177095,261.8096869032667,140.67498556616647,186.54536243277698,145.6013777133258,0.4372146512023667,138.2117894925868,123.35336687179023,141.2223624714064,55.37420856844149,137.73402728974554,155.03161267330725,139.5802317556866,88.11240082923902,143.17298899094544,27.692097145651246,81.28459134763457,182.44003564347753,116.86409018822974,0.7109031038223295,93.32688326291293,122.22857606708575,106.46392898867114,54.901216722574944,88.94786802099352,148.77635597122213,100.44278303103198,86.92276567911057,111.39032113583048,26.163929197478858,115.6510884007743,277.35724363723585,141.8047126088396,342.84591865423135,126.74022506499398,462.94336101766726,133.85401084958775,377.5779316025421,128.62328600797468,421.0975622847627,137.62013273554916,357.70117720441243,129.87865996996183,399.7562049309814,127.36791204598755,442.020461651215,90.75283815469612,340.96285771125065,102.6788907935739,462.94336101766726,98.28508192661893,378.6240765708647,101.63274582525129,422.5621652404144,94.72818903432206,357.2827192170834,101.00505884425772,399.5469759373169,102.05120381258034,441.3927746702214,144.52714254080345,273.2959954009393,75.31726051215608,273.8011770215868,169.5730905365712,280.9932137717452,69.3262582930511,279.8363095266499
labeled-data,video,4073.l.png,161.49676891016958,252.30939255894887,121.91698604118974,175.55118794839314,102.42176400977255,0.3726928375158707,117.46093529115151,115.39450282287726,110.7768591660942,53.56679866609704,119.96746383804802,142.9663168387387,113.84039405674548,81.97412219759066,105.20679572854644,23.209952931461714,183.46618702609257,168.58860865145843,129.993578025634,0.09418966563848397,163.41395865092062,111.49545841659382,144.4757429632582,53.009792322342264,172.6045633228744,139.06727243245527,152.27383177582507,80.30310316632632,136.9561573225687,24.602468790848658,156.34695377617504,268.5316937467672,128.528163964362,334.26480193113196,149.39225632322177,462.8145322712035,136.60458681295287,373.07650062019366,143.55928426590614,418.39420660395365,132.34203030952992,351.5393730239513,139.74541792073822,394.38928313730855,146.47577029456397,440.1556792793235,181.92229279671284,325.2909987660309,176.53801089765224,462.81453227120346,178.7814616889275,364.55138761334774,176.53801089765224,413.9073050214032,179.6788420054376,343.9116403336154,176.76235597677976,387.88327584261026,175.41628550201463,437.0148481715382,124.34803030227962,262.9822226661072,193.80052555173938,263.80252772810866,93.99674300822437,268.7243581001177,201.73014115108714,269.54466316211915
labeled-data,video,4073.r.png,119.99843135762882,266.0509223982107,156.62612199469314,191.86833362042256,164.38549326518833,0.18312482707841937,154.32704902565754,130.0807475775905,157.4882743580815,62.54547911216939,154.32704902565754,157.66962320601783,155.47658551017534,94.15773243640906,159.49996320598765,27.77200045550576,85.06747583345974,188.13234004573968,132.77323994094868,0.4705089482078719,101.73575485896792,126.91952224516653,119.55357036899392,59.38425377974542,95.41330419411999,155.9453184792411,110.64466261398093,90.70912298285565,126.16340515497129,27.197232213246863,126.98551843844209,280.6091061519256,161.17605155221162,348.4006804292273,153.31615888237954,462.7621187752839,157.04960790054977,384.55618671045477,154.88813741634593,424.8381366433441,158.6215864345162,365.8889416196036,155.28113204983754,404.7954103352724,153.51265619912533,443.1123871007037,102.22685652847107,346.82870189526074,121.87658820305126,462.9586160920296,110.08674919830315,384.1631920769631,117.16065260115201,423.0696607926319,106.1568028633871,362.7449845516707,114.40969016671079,402.24094521757684,120.10811235233902,441.54040856673726,156.07731163378077,274.3508102443517,82.46015421018541,281.32980681967734,191.872805489161,277.2571988513882,72.56606334083628,290.82268848341346
labeled-data,video,4074.l.png,140.53410418936747,235.95795313761954,100.92212387757561,169.86027832655742,101.99795174040827,0.14843296470602851,106.3012631917389,114.45514339067566,105.22543532890624,55.82252486629595,104.6875213974899,140.2750120986594,106.03230622603073,83.52509233423682,103.07377960324092,27.044129535522412,173.54050461877983,161.2536554238962,137.76922817959405,0.4173899304141919,158.74787150483084,108.2691331793879,146.64480804796347,50.17442858642451,164.9338817161186,133.01317402453898,151.4860334307104,75.72534032870007,141.53462569950835,23.009775049899957,131.1934966542757,259.7046265242444,91.49187933688748,332.9605139614898,98.40764493410995,462.8232235093338,97.12694760129096,371.381433946059,98.91992386723754,419.2795141934887,95.0778318687806,349.3534398215727,98.40764493410995,392.3848702042902,99.17606333380132,440.0268109851561,160.64953530911208,328.60614302990524,130.6812177211481,463.33550244246135,146.56186464810338,366.25864461478307,137.34084385180677,416.97425899441447,152.70921184563446,346.0236267562433,140.67065691713609,390.84803340490737,133.75489131991364,439.25839258546466,94.92023053915379,249.42569147947086,182.21075484425847,258.15474390998133,71.95902740672408,251.7028355917779,194.35552344322957,267.4530823685685
labeled-data,video,4074.r.png,125.7583867789107,239.58953699216147,174.25544123729057,147.18988586619562,179.36039433817265,0.42248421583550133,172.72395530702593,97.16134547755112,175.5316795125111,47.643300398994846,172.97920296207005,120.89937739665285,172.72395530702593,70.10509404287606,176.8079177877316,22.884277859716704,90.53421038282427,139.78770386991658,134.69205470545435,0.16723656079139637,109.67778451113212,92.31164003171315,123.97165319360197,42.28309964306865,102.02035485980898,114.00769071046204,117.33521416245526,65.76588390712627,129.84234925961636,19.821305999187448,129.40214705663675,257.9323060228253,161.7768634357333,343.15398590309394,133.68703598916426,462.8928266287231,150.82659171927418,378.8613936741563,140.35241877309588,421.47223361429076,155.58757942208248,359.1032947075018,144.87535709076377,399.3336407962321,136.3055792257088,442.18253012150694,87.74350465706404,328.87102279466933,95.36108498155734,462.89282662872336,95.83718375183815,370.2916158091016,97.26548006268067,418.3775916074656,91.31424543417027,347.91497360590256,96.55133190725941,394.33460370828357,96.55133190725941,440.5161844255242,179.1560169787568,253.54526768042854,76.2927318632712,254.3016153651012,202.90533427747923,263.98286572891163,60.10689141127567,258.6884319362028
labeled-data,video,4075.l.png,115.85253369251811,229.3729099324931,83.4911949595784,152.90851092114792,104.68357536130424,-0.020288194008907467,95.51930275515252,104.50969621990915,100.96058961505511,50.669594658767785,91.7963170089034,127.99314477317293,99.24228850140166,77.87602895828071,102.67889072870855,24.608694435023835,175.42030454003782,149.47190869384104,146.7819526458137,0.8388623628178244,159.09644396033008,104.79607973885139,148.7866372784094,52.67427929136349,165.96964841494386,125.41569310269276,150.50493839206285,78.4487959961652,146.20918560792921,22.890393321370397,116.33213323734196,246.76692576567103,87.28527765878499,330.86391813971693,133.18807616768697,462.80310948224394,104.09122028226275,372.50252225161705,119.64298808309293,419.65949558316663,96.56617134637719,350.9307153020784,111.86710418267786,395.0776690592738,126.66636708991952,442.2346423908234,163.78994184028832,323.58970416836087,167.3016313437016,462.80310948224394,160.02741737234552,365.7299782093201,163.28827191122926,414.3919613280469,160.27825233687506,342.15149154354526,160.02741737234552,387.55262012338824,165.54578659199495,436.71627317117395,80.04705303221782,237.685791518693,176.0128688991608,252.7953029530629,49.82803016347833,255.85804175732682,199.49386639851917,253.81621588781763
labeled-data,video,4076.l.png,137.3407945652443,234.55082640874372,95.88499386389533,156.82120009371434,99.97602682784424,0.2710053399359058,99.70329129691432,106.09239134074781,99.97602682784424,51.81802068569222,98.6123491731946,128.18396934607196,99.97602682784424,77.72789612403534,99.70329129691432,22.362583345260038,181.7966861068225,146.4572499183771,144.15918283849248,0.5437408708658342,167.34170296753635,100.36494519121932,155.34133960661953,47.45425219081338,173.0691491170648,123.00199425840329,161.61425681800785,73.09139209822658,148.79568686430127,20.453434628750546,140.5068901058693,251.11365303565236,102.61718310013322,323.29769338964593,130.55047074669778,462.9641316224687,113.67987127699047,365.059341257282,122.8065890228977,414.8414380531397,108.42509439298327,341.8276960858818,117.27524493446907,387.18471761099653,126.40196268037631,437.51994881569703,174.80122345412678,325.2336638205959,168.99331216127672,462.68756441804726,168.44017775243387,367.2718788926535,167.61047613916958,414.84143805313965,171.4824170010696,344.5933681300961,167.0573417303267,390.78009126847513,168.44017775243387,438.3496504289613,99.07304327588045,248.09099289433584,182.09150826300296,250.91048793163435,72.44447903472793,253.88662158211608,206.84040914595647,252.16359683710033
labeled-data,video,4076.r.png,131.93471444382658,234.50917095352872,174.6030034237728,159.91356431894621,182.51233382074068,0.6360142558685506,175.69394554749252,108.09381344226,180.05771404237134,53.546707256274495,174.33026789284287,131.27633357130384,178.4213008567918,77.54743397810812,181.14865616609106,23.000327792122604,86.78216246433612,156.3680024168572,137.23823568637272,0.636014255868572,107.23732728408068,105.09372260203084,122.78325254708655,50.81935194697524,97.96431923246315,129.6399203857243,115.4193932119785,76.18375632345851,130.41984741312453,23.81853438491241,132.44526882139397,252.13670495743608,168.31316388733532,323.87249508931853,140.27558394142343,463.05003157758415,156.69398661245293,364.7922063617306,147.85330825112933,413.7948235644957,161.99839362924706,341.0486701913187,151.89476121630582,387.77797010117195,143.55926447562933,436.5279964936134,94.0514656522173,327.91394805449556,101.12400834127617,463.05003157758443,100.87141753095264,366.5603420339957,103.14473482386441,415.0577776161136,97.84032780707027,344.8375323461721,102.89214401354089,389.0409241527899,101.88178077224676,438.54872297620193,176.6843035413595,249.28055454010902,83.93244939343518,250.43994706596123,199.3753884520016,258.39010642723986,66.37584747061159,252.59311522630753
labeled-data,video,4077.l.png,142.0277326077278,241.6931388120709,100.26850126412438,161.60803374179676,98.9377141590181,0.582794023936188,103.994705158422,110.77196632673665,101.86544579025193,50.88654659695379,102.6639180533157,133.39534711354352,103.19623289535822,80.43002033031334,99.73618642208187,23.206174810743043,170.53406041373628,153.8894685321803,135.93359568097284,0.31663660291492945,156.6938745206309,103.58571595916271,143.91831831161056,45.829555597549906,162.01702294105604,127.8060412720971,149.24146673203572,71.3806680155906,138.5951698911854,21.87538770563676,139.01877764699384,262.6122337283764,112.50729306982024,334.1264064113405,137.01370738485468,462.6736887729303,122.97821554988039,373.55945490007775,129.88456867502646,418.5621430058683,117.85414710219138,351.2808964318646,125.87442815074812,394.0557286908338,133.0035668605763,439.28120238130646,171.54547301058503,325.66055419341956,165.97583339353173,462.8964743576124,163.74797754671042,366.8758873596138,162.8568352079819,414.3292168969078,167.0897613169424,343.48340096799,162.1884784539355,388.70887465846266,163.97076313139254,438.61284562726007,96.89057400933824,258.4740240786966,175.1966739262645,260.3932912335232,80.51282762148438,265.3833858360724,194.64524776184095,262.9523141066254
labeled-data,video,4077.r.png,136.87559942918577,240.59558644665185,178.66304988713836,163.47109734640375,174.45625957257937,1.0889912044268666,175.0171649478539,105.41739100548973,173.89535419730484,49.32685347803658,175.29761763549118,133.18220708157907,174.45625957257937,74.56759536539049,173.6149015096676,22.683848152496328,94.52724359595862,160.6665704700311,136.03424136627396,1.6498965797014051,115.84164785639081,108.78282325713693,127.90111342479327,52.41183304204651,106.8671618519983,133.46265976921634,122.29205967204794,78.77438567994949,132.66880911462678,24.647016965957196,136.79161064305444,265.3281700857622,176.0094232971618,341.4568652378531,153.17081475153458,461.6479263719113,167.93516775072789,377.21428265777445,159.86091220429404,418.2776394367809,170.93417695368908,359.45092045561995,163.55200045409237,396.59249596921563,156.40051697010813,439.7320898887337,104.72528147293139,332.9212236601941,119.02824844089994,462.10931240313596,113.95300209742723,369.1400271113403,119.25894145651235,417.8162534055559,109.56983480079171,349.0697347530618,117.41339733161317,392.9014077194171,120.18171351896193,440.1934759199583,171.9202364093004,262.3376239340653,83.76057746762872,263.1600088122525,202.67743085350304,268.42327203265086,75.49880634453223,272.8313430779341
labeled-data,video,4078.l.png,138.54526718022862,228.01968862550422,94.20901896231436,128.8209927392584,87.24255845243128,21.865291386990563,92.77475004648173,92.14461422992783,89.70131027200925,53.62416905653947,93.59433398634106,109.76566893690335,90.72579019683342,72.88439164323364,88.0621423922906,37.847178214247435,159.57084114501686,120.4202601550746,130.47561128001075,23.299563281744383,147.48197803209177,84.56346278622905,138.67145067860403,47.682185492559356,152.60437765621256,100.75024559845076,142.359578407971,65.09834421457005,134.77842696427223,35.183530409704616,140.1414968770029,245.2819041920628,97.51513848463745,332.0661069070584,115.89296964781298,439.7806173356705,105.17256813596059,367.2902833031448,110.02227358179857,401.74871673409893,101.34385331029902,347.89146151979287,106.95930172126933,383.1156379158793,112.82999778728373,420.89229086240675,168.47398658689852,329.0031350465291,154.945860869561,439.7806173356705,161.3270522456636,362.95107316739507,156.2220991447815,403.2802026643635,165.41101472636927,345.84948027944,158.00883273009023,381.58415198561465,155.4563561796492,421.402786172495,104.923193405994,240.6067028687333,186.2639238338789,246.40524998834485,76.89688232787128,245.5998962217322,198.9885133463599,254.6198584077946
labeled-data,video,4078.r.png,133.83434690922246,257.7173843809166,181.37918096706676,163.02382244370105,195.01595751356314,0.20071047853423352,184.10653627636603,109.02218731957537,189.83398242589453,49.83857710778106,181.37918096706676,134.9320627579185,187.6520981784551,79.02127891728333,193.10680879705365,22.837759545718228,111.5588850490053,157.84184735603242,153.5824139172601,0.39758295304686264,127.23282923615564,105.52976425644344,142.93611707640983,49.104390999936925,119.78042144756044,129.75008956937785,134.9513944457721,75.45397568104138,148.79158033887748,24.351750844960005,133.38370728698388,269.1100405968508,181.49779415955135,348.2016902503864,160.4066875852752,462.66488322119756,171.391638926044,385.55052480900036,164.58096909476734,424.8766506089528,176.0053184891669,365.5579133688011,168.31585255062873,404.44464111512275,162.1642797997982,443.7707669150751,104.1637367205388,343.1486126336327,120.64116373169203,462.88458224801286,112.73199876633848,380.4974471922467,118.22447443672289,425.97514574302966,108.11831920321558,360.9442338056782,115.58808611493838,402.4673498737843,119.32296957079977,445.0889610759674,168.81962226787635,268.7543255828771,89.28272324884367,273.3678348067188,197.97700056255655,272.99875406881154,75.07311483941092,280.7494495648657
labeled-data,video,4079.l.png,144.44512867762631,253.8659904799247,99.36644934569827,181.71602936214632,92.19947127290007,7.9168110967901235,99.36644934569824,125.87332521159372,96.08158439566574,63.759515247342705,99.96369751843145,151.5549966391206,97.57470482749869,93.62192388400184,93.69259170473302,33.89710661068358,171.33485416004677,171.8614345120488,130.72197841419035,7.618187010423531,155.50777758261742,110.94212089326415,142.666941868854,53.90492039724519,161.18163522358267,137.2210404935242,148.93804768255242,79.28796773840546,137.59033240062195,28.521873056084928,139.40073656956744,266.3054550959276,110.71688482514385,334.36883211659375,136.4837346972532,454.4520758601976,121.89872533568186,368.1574371375674,129.19123001646753,413.3709661584384,117.03705554849142,349.44000845688413,125.5449776760747,388.57645024376717,133.08056584621988,433.54689577527876,172.9462581011815,331.93799722299855,167.598421335272,454.20899237083813,167.84150482463153,365.4835187546126,165.65375342039584,410.69704777548367,169.78617273950772,347.2522570526484,166.86917086719345,387.6041162863291,165.65375342039584,433.54689577527876,97.45909178745379,268.27165226665926,175.77727613311856,271.9277837225994,71.86617159587293,266.5398005243718,210.79916692159765,259.9972494979526
labeled-data,video,4079.r.png,136.6000639392918,232.90992862139262,182.3064264677985,153.95857774902814,178.95271177235253,0.2466542077546574,179.79114044621403,101.13757129575417,179.51166422159352,46.9191837193777,180.35009289545502,126.8493839608399,179.79114044621403,72.63099638446344,179.232187996973,20.648418605050956,104.89151224792074,146.9716721335157,138.14918297775992,1.0850828816161489,121.66008572515058,94.98909435410323,131.1622773622475,41.60913545158825,116.62951368198163,119.86247834532749,125.85222909445804,67.320948116674,133.95703960845248,19.251037481948472,142.99786249348688,245.97326044015108,170.37298346475242,315.17148289529456,123.9873618189969,462.9464414716632,149.84164273630327,358.51542443313167,134.88671553903782,409.9705129254179,158.96668306005844,334.4354569121111,142.23744246650728,382.5953919541523,129.3103020078541,434.5574271310916,99.14697427099668,306.0464425715394,92.04972068585376,462.6929681293367,101.17476100960893,355.98069100986635,98.89350092867014,411.7448263217036,101.93518103658855,329.3659900655804,100.16086764030281,381.32802524251963,95.34487413609868,435.5713205003977,183.06199745396592,245.6859683003082,92.25552641003384,247.29519690108663,203.75207946397575,256.7206787056468,73.40456280091377,245.45607850019684
labeled-data,video,4080.r.png,159.32067997790668,211.04085847636074,193.66620541851907,134.46171362738403,180.67930711590193,0.6966611104275122,187.43249423326284,86.92966583980531,183.79616270853003,40.696307882488306,189.25065999562923,109.00739295425444,185.3545905048441,62.254559064832755,181.97799694616364,19.657532632248536,109.77084238361236,139.1369970163262,137.82254271726538,0.43692314437516977,124.5759064485959,94.20232888927092,131.3290935659568,46.41054313563985,118.34219526333968,114.72162820740598,128.47197593938105,68.48827025008897,134.44594915858494,23.03412619092899,161.42532802705153,230.5343436801782,194.46776689511162,327.49494298153485,160.07112971278676,462.3730950823047,182.82166139243472,361.34990083815376,168.4671592612283,411.7260781288028,188.23845464949375,343.47448308985895,174.42563184399322,384.91295150636057,163.05036600416926,435.83080812271544,128.6537288218444,322.34898938732874,122.42441657622652,462.64393474515765,132.17464443893277,365.95417510665396,128.1120494961385,416.87203172300883,131.09128578752097,343.203643427006,131.09128578752097,391.4131034148314,124.32029421619718,439.08088407695084,201.97858927593165,223.2372416188988,106.70572012666854,233.0447428548523,232.6270306382865,231.46853729907411,84.81397629641506,233.39501075613634
labeled-data,video,4081.l.png,129.3240905433189,233.02573575370235,99.91671946639534,150.41814153526786,116.06645924480907,0.4562721642832841,105.68448367297165,99.37342830706733,110.58708324856156,46.59838581689391,103.95415441099877,125.03997902633198,107.9915893556022,72.55332474648739,112.89418893119208,20.355058676971616,162.20857289741969,148.68781227329492,149.51949164295175,0.16788395395446543,155.2872558495281,97.0663226244368,151.24982090492466,42.56095087229048,158.45952616314506,120.42576766107094,152.69176195656874,67.07394875023988,150.38465627393822,19.778282256313986,124.07866329871423,241.2022874426334,95.86597667046097,306.6770130138626,136.05574724467078,462.64526173231934,111.56926451071514,350.06067264032754,126.20792266688429,406.2198884758128,103.58454188007742,325.5741899063719,118.75551487828909,375.61178505836824,130.20028398220313,432.83563057793856,160.2760725576052,301.08770717241623,164.80074871496657,462.9114191533406,156.5498686633076,345.5359964829662,159.47760029454142,404.09062910764277,158.4129706104564,321.84798601207433,156.81602608432885,373.4825256901982,161.60685966271149,434.6987325250874,82.12602003696789,241.80949242903614,165.16002354497488,251.9523005164341,61.212602307894926,247.3779830416612,190.7131073695681,248.48212863902023
labeled-data,video,4082.l.png,134.9211357890203,241.88203861427877,92.5575459388891,157.15485891401636,108.6371566849243,0.6878774237507237,100.5973513119067,103.35000757151394,104.9264772819931,50.16360279616675,99.66968146117391,128.08787025772196,103.38036086410511,74.28301891521954,107.40026355061391,21.715060707027526,192.74588981803151,153.75340279466275,161.2051148931163,0.6878774237507237,177.2847256391515,104.58690070582435,168.00802713182352,47.38059324396833,182.85074474354832,127.46942369056674,171.71870653475472,73.35534906448675,163.67890116173712,22.64273055776033,136.7941486013841,263.27117757395393,97.03761589342852,343.8304675348113,122.40856110837385,462.8385095224414,106.45363679794431,378.6174336542724,115.08498929375045,421.7741961333031,101.74562634568642,359.26227957276774,110.37697884149256,399.80348068943294,118.22366292858905,441.39090635104435,182.8280285790169,339.90712549126306,165.30376745116803,462.8385095224414,170.27333403966247,373.3863109295414,165.30376745116803,420.9895277245935,176.81223744557624,354.55426912050984,166.34999199611423,396.14169478212125,164.51909904245838,440.6062379423347,92.61568527056826,255.6749697053986,191.16254128655834,263.2072134773214,66.04360307517392,264.67181643297306,209.15623474170724,270.11177026825067
labeled-data,video,4082.r.png,132.4214133368995,244.02356998536288,171.8275610083896,159.3422739253522,160.36903579894923,6.468779057940203,164.84065539287718,105.96231502283722,162.0458931466722,49.50811764949678,166.79698896522066,129.9972703402,162.8843218205337,74.94045408996203,160.6485120235697,25.473162332134017,87.14626494837894,164.09336974390067,120.12445945359761,6.7482552825607005,101.1200761794038,114.90555421069314,110.34279159188021,60.128214185075684,96.92793281009634,137.26365218033294,105.03274332409076,86.67845552402291,115.37336363504916,31.062686824543967,130.99511481466487,260.5343618159649,165.97025205948864,325.00660276124256,138.5800843376387,456.05802063040153,155.64626576432983,359.1389656146248,146.5864410563333,409.07334830753587,159.8601377215375,338.49099302430716,150.5896194156806,383.368729368569,142.583262696986,432.46033767003854,92.43818640621454,324.5852155655217,106.3439638649999,456.05802063040153,103.18355989709414,361.03520799536824,106.55465746286029,410.33750989469814,98.3376071463053,340.38723540505055,105.29049587569799,384.84358455359165,105.92257666927914,432.6710312678989,173.54907324703208,255.88359027509827,89.73469612675629,258.76271009984055,193.70291202022815,264.20104754657604,70.7005150631822,263.08138983695403
labeled-data,video,4085.r.png,120.48380063047179,213.12255226091432,161.2940563777605,131.50204076633688,152.72559145934505,25.039156289690787,155.44791947730047,95.81968475653166,152.92004346062757,57.707092505155806,156.80908348627815,114.48707687965452,153.30894746319262,76.95784063212626,152.72559145934505,39.81750838716306,78.44492696941865,126.73755296045391,95.94560708484633,25.233608290973315,84.27848700789454,93.09735673857624,89.13978703995778,57.901544506438334,82.52841899635176,110.4035848527214,86.22300702071983,74.23551261417084,92.25101906047826,39.81750838716306,127.18467602038152,232.82906114601448,153.4527921780499,297.2656385165669,123.63722111351476,436.9609714762768,138.23225590035014,338.75723741057027,129.26673453129413,388.1718551888557,144.48727080899386,314.98818075772414,132.81124297952556,362.52629406341646,126.34772757392705,412.9834143264759,82.7711237103757,291.4276246018325,91.52814458247694,436.3354699854124,87.98363613424549,334.1702264775647,91.11114358856736,388.1718551888556,86.31563215860716,311.65217280644725,89.23463911597423,358.56478462127524,91.31964408552214,412.5664133325662,166.46111106703586,227.74654956748938,86.91135581701006,231.21276983982165,187.43174371464613,245.2509619427674,58.834971611118604,229.4796597036555
labeled-data,video,4088.r.png,145.37316777667186,239.0189068077248,103.01505739472296,120.4161977382679,101.06006768478687,0.8359938138429115,106.27337357794983,78.70975059296435,102.68922577640029,33.41915564611129,105.94754195962713,100.54046902058417,105.2958787229818,55.5757056920538,101.38589930310957,14.846753401718313,174.37218180739072,124.97784039478546,145.69899939499456,0.5101621955202269,164.9230648760329,82.29389839451387,154.17062147138432,37.00330344766083,169.4847075325505,102.16962711219759,158.7322641279019,58.182358638635264,148.9573155782214,16.80174311165442,148.30031798442826,251.26063362560274,189.1768518299674,316.45016483866107,145.1751345433124,462.9500000401123,172.6114994396973,353.4633740856708,155.52847978723122,413.7716101314979,180.89417563483235,332.75668359783316,164.32882324456224,381.15857261315364,149.83413990307588,437.0666369303152,102.28705142483743,327.9375522910478,105.50329783862922,462.75188113582055,108.45152371793836,368.94469406689313,107.91548264897307,415.0442259979089,106.57537997655982,345.8949281013853,108.71954425242102,390.3863368255051,106.6609631200598,439.94160799029527,90.23269824683686,262.26543304851504,213.48198874792615,257.82845859047586,70.75931034766475,258.3214557524802,305.9162552125652,205.01175906258158
labeled-data,video,4090.l.png,127.78370497995425,242.84685122114362,78.4503740041425,148.37191020210545,85.86649565410113,0.04947720293287361,84.57673536715183,96.78149872413238,86.5113757975758,47.44816774832063,82.64209493672783,120.31962396095759,85.86649565410113,69.69653269819652,86.18893572583846,21.330521937596767,179.05167638619,140.31090840867216,144.22814863855817,0.694357346407541,163.57455294279808,91.62245757633508,152.93403057546612,40.67692624183667,169.37847423407004,114.51570266968562,158.09307172326342,62.60285111997523,149.06474971461816,19.07344143543545,122.22341197759901,265.373369166982,83.92904844082601,352.77010380466766,98.63684716759563,462.6460119399468,91.13875369904642,386.79991262346806,95.46457685397866,424.5787681765429,88.54325980608706,369.2082317934102,93.15747117134812,406.1219227154987,98.63684716759563,444.4775546892313,160.06353596763356,347.579116018749,144.77896082020627,462.93440015027556,154.0073835507284,381.6089248375493,148.5280075544809,424.8671563868718,156.31448923335893,363.72885579716274,151.41188965776905,401.21932313990885,146.50929008217918,443.32400184791607,73.46256016976811,259.23063511865826,180.1291966956254,265.3417445029521,55.86997254831596,268.8602620272426,199.0180802470793,272.378779551533
labeled-data,video,4094.l.png,133.7297716599925,234.4492242510246,93.04382885881625,155.04601330034194,93.32291280139367,9.19659076473245,96.24731053695552,110.08831264161628,96.5397503105117,56.86427385439061,95.0775514427308,129.97421724343684,97.12462985762409,82.01409438022252,95.0775514427308,29.374935140109216,171.40433234089508,149.86012184525742,138.94351747615855,9.19659076473245,158.24454253086674,108.62611377383536,150.05622887129357,55.694514760165866,163.21601868132188,128.5120183756559,153.2730663804116,80.84433528599779,144.49987317372606,29.95981468722158,124.71200477567929,252.32214728996541,96.91264842677542,335.72021633667686,115.80541487748678,452.85536833108745,106.6289283157127,372.69605924735487,113.10644824167088,412.10097213026717,102.58047836198884,352.1839128151539,110.40748160585497,391.0490323709031,114.99572488674201,432.3432218988865,156.02001775114385,330.5921797286269,145.4940478714618,452.85536833108756,149.81239448876724,370.5368859387023,147.11342785295133,412.10097213026734,153.32105111532792,349.75484284291986,147.9231178436961,391.3189290344848,145.76394453504338,432.34322189888667,91.89419372369159,246.23805072299115,180.51448357604818,247.61353194021171,59.47213646063429,255.08042997655224,187.78488429564283,256.259413877027
labeled-data,video,4096.l.png,143.67397812262195,228.34292438124163,114.26771070238117,156.02439784559652,131.5367864734834,0.6027159056762912,121.4360063054802,107.4754867155166,127.95263867193388,47.52246894414277,119.15518497722142,131.58702647139523,124.04265925206168,75.54398811989357,129.5817967635473,21.781771096650743,185.29900349672624,148.53027062417476,162.81662183246107,-0.0489473309690851,171.9399071454962,101.61051758570828,165.7491063973652,47.84830056246544,177.47904465698184,123.76706763165079,168.02992772562402,71.63400870002137,162.81662183246107,21.78177109665073,139.02480305849036,245.62030359491922,109.85550003742526,317.4910605231106,146.24195019772299,462.4354322360321,123.98907985175578,359.5910855019674,136.01765841714345,411.31397333313447,116.47121824838848,335.53392837119213,129.40194020618023,383.04681370447344,140.52837537916383,434.46898707150575,172.70482304157588,321.40034855686156,175.1105387546534,462.4354322360321,165.48767590234326,363.8010879998531,167.8933916154208,411.6146877972692,167.8933916154208,341.54821765388596,166.69053375888203,387.5575306664938,171.2012507209024,437.4761317128527,105.51478219407463,238.81356736276246,190.84568932753027,248.29477926647974,85.28819679947773,249.9803280493628,200.53759482910792,257.56529757233665
labeled-data,video,4097.l.png,131.3004881775127,225.04007535243704,96.18092001115124,150.09742542600495,95.55378486532334,0.21212557314076363,97.74875787572094,99.29947861394638,97.435190302807,45.992991218576265,98.06232544863488,123.13061415540596,98.06232544863488,69.19699161420797,95.55378486532334,20.594017812546987,163.91151576056265,144.76677668646795,128.79194759420116,0.8392607189686458,148.5467046877795,95.22310016606514,136.00400177122182,42.85731548943686,155.75875886480017,120.62207357209442,141.6482180836728,67.00201860381037,132.55475846916846,19.653315093805155,127.0099574329995,244.3841069185086,102.83657150776712,318.3262285721606,132.69781294481888,462.5133657967817,115.34985363376975,357.0036460525323,125.58799355504465,410.18509508804345,109.94639089754135,334.5366167808458,120.18453081881623,382.5989958557195,129.85388518890917,434.3584810132758,161.13709050391577,311.2164091823862,157.72437719682415,463.08215134796365,154.5960566653235,356.1504677257593,154.02727111414157,411.03827341481633,156.3024133188693,333.11465290289084,154.3116638897325,385.15853083603815,156.0180205432783,435.3723743825819,89.72245471204845,239.10534340318404,175.41687746416875,242.73262055671293,67.05197250249282,247.49342182071962,190.37939572247546,245.22637359976406
labeled-data,video,4103.l.png,132.5457171704124,226.08304835251937,90.15780463542026,133.61260868712844,95.1312593319627,-0.007540826645087151,93.4734410997819,85.20431630744869,93.80500474621803,41.43791497787523,92.4787501604734,107.41908061867159,93.4734410997819,62.989551996225806,94.1365683926542,19.223150666652344,174.7065344766417,128.97071763702215,144.86580629738708,0.32402281979107883,161.11242497275904,87.19369818606569,151.49707922611034,40.44322403856675,166.08587966930148,106.42438967936312,155.80740662978044,62.32642470335349,147.84987911531255,18.22845972734386,130.33825698869336,250.03935033170097,102.75426015757256,339.42210929408276,132.9905643763011,462.48917207908323,114.15918192428597,378.41102789191694,123.70748851967392,419.7870231385981,108.58933641030967,356.3968765747725,118.66810448321917,396.97717960517133,129.01210329488947,439.6793285456564,178.6102514431547,330.9347256537379,174.3665596229823,462.2239413403224,174.10132888422152,370.45410572909367,171.71425223537452,415.01286984090416,175.1622518392646,348.9704158894707,171.71425223537452,392.20302630747733,173.0404059291784,438.8836363293741,86.77239012962809,248.27781953086557,184.25297029918528,250.56073709923928,59.377379309143635,254.89828047914932,208.22360476710918,252.38707115393822
labeled-data,video,4106.l.png,138.88001053236835,204.41338187062217,91.68258466253162,112.69752955993147,99.22844272728504,0.06861103787108647,98.11053782880306,75.24771546078485,99.50791895190554,35.84156778929473,95.87472803183908,93.69314628573767,99.22844272728504,54.007522389627056,99.22844272728504,16.55770829048042,189.2197870550852,105.71062394441904,165.4643079623429,0.34808726249158184,178.8791667441268,68.81976229451341,172.17173735323485,30.531519521505288,182.23288143957274,86.42676444560473,175.2459758240603,48.6974741218376,168.81802265778887,14.88085094275744,135.4387643211087,224.15460722479054,93.50367071746912,305.8976520028996,117.81386990798482,463.00231427160736,106.57040278237132,351.1753979952351,114.16734002940747,408.0004886030656,101.70836294426816,327.77683127436376,109.30530019130434,377.30886212503947,115.38284998893324,433.5261977531071,174.94283800569673,301.0356121647965,156.40631112292849,462.69843678172595,164.3071258598461,348.7443780761836,157.92569857233573,405.56946868401405,169.47304318783068,322.30703645649777,159.1412085318615,377.3088621250396,156.71018861280996,432.61456528346275,92.342382954501,215.99240157864955,188.92575795852355,225.2870359932627,56.37618891534618,223.46852056431655,210.54588583599303,226.0952650727943
