scorer,,,furkan,furkan,furkan,furkan,furkan,furkan,furkan,furkan,furkan,furkan,furkan,furkan,furkan,furkan,furkan,furkan,furkan,furkan,furkan,furkan,furkan,furkan,furkan,furkan,furkan,furkan,furkan,furkan,furkan,furkan,furkan,furkan,furkan,furkan,furkan,furkan,furkan,furkan,furkan,furkan,furkan,furkan,furkan,furkan,furkan,furkan,furkan,furkan,furkan,furkan,furkan,furkan,furkan,furkan,furkan,furkan,furkan,furkan,furkan,furkan,furkan,furkan,furkan,furkan,furkan,furkan,furkan,furkan,furkan,furkan,furkan,furkan,furkan,furkan,furkan,furkan,furkan,furkan,furkan,furkan,furkan,furkan,furkan,furkan,furkan,furkan,furkan,furkan,furkan,furkan,furkan,furkan,furkan,furkan,furkan,furkan,furkan,furkan,furkan,furkan,furkan,furkan
bodyparts,,,1,1,2,2,3,3,4,4,5,5,6,6,7,7,8,8,9,9,10,10,11,11,12,12,13,13,14,14,15,15,16,16,17,17,18,18,19,19,20,20,21,21,22,22,23,23,24,24,25,25,26,26,27,27,28,28,29,29,30,30,31,31,32,32,33,33,34,34,35,35,36,36,37,37,38,38,39,39,40,40,41,41,42,42,43,43,44,44,45,45,46,46,47,47,48,48,49,49,50,50,51,51
coords,,,x,y,x,y,x,y,x,y,x,y,x,y,x,y,x,y,x,y,x,y,x,y,x,y,x,y,x,y,x,y,x,y,x,y,x,y,x,y,x,y,x,y,x,y,x,y,x,y,x,y,x,y,x,y,x,y,x,y,x,y,x,y,x,y,x,y,x,y,x,y,x,y,x,y,x,y,x,y,x,y,x,y,x,y,x,y,x,y,x,y,x,y,x,y,x,y,x,y,x,y,x,y
labeled-data,video,4000.l.png,367.7858605792452,308.5395718813882,324.13351501334796,277.30389349867954,399.6035702361658,301.1671875828266,339.65434899233367,250.53046672638587,394.17127834352084,252.0825501242844,401.92715644154356,278.0842989412731,363.39552213468903,240.31612100525456,368.43979317785937,270.775757689014,328.23972954853247,902.0555432772396,412.82827473400437,904.5776787988246,368.3998874691579,889.2508552445764,340.26837588224635,901.2795015782903,395.5613469323828,903.6076266751381,315.82306236534396,900.6974703040784,422.72280639560773,902.8315849761888,321.64337510746356,901.6675224277649,418.45457705138665,904.5776787988246,333.67202144117744,902.4435641267143,404.8738473197742,904.7716892235621,310.5847808974363,875.2820572976632,433.78140060563504,873.3419530502899,309.4207183490123,858.7911711949909,434.945463154059,845.9864831623275,308.83868707480036,866.3575777597464,434.363431879847,860.149244168152,313.4949372684961,889.0567974540129,431.25926508404984,886.146641082953,313.8829581179707,912.9201270625294,430.0952025356259,910.3979915409443,340.2402824564054,911.0913811668863,389.9713789936369,911.2487580546623,358.6533783262031,899.9176221347867,376.2795897571206,898.6586070325784,367.3091071538858,905.4258132069484,315.5321110755657,944.2979044876328,425.6959325188,946.9733115798256,311.91244265671656,934.6979143332937,309.7091662278519,923.8389090767464,426.1680631821282,932.9667685677572,428.0565858354407,921.9503864234338,339.50836229336045,968.1776048742258,410.30308261203174,966.0250627023744,384.89038394851076,1426.8501759799342,430.8444351791171,1423.860015112189,408.96904777824625,1425.1190302143975,391.50021323510487,1424.3321457755173,400.3133189505636,1424.4895226632934,425.3362441069554,1422.4436231222048,417.93953038148106,1424.8042764388454,383.4963172470647,1434.5158930358764,433.9096592446421,1429.2866143738308
labeled-data,video,4000.r.png,334.5759932703861,295.70675087199413,376.67015129770414,261.0269047699423,306.8321163887446,288.2924389467279,355.86224363647307,237.10976952714796,302.2878606926137,243.08905333784654,294.15603471006364,269.63707345734827,328.3575381072596,228.97794354459785,330.9884229839669,257.91767718837906,411.6199702386112,890.8927923974339,331.4975671752501,898.7854470275563,371.91752573557255,881.0867669478883,401.09643073178165,890.8927923974339,352.0663034840532,894.2411913314253,427.40527949885546,886.8268794061589,312.6030303334425,894.7195340362812,420.70848163087305,890.414449692578,321.45237037327644,898.5462756751283,406.59737183762434,891.6103064547178,341.5427639772237,897.8287616178445,429.079478965851,862.9097441633644,307.8196032848836,871.7590842031984,427.4052794988554,841.3843224448494,303.7536902936086,844.015207321557,430.5145070804187,852.1470333041069,305.6670611130321,861.4747160487968,426.6877654415716,876.3033398993292,310.21131680916307,882.5217950624559,432.1887065474143,903.808045428543,316.9081146771455,902.1338459615474,402.4258616097791,900.0745379574621,357.10131793027693,899.917161069686,387.7898110466065,890.9466784664512,368.74720762570456,886.6975024964979,381.9668661988927,893.7794624464201,436.7340231449578,927.9302470938229,322.63577950732224,927.6154933182708,437.6782844716141,919.5892720416923,435.47500804274944,910.7761663262336,323.10791017065037,919.1171413783642,319.6456186395773,911.0909201017856,409.0356908963731,956.2580868935117,336.4849456316145,952.6384184746626,335.65875396840715,1425.9764316808805,289.8286049888964,1420.6146872320242,313.82879442663466,1423.9338623670305,329.531046026857,1423.8062017849147,321.99907168203487,1423.5508806206835,297.6159004979498,1420.4870266499086,304.50957193219375,1423.6785412027991,337.3183415359103,1433.8913877720495,287.4030539286995,1429.6785885622337
labeled-data,video,4001.l.png,306.7687811799589,275.3763761318664,264.2770214804257,246.57640566884942,336.5130129696322,263.10097888533454,280.9589715846869,218.87807342026477,329.11629924415786,219.35020408359293,338.5589125107208,241.5403452600158,302.8343589855577,211.00922903146233,307.87041939439126,237.9206768411667,254.99623524940745,840.7293500955319,350.64337464490666,835.8790894770989,302.3347788853137,821.3283076217998,272.6511839005036,836.4611207513108,333.95847811749707,836.2671103265734,240.25144296937106,832.1928914070897,368.2983232960029,833.1629435307764,245.68373486201602,838.401224998684,361.3139480054593,835.2970582028869,264.3087356367988,838.2072145739467,342.6889472306765,836.8491416007855,240.4454415526518,809.6876821375604,366.35820720717305,808.5236195891365,238.69934773001592,785.0483581959206,363.2540404113759,774.9598161095801,237.34127475685466,798.0470566533212,367.13424890612237,792.4207543359389,243.74363061464283,821.5223180465372,366.55222947336694,819.0001825249519,236.75925532409926,849.4598192087112,363.4480626775698,841.5053917944812,268.3829545562826,847.7137253860753,323.09389433220707,839.5652875471079,286.61993448159075,831.9988809823524,306.7970186542721,826.9546099391821,297.87253911635537,835.2970582028869,245.10170358780405,880.8895080161573,355.4936352633397,864.0106010640103,240.44545339410837,872.9350806019271,239.8634221198964,860.9064342682132,356.65769781176357,856.4441944992549,359.3738437580861,849.265808783974,274.59128814787687,906.1108158661827,343.8530097791004,887.4858150913999,383.98083698174366,1343.630307436018,429.62013443679785,1334.3450710572313,408.8463852503594,1337.8073625883044,389.9611587172335,1340.168015904945,398.6168875449162,1338.7516239149606,423.3250589257559,1334.0303172816791,416.5578527513858,1337.3352319249761,385.082475196176,1351.3417749370444,434.3414410700793,1343.787684323794
labeled-data,video,4001.r.png,283.8724986337314,282.1759644396109,313.9832589243,241.71045907120447,247.72758917058334,279.1661583619041,294.6259017278459,219.20556411922945,245.3669358539426,233.68423779462594,239.38661411845274,256.81864029770514,270.0751072347823,215.74327258815634,274.3242832047356,247.0612732555901,424.96612292676167,832.9782318523501,339.3427787575579,837.283316196053,385.6051152085206,821.1288217404884,411.2653881981769,830.8004645769221,363.90946041744405,834.6272062157691,441.6401499565257,830.0829505196382,318.4669034561348,838.4539478546162,434.4650093836874,832.9530067487734,327.7945862008246,839.410633264328,418.9188714758711,832.4746640439175,352.9075782057587,837.0189197400485,447.1410910623685,807.1225006865557,306.98667853959347,815.2543266691057,442.11849266138165,789.4238206068878,311.05259153086854,787.5104497874644,444.0318634808052,798.2731606467219,305.7908217774538,800.6648741710012,445.4668915953729,819.5594110128088,312.24844829300827,826.9737229380751,449.9065954447159,846.0867347202959,330.4575376226946,844.040835179207,422.20826319613116,843.7260814036549,359.25750808571155,839.6342823214776,402.85090599967714,828.4605232893781,387.11321722207225,827.2015081871698,394.6673078353226,832.2375685960033,444.71315814810623,884.4866953376518,343.04768864477853,875.2014589588648,447.07381146474694,873.1555594177762,450.69347988359607,859.621147069036,339.5853971137054,866.2309763556301,335.6509749193042,857.4178706401713,425.3558009516522,911.2407662595801,350.2870254824768,891.5686552875741,276.35399314603063,1338.4826809043655,225.5450814640104,1330.8230459774277,251.7155007977143,1332.8656152912777,269.2050005475554,1334.142221112434,260.6517415458083,1332.9932758733935,234.4813222121044,1328.269834335115,241.88563597481087,1331.461348888006,275.84335081756814,1346.3976369955344,225.03443913554787,1342.8231406962968
labeled-data,video,4002.l.png,393.10416029911016,415.11002681444563,361.77271313104956,378.7559812453982,417.10514834153463,409.5418916042315,375.7809278724853,353.86089970462046,420.01530471259446,357.1590769251549,427.58171127734994,381.992411291532,397.5100954430652,345.130430591441,399.0621788409638,377.5301715225736,341.7670419049193,954.1471003290116,415.1046716085582,961.7011909422619,380.1670025222753,943.1307181846881,354.1998160392272,953.2028390023553,400.46862104538565,960.1274220645014,328.07525266840304,948.9536630324019,428.9538377328505,958.2388994111889,333.7408206283408,952.5733314512511,422.8161391095846,960.7569296156056,347.27523297708103,954.1471003290116,408.33746543418806,961.0716833911578,327.2883682295228,929.5963058359479,432.73088303947566,936.67826578587,327.4457451172989,907.8782953228531,434.93415946834034,906.6192802206448,326.18673001509046,917.7930392527443,438.5538278871895,923.1438534371299,326.50148379064257,939.1962959902869,428.16695329397027,947.2225172668655,328.075252668403,963.8450668172932,426.75056130398576,968.7237503383507,352.94080093701876,962.4286748273088,395.432560636552,966.2057201339339,369.62275104127997,952.3565540096416,383.1571633900202,953.1434384485219,376.232580327874,958.4942526329075,331.222790423924,996.1073288113834,416.9931942618707,992.9597910558623,328.54738333173117,987.7663537592528,325.39984557621017,975.805710288273,420.4554857929438,986.5073386570443,421.8718777829282,978.0089867171376,348.6916249670654,1013.2614095789727,405.032550790891,1010.4286255990037,379.23006488912137,1442.2065298677019,417.27291835957874,1441.0575846286613,398.6344733706969,1439.780978807505,384.46414875586214,1439.5256576432737,390.9748384437592,1439.780978807505,412.2941556570692,1438.75969415058,405.91112655128774,1439.2703364790425,376.8045138289244,1449.2278618840614,418.67718476285063,1448.8448801377147
labeled-data,video,4002.r.png,373.36394448540125,413.1241453683115,409.0618626370683,376.26216466822046,345.0384224737524,402.2595615830215,394.1230599322946,349.8767469039448,345.42644332322703,357.831174318175,339.99415143058206,380.53039401244155,371.8118610875027,341.92231948971465,371.0358193885534,373.35200829716064,396.86368749871957,952.550124507839,324.7850728972891,957.2714311411204,359.4079882080199,938.2288277202184,383.48665203775545,951.2911094056306,338.7916159093575,955.855039151136,408.8243309696993,949.7173405278701,309.2047610074603,954.7534009367037,403.0013861219855,952.550124507839,317.2309822840388,956.3271698144641,390.2538582121255,952.7075013956149,330.60801774500294,957.2714311411204,409.4538385208035,929.4157220047597,307.0014845785956,930.9894908825202,410.24072295968375,906.2813195016804,304.01132371085066,908.012465267217,412.1292456129963,918.2419629726602,302.2801779453141,920.917370064853,410.7128536230119,939.959973485755,309.20476100746026,942.3206268023957,412.75875316410054,966.8714212954592,312.1949218752052,961.0484764477454,386.6341897932764,960.8910995599693,339.8932541237898,962.779622213282,372.3128930056559,950.50422496675,357.67684244248335,949.8747174156459,364.4440486168535,954.1238933855992,406.30630076528246,998.9763064017732,319.9063893762316,988.432054920778,411.8144918374442,988.2746780330018,416.3784215829496,976.7861652253503,316.75885162071063,980.4058336441994,315.8145902940543,971.5927279287407,390.7259888754537,1014.24186451605,328.08998754058615,1002.5959748206224,342.54448725690247,1444.3208215311274,304.6369680873111,1442.690012117123,324.01981245833645,1442.3185751178926,336.96423632817323,1441.9043535540577,330.7509128706516,1442.2150197269339,311.07538858849966,1440.3510226896774,317.7029336098561,1441.800798163099,346.42141776223235,1450.6147465776285,302.20804735111824,1448.9717350626267
labeled-data,video,4003.l.png,380.01498277299345,243.40333083521773,345.0931063202757,212.94369415145837,412.6087341288633,229.04655940465597,355.1816484066164,185.0061929892841,404.2662858651585,184.03614086559753,416.68295304834703,203.82520418880426,379.0449306493068,177.63379684926593,383.70118084300253,205.3772875867028,334.636958055618,824.587171206462,413.4051904989703,831.1835256475309,370.3348762072851,814.1106082706469,346.2775835398573,823.4231086580384,396.13826269734875,829.6314422496326,319.69815535084433,819.7369105880293,429.3140453274306,825.5572233301489,326.48852021665056,823.4231086580384,422.7176908863617,829.243421400158,340.2632603730004,824.7811816311996,405.6447735094775,831.5715464970059,312.71378006030073,794.3215449474402,435.9103997684995,800.9178993885092,315.23591558188593,776.2785754468694,434.35831637060096,770.6522731294871,311.5497175118768,785.0090445600488,439.40258741377124,784.4270132858369,318.1460719529457,806.7382121306287,431.4481599995411,812.7525352974858,316.20596770557256,833.5116507443789,425.4338368326842,837.9738905133374,341.03930207194963,832.9296194701669,392.84008547681435,835.6457654164894,358.1122194488339,822.647066959089,377.51326192256596,823.0350878085636,367.23070941148796,829.0494109754205,310.5796653881903,864.5533187023503,415.1512843216062,866.6874333744609,306.89346731818114,853.6887349170604,308.0575298666051,842.0481094328211,419.8075345153019,856.7929017128575,424.2697742842603,849.0324847233647,328.2346140392865,883.5663876924341,403.1226379878923,884.3424293913833,355.1656711547137,1370.1880092851277,402.63036852730335,1367.1992728376251,378.52755768187376,1367.5071370606995,362.82530608165143,1366.7411735680057,369.59131693377975,1367.379476478584,396.1447180138305,1365.7198889110807,387.2084772657365,1367.251815896468,352.61245951240113,1377.8476442120655,408.6554550611621,1376.571038390909
labeled-data,video,4003.r.png,353.07626110818825,244.9500145289122,382.1778248187864,211.77423189883032,324.1687078223274,236.02553499099542,368.20907423769927,184.8067828603427,323.19865569864083,193.53725197352213,316.02026998336,213.52032572146618,345.3158441186954,179.1804805429604,343.95777114553414,206.34194000618533,411.25561088455595,828.9571423456871,329.77123249488113,837.6876114588665,366.6332131949721,816.5404751624986,395.54076648083293,827.9870902220006,340.82982670490844,836.3295384857054,425.806392739855,822.9428191788302,307.46003365008926,830.1212048941111,420.1800904224727,826.0469859746273,316.96654446221794,834.9714655125441,403.3011834703258,828.9571423456871,335.5915452370008,837.1055801846546,427.74649698722817,796.363390989817,301.2517000584949,804.3178184040473,422.5082155193205,775.9922963923983,305.7139398274533,777.3503693655597,428.7165491109148,786.080838478739,301.0576896337576,791.9011512208588,423.4782676430071,809.9441207214295,305.519929402716,816.1524543130239,427.35847613775354,837.6876114588666,312.04992432106593,839.3503887929496,398.96659460338566,836.6342428466272,346.9718007737837,837.9923158197884,382.28169807597607,827.515752883973,362.49263475276933,825.7696590613372,373.3572185380593,831.5899718034568,423.7999289697628,871.1680984498704,320.3923725847708,870.5860671756583,427.8741478892465,860.4975250893177,429.6202417118824,849.2449204545532,316.70617451476164,861.6615876377416,312.24393474580324,850.9910142771889,405.3689386197173,889.0170575257034,333.77909189164586,888.0470054020169,344.9197095052637,1378.202824874612,300.110845182678,1371.5644746045991,321.5578229781037,1374.75598915749,338.40901981736664,1375.2666314859525,330.7493848904289,1374.8836497396055,306.74919545269074,1371.1814928582523,313.3875457227034,1373.2240621721023,345.94099416218876,1384.9688357267403,297.42997295824983,1379.862412442115
labeled-data,video,4004.r.png,355.81741621082455,305.36662990572813,376.77054208245517,266.37053453352667,326.3278316507518,299.93433801308316,356.20543706029923,245.80542951137062,314.49319574177525,261.71428433983095,315.0752270159872,279.3692329909271,333.8942382155073,245.417408661896,342.0426760544748,270.6387638777477,432.2340537903716,819.364946753688,355.7939464438672,822.6631239742222,394.5960313913314,811.9925506136697,420.98144915560704,818.5889050547386,370.7327491486409,822.0810927000103,446.2028043714587,815.6787486836788,337.16894566908445,818.3948946300011,440.38249162933914,818.2008842052638,344.73535223383993,821.4990614257982,426.8017618977267,819.1709363289505,363.74837385809735,823.6331760979087,451.14041274698525,794.1335133315806,330.1845703785408,797.8297896078452,446.57570791155007,773.5322930855694,333.28873717433794,775.1305699135787,451.04665360853016,784.7687441854575,330.0244217629142,786.8113134993077,441.73582905452537,805.3178907815438,332.83970914052213,808.5497181594566,448.76936460622494,831.2760926591598,332.3780274563367,821.9817901798086,413.26974777322596,831.4244034463716,368.57471164482797,828.7489963541788,399.5779585367097,817.2604835465272,386.6730537390737,816.7883528831991,392.81075236233954,824.0276897208973,442.54184889957105,864.9456805426701,341.9780176106757,850.3096299794975,447.10577864507644,855.9751979394354,448.36479374728486,844.3293082440076,340.0894949573631,843.0702931417992,337.2567109773942,833.1555492119081,428.096775343403,879.2080378415579,350.50996966981086,868.0342788094584,327.72085583783917,1318.9074492259833,288.36980727353534,1305.9630253561465,309.70221781102634,1310.9336841221639,324.92486028195447,1314.7652335876355,318.4008706515567,1312.2799042046267,295.1009076858505,1305.9630253561465,301.93556348912426,1308.7590209120312,328.34218818359136,1324.6029957287114,284.02048085327016,1311.0372395131226
labeled-data,video,4005.l.png,,,,,,,,,,,,,,,,,,,,,,,,,,,,,,,,,,,,,,,,,,,,,,,,,,,,,,,,,,,,,,,,,,,,,,,,,,,,,,,,,,,,,335.4264926882141,1423.0911630232408,378.313109094296,1415.5006114469431,357.293384953418,1419.549407691363,,,,,,,,,,,,
labeled-data,video,4005.r.png,,,,,,,,,,,,,,,,,,,,,,,,,,,,,,,,,,,,,,,,,,,,,,,,,,,,,,,,,,,,,,,,,,,,,,,,,,,,,,,,,,,,,336.43288282930115,1428.6487805758698,292.00903973353,1414.3593285345507,313.9855017179924,1419.9366882048498,,,,,,,,,,,,
labeled-data,video,4006.l.png,354.86548151571753,361.4153463982221,319.9436050629998,337.3580537307943,383.9670452263157,348.02862709134695,334.1063660688242,310.0025838428321,376.7886595110348,306.5103961975603,393.2795456137071,324.55336569813113,356.4175649136161,299.9140417564914,361.1845115264741,323.4400181814744,304.85157390997773,860.1197826241613,381.8737125306941,863.6119702694331,340.1614712121701,845.1809799193876,317.85027236737824,857.4036366778388,368.29298279908164,863.2239494199584,292.0468858773146,857.2096262531015,396.61850481073054,860.3137930488986,298.2552194689088,859.7317617746867,390.41017121913626,862.6419181457464,311.64193877578396,859.343740925212,375.2773580896252,863.6119702694331,286.8086044094069,833.9283752846228,404.18491137548597,837.2265525051572,285.8385522857203,817.8255100314253,399.7226716065277,802.1106656277022,284.28646888782174,825.1979061714435,407.28907817128317,819.7656142787985,290.88282332889065,845.1809799193875,398.94662990757837,846.7330633172861,287.0026148341442,864.9700432425941,394.09636928914534,870.402335135239,313.0000117489452,866.9101474899674,363.8307430301233,871.3723872589256,332.20704379794,857.9856679520504,350.05600287377354,857.7916575273131,339.96746078743286,863.6119702694327,286.0005745555278,895.7716684618313,386.52996272438986,898.7278571468878,283.8984480383471,887.863273361598,282.73438548992317,878.3567625494693,389.82813994492426,891.1614505821323,393.7083484396707,882.2369710442156,304.97714071563655,912.698076068592,375.7909457447587,909.7879196975322,359.3393303212108,1335.1568474433993,401.5899298323581,1328.2186362491668,381.3966285954127,1329.6684117225886,366.07043073352594,1330.8075210231343,373.62997427351064,1329.875522504506,396.6192710663408,1325.6297514751996,388.33483978964523,1328.3221916401255,359.3393303212108,1342.405724810508,403.8681484334494,1335.674624398193
labeled-data,video,4006.r.png,330.1547535908523,354.5084615995902,365.2706404683074,323.2727832168815,303.381314977102,341.12174229271506,352.85397328511885,298.8274696999792,307.6495443213231,301.3496052215643,296.78496053603317,319.9746059963471,330.7367848650643,290.67903186101165,326.8565763703179,315.70637665212604,379.92206877210805,868.4750648011594,307.15553696619963,874.3474515784784,339.07068249510684,856.602630664406,371.62413093459213,868.2197436369282,317.75136528179684,872.6878640109752,393.70941164059593,862.9856597701875,292.7298911871336,870.7729552792408,387.58170369904576,867.3261195621188,298.8575991286838,873.9644698321315,375.9645907265235,868.6027253832751,312.3896208329404,873.8368092500159,397.400633018366,838.5336124833374,281.57640945018545,846.8760607470423,395.0725079215182,823.0127785043517,282.7404719986094,823.2067889290892,398.3706851420526,831.3552267680565,280.6063573264988,834.4593935638537,393.71443494835694,853.4724151881111,288.560784740729,857.3526236828576,393.9084453730942,879.0817912534375,289.7248472891529,877.3356974308016,367.52302760881855,879.4698121029121,322.1245882202855,880.6338746513361,353.9422978772061,870.351322140258,333.76521370452474,868.6052283176222,344.6297974898147,874.8135619092164,395.46052877099277,905.0791881682385,294.96312875706053,909.7354383619341,397.20662259362865,896.1547086303217,397.7886538678406,886.648197818193,291.6649515365261,899.2588754261188,288.9488055902036,888.2002812160915,376.44750714673535,920.7940325719615,307.7678167897237,920.0179908730122,295.4799700332874,1339.5825067397407,256.28817132378936,1331.0292477379935,275.309598059018,1334.348422873,289.9905650023153,1335.6250286941563,283.3522147323026,1335.1143863656937,263.18184275803327,1329.4973207526061,268.9265689532366,1331.7952112306873,295.60763061540297,1346.4761781739846,252.2030326960892,1335.752689276272
labeled-data,video,4007.l.png,297.4466981721306,341.100106576451,264.4240928717359,313.38470569933406,330.65663004542023,330.9811214803005,282.5420447105647,282.28450487123297,327.9404840990978,285.1946612422928,338.80506788438777,308.6699226355086,309.12147289957767,275.1061191559521,308.34543120062835,305.37174541497416,221.92716782609637,923.0179528508352,294.09904582837976,929.8083177166415,252.38680450985572,915.8395671355544,231.43367863822508,922.0479007271485,276.44409717728354,928.6442551682176,198.45190643288055,920.6898277539874,316.60425509790895,928.2562343187428,208.73445894395854,924.7640466734711,307.87378598472947,931.1663906898027,226.58341801979208,921.4658694529367,285.5625871399376,929.4202968671668,200.5860211049911,895.0804043228349,319.5144114689688,901.0947274896916,203.69018790078823,872.9632159027802,315.0521717000104,876.0673826985773,200.97404195446575,883.6337892633329,319.12639061949415,889.4541020054525,202.13810450288966,906.9150402318114,319.12639061949415,915.0634780707788,185.84122882495467,936.0166513082359,296.81519177470227,935.6286304587613,213.00268828817963,936.2106617329733,270.6237844351639,933.8825366361255,230.46362651453848,924.9580570982088,250.0586794130079,920.883838178725,236.67196010613276,927.8682134692685,200.78003152972838,965.5062358683085,295.45711880154096,958.1338397282902,196.12378133603266,958.1338397282902,190.885499868125,948.6273289161616,296.23316050049027,951.3434748624841,296.0391500757529,943.7770682977285,212.80867786344226,977.1468613525477,283.4284724678271,975.5947779546492,336.34371300891297,1428.4753228155942,371.241879761993,1418.326894501642,354.7765725995606,1423.9188856134115,341.1072609930129,1425.782882650668,347.7348060143694,1425.1615503049159,366.06411021405825,1419.362448411229,360.88634066612354,1422.2619993580724,332.7192743253587,1434.3779801002397,377.66231400143204,1425.472216477792
labeled-data,video,4007.r.png,296.6685161800906,339.76127423865535,319.0160342442896,305.61048959125276,260.3144551038233,335.19734449314996,303.90785301778885,282.47608708817353,254.33413336833343,293.0203385691688,249.61282673505195,314.4235953067115,277.46853587141266,277.12527290378785,281.4029580658139,305.13835892792457,397.40242285808284,921.9709806646077,312.89103412234454,927.0070410734413,353.022140505237,912.3709905102687,387.17292515263966,920.5545886746233,330.6746224410381,926.062779746785,410.3073276557189,915.5185282657898,293.2189231503384,927.9513024000976,404.7168059225045,919.9388899430046,302.27930166119904,929.0573799056586,392.30013873931597,921.6849837656405,321.48633371019383,927.3112860830228,408.014983143039,885.2110239150242,288.31055108011196,899.7618057703231,400.0605557288088,863.6758667691817,289.6686240532732,879.1967007481671,405.1048267719791,873.9584192802596,286.9524781069507,890.0612845334571,406.46289974514036,900.5378474692726,289.2806032037986,912.7605042277237,416.08228078697095,936.4957774885701,301.43887958992826,919.0060900556757,397.7298583509772,935.0195615611804,339.3101806345007,927.7571022751372,374.6709912531958,921.0841987871977,355.7857647200699,914.9465001639318,366.9595237521694,922.8153445527342,405.83161503285356,964.2054660378351,309.20220593835944,950.985807464647,411.33980610501527,955.2349834346002,415.3722065612483,947.0164812097594,309.0518628953149,939.7284274961644,306.17865025757015,927.7674609488528,390.88081069412885,979.3136472643357,320.2185880826828,968.6120188955643,274.2152693874528,1431.8514914944572,234.8642208231489,1421.9101739624225,253.7113019776313,1426.8808327284398,268.9339444485594,1428.1234974199442,261.89217786336815,1428.0199420289855,242.32020897217492,1421.5995077895464,247.80864469298564,1425.2239464731006,274.21526938745274,1439.307479643483,230.2042282300076,1428.5377189837789
labeled-data,video,4008.r.png,310.1452970776303,264.3591920833202,332.26248549768485,219.5427839689991,272.70128510332734,260.09096273909915,310.5333179271049,196.64955384999524,264.94086811383454,215.08054420004072,262.0307117427747,240.1078889911551,288.9981607812623,198.00762682315647,291.52029630284744,226.52715925954266,423.5705966236972,887.196847591946,339.14310921663315,893.4153027550724,383.1506380633748,875.9557940278327,409.93782953530445,885.5226481249504,358.0376460584407,891.9802746405048,445.0960183422121,877.1516507899723,311.6384036874196,882.652591895815,436.7250210072341,884.3267913628107,322.4011145466771,889.3493897637974,416.63462740328686,887.9143616492298,349.9058200758906,894.3719881647842,448.92275998105924,850.6036306704708,307.33331934371665,854.4303723093178,437.68170641694593,831.2307511238074,315.2259739738388,825.0122959606808,445.4751705470411,839.7556981690426,309.6678732309165,839.367677319568,447.6092852191516,865.365074234369,308.11578983301797,870.4093452775393,445.25435252134093,896.6596592875991,323.44464138267904,895.8727748487188,417.5560202727563,897.4465437264793,359.79870245894637,898.5481819409116,392.6904720041406,884.3842620410671,378.21179832874407,884.0695082655151,386.8675271564268,888.9481917865726,440.84779966361157,925.4596297506159,328.32332490373653,923.7284839850794,444.9395987457889,914.7580013818447,447.14287517465357,905.1580112275058,326.5921791382,915.2301320451727,322.5003800560227,905.4727650030577,417.37596245370156,955.8665323524783,340.54783425772246,939.1816358250687,375.3053746688263,1426.2490817717858,332.9220614064376,1430.4618809816016,353.4754151270538,1427.0150452644796,368.6670243988136,1425.2277971148608,360.624407725529,1426.2490817717858,339.17742993010336,1427.1427058465952,346.4540831106942,1427.2703664287108,379.64583446075767,1434.1640378629547,331.77311616739695,1437.100231251614
labeled-data,video,4009.l.png,295.430392634022,302.95064120099755,263.418672552364,257.3581913877271,335.3965401299101,288.7878801951731,278.7454961066124,227.4805859781797,328.60617526410385,232.13683617187542,339.66476947413116,259.8803269093123,304.3548721719387,220.49621068763616,304.3548721719387,257.3581913877271,248.70303393844716,924.8124545480028,341.19501878580763,928.1027794692102,302.25854124054086,908.5707104055191,262.8114213668116,925.2942466626664,320.96384496987673,927.5168282694993,228.47072477770746,916.6133270788038,364.43429730915807,924.14876315062,237.91265187477592,921.9962209787685,355.8241286217521,927.7363334370391,255.61133195444373,925.5837912651876,330.47196526439006,928.6930188467509,225.1534324243401,890.638350673673,372.45073494865414,895.1465935079492,233.2107087091373,865.8592300069508,362.119547266664,864.5161050908887,227.11374894000105,876.6654947754176,365.8042721250988,877.6463896390349,224.78299173755897,903.2422908588364,367.8094328120579,909.514207678442,216.04644210304824,934.2994003977439,356.98987126852296,914.5030278055092,257.9533066411989,930.4176872026225,,,,,,,,,240.75461348388785,968.2928081573701,349.34466604936165,950.9813505020047,233.8300304217417,957.7485566763748,224.70217093073083,945.473159429843,352.1818575240809,937.7494503238152,357.36592321048516,925.6262654191976,259.0103324659095,980.2534516283498,341.1610678850071,971.125592137339,348.992867491297,1475.1805233192601,398.49234436955294,1471.141863071871,375.29593679480536,1472.7987493272103,355.93107868552954,1472.7987493272103,364.83684230797724,1472.7987493272103,392.9003532577834,1469.1743106436559,383.9945896353357,1471.3489738537885,348.37153514554484,1481.9116237315754,398.18167819667684,1477.665852702269
labeled-data,video,4009.r.png,,,,,,,,,,,,,,,,,,,,,,,,,,,,,,,,,,,,,,,,,,,,,,,,,,,,,,,,,,,,,,,,,,,,,,,,,,,,,,,,,,,,,359.28468873322095,1468.1050653524248,313.00243386439115,1466.463122829362,336.50273622572604,1469.131279429339,,,,,,,,,,,,
labeled-data,video,4010.r.png,307.8149027736849,433.68063712363755,343.2122629330205,403.0667040128608,285.71174591110525,419.57681097689147,333.71169668280015,373.4653828585091,288.7019067788502,377.71455882846243,280.8330623900477,397.8588004637967,313.724831935242,366.2260460208108,310.2625404041689,394.08175515717153,345.2730727774997,966.2159654103651,271.3551009525805,972.6183094266969,308.2170816526714,955.7394024745498,334.60249941694707,965.0519028619412,287.06994535630344,969.7081530556369,358.4657816596375,962.7237777650934,254.47619400043354,966.4099758351026,352.6454689175179,965.2459132866785,262.624631839401,970.872215604061,339.8407808848547,966.0219549856279,279.1155179420733,971.6482573030102,363.31604227807054,939.0545059471403,250.4019750809498,941.1886206192507,359.43583378332414,921.7875781455188,254.86421484990817,913.8331507312885,362.9280214285959,930.7120576834355,250.01395423147514,928.7719534360622,360.0178650575361,950.6951314313795,253.11812102727228,954.1873190766512,361.18192760595997,974.5584136740699,256.166924777574,975.1351679431882,335.8259968110908,973.1938310257988,292.54905947389267,976.895987907152,319.3577817181747,965.2788749346297,304.93213593910866,966.0448384273235,312.20878911969953,970.002316472908,360.5921497415228,1001.6621408375838,266.25097955807314,999.2365897773868,364.42196720499163,992.5982395073742,366.2092153546105,982.6407141023551,263.8254284978762,991.9599365967961,261.5275380197949,983.6619987592802,347.31544920149736,1018.513337676847,277.995753112711,1018.6409982589626,333.49697036583825,1454.8102696438016,293.7945293278777,1452.257058001489,313.19893780945324,1451.4910945087952,328.3905470812131,1451.7464156730266,322.13517855754725,1451.8740762551422,301.19884309058415,1450.8527915982172,306.4329269573249,1451.3634339266796,335.28421851545704,1460.554995839005,291.87962059614324,1459.0230688536174
labeled-data,video,4011.l.png,294.4320430639607,302.25998713610363,250.8386451499951,278.33870019414417,319.4549682203525,285.10590636851424,255.71732867105266,245.6043075367259,307.17957097382066,240.72562401566842,321.6582446492172,259.4534736610182,281.8418920418768,232.85677962686594,287.19270622626243,262.1288807532111,269.29808600431414,891.2725234449276,340.4999118829109,890.1084608965037,304.4139728817692,880.9899709338497,284.04287828435054,890.1084608965036,325.5611091781372,890.1084608965037,249.70303310584475,885.8402315522826,351.94652694241285,888.9443983480799,257.26943967060026,890.302471321241,347.29027674871713,890.1084608965037,277.4465238432816,891.4665338696649,333.5155365923673,891.2725234449277,246.01683503583564,860.6188763364308,361.2590273298042,862.9470014332787,246.5988663100476,835.7855419700538,363.3931420019147,839.4717400400629,241.9426161163519,848.7842404274543,364.16918370086404,850.5303342500902,249.89704353058207,873.423564369094,355.82673543715924,874.3936164927807,248.53895871596427,900.1970029828443,356.21474444517736,897.8688778859963,278.22255370077437,900.002992558107,324.9790660624687,899.0329404344203,290.44521045922556,889.720440047029,310.622294631907,887.7803357996556,299.17567957240504,894.1826798159874,254.16526103334658,930.2686188171292,351.36448382674433,922.314191402899,248.92697956543893,921.732160128687,245.0467710706925,912.4196597412956,353.30458807411753,914.9417952628808,354.85667147201616,907.3753886981253,269.10407557957694,950.6397134145478,339.5298597592244,943.6553381240043,314.70309487817457,1415.9610600745905,354.4055359161351,1413.9184907607405,334.6181456882126,1414.3014725070875,321.9797480587654,1414.9397754176655,327.3414925076218,1414.429133089203,348.15016739246926,1412.2589031932373,341.8947988688035,1413.5355090143937,312.5328649822089,1423.2377132551815,357.3417293047945,1420.0461987022907
labeled-data,video,4011.r.png,292.1787286549651,311.2527574635637,331.9508775675724,281.3751402125597,261.91311423739955,300.0001409873425,313.1318663680522,249.75144098037637,264.04722890951007,254.01967032459743,257.25686404370384,275.9428483199147,288.1045215769378,242.96107611457015,285.5823860553527,270.3165460025324,381.54196228292557,896.2350410718147,309.75810513011686,901.4733225397224,350.6943047496915,888.4746240823218,365.63310745446523,894.6829576739161,324.8909182596278,899.9212391418238,393.1825877671648,892.3548325770682,292.8791981779699,898.3691557439253,388.91435842294374,895.2649889481281,300.63961516746275,900.6972808407731,373.97555571817,896.0410306470774,317.32451169487234,901.0853016902478,401.91305688034424,862.4772271675209,285.11878118847704,871.013685855963,398.6148796598098,839.7780074732541,281.04456226899333,849.6725391348575,401.137015181395,851.224622532756,281.8206039679426,860.7311333448848,395.70472328875,878.9681132701929,286.864875011113,884.7884260123127,400.16696305770836,903.9954580613075,295.5953441242924,908.4576978302659,369.9013367986863,903.9954580613075,329.7411788780609,907.875666556054,357.87269046497244,896.2350410718146,341.38180436230016,895.4589993728654,350.88831517442884,900.5032704160358,407.34534877298927,925.9186360566248,299.6695630437762,936.0071781429655,407.7333696224639,917.7701982176573,405.21123410087876,911.3678542013257,297.9234692211403,927.276709029786,294.43128157586847,918.9342607660813,388.3323271487318,954.0501476435363,311.69820937749006,952.1100433961631,342.179417139282,1419.3858294606239,300.56206736958694,1415.5560119971553,320.2217970153938,1415.9389937435024,336.30703036196303,1416.066654325618,328.7750560171409,1416.1943149077335,306.81743589325276,1414.7900485044615,313.2004649990342,1416.066654325618,344.47730761736324,1426.2795008948683,297.49821339881186,1422.4496834313993
labeled-data,video,4012.l.png,317.06138717108865,366.33357024455137,272.68110481824283,346.03195172144103,338.46464390863133,350.4385045791703,276.458150124868,314.87132794178325,324.77285467211505,306.68772977742873,340.82529722527204,327.14672518831503,298.0187837501867,301.96642314414726,308.56303523118197,330.4516398316121,303.0887557806056,940.9108509778174,374.3233606011264,938.1023181712735,334.87624072739715,927.7618110199076,317.00375923120913,937.7193364249266,360.6636783147541,937.9746575891579,287.51416476249887,937.2086940964641,387.34473997692055,933.2512160508796,294.5354967788585,940.5278692314703,382.62129843864227,936.1874094395389,310.6207301254277,939.251263410314,366.79138625630435,937.9746575891577,281.13113565671733,913.0808440766099,393.60010850058626,907.7190996277534,280.8758144924861,890.6125816242592,392.8341450078925,886.2721218323278,277.3013181932485,900.1871252829313,394.7490537396269,896.2296472373469,287.1311830161519,924.5702964670164,389.2596487086549,919.4638731823912,287.64182534461446,949.0811282332173,387.72772172326734,941.932135634742,314.32288700678083,946.6555771730203,357.2168425976321,944.8683290234015,326.3229817256499,939.3789239924295,343.4294997291442,935.421445946845,332.19536850296885,942.0597962168576,293.84271371751413,982.642023121996,386.2689751692293,968.0887167608142,287.45968461173265,974.7270670308269,282.0979401628763,961.7056876550329,387.67324157250124,959.1524760127203,389.84347146846693,949.5779323540481,307.6866081074966,998.4054309626679,376.14555429007794,984.3988879505995,383.50575937596574,1448.0113462978463,422.0592551748856,1440.60703253514,403.6761313502351,1443.7985470880305,388.9951644069378,1445.4581346555337,395.88883584118173,1444.69217116284,417.20815305449173,1439.9687296245618,411.46342685928846,1442.64960184899,380.82488715153755,1453.245430164587,425.63375147412324,1446.2240981482275
labeled-data,video,4013.l.png,357.57492306471136,286.16388106027915,320.2641920859522,248.13563602423613,388.906370232772,272.29194261945844,335.57115864134056,220.6309304950226,386.2754853560646,223.50098672415794,397.75571027260594,249.80983549123172,363.31503552298204,212.02076180761662,360.9233219987026,244.308894385389,281.6028524220132,850.1960000036493,374.16216581162735,852.5877135279287,325.13203856389896,837.2807469725403,296.67064762497364,849.2393145939375,355.74597167467573,851.152685413361,266.53505721905276,848.5218005366537,396.6442729398541,845.1734016026625,273.4710264394631,850.4351713560773,388.03410425244806,849.7176572987935,287.8213075851397,850.6743427085052,364.59531171450965,852.1093708230728,265.817543161769,819.1037241880167,400.4710145787012,817.9078674258769,269.4051134481881,793.7515608306547,392.81753130100697,788.7289624296678,265.3392004569131,805.9492998044798,396.88344429228204,802.1225581656327,269.64428480061605,832.7364912764095,399.7535005214173,829.6272636948462,263.42582963748947,860.480368158051,389.46913236701573,859.0453400434834,297.6273330346854,860.4803681580511,347.8533170445536,859.5236827483393,316.04352717163704,848.043457831798,333.50303589887693,846.1300870123745,323.2186677444754,854.0227416424966,263.6650009899174,892.0509866785395,381.5764777368936,884.1583320484173,261.03411611321,882.0057898765658,259.3599166462144,870.5255649600246,383.01150585146127,876.504848770723,386.1207334330245,867.8946800833171,277.77611078316613,913.0980656921987,369.61791011549644,902.8136975377971,313.64447118228895,1365.6356851915464,357.87884802239813,1371.8440187831407,338.2837951239287,1369.3218832615555,321.98691944599375,1365.0536539173345,329.359315586012,1366.9937581647077,351.47650400606653,1369.3218832615555,344.2981182907857,1369.9039145357674,308.9882209885933,1373.9781334552513,361.75905651714453,1379.2164149231592
labeled-data,video,4014.l.png,344.70750112794497,303.3722088969859,323.75437525631435,270.39043669164136,373.65796570058365,299.84560323559606,336.7280388352146,246.18831348951866,379.45279863072403,254.3886008194027,386.63548697016694,278.7403763813835,358.7692327528104,241.43997211900273,360.1734494783993,267.68194885147113,264.69695779103546,893.6337098885691,349.8675342507193,899.8420434801633,305.6331574106101,883.1571469527537,275.3675311515881,892.0816264906705,330.46649177698725,899.066001781214,249.3701342367871,888.7834492701361,366.16440992865427,899.648033055426,255.966488677856,892.6636577648825,358.9860242133734,899.648033055426,269.7412288342058,893.0516786143571,339.7789921643786,901.0061060285873,246.65398829046467,859.0999016511523,368.29852460076484,863.3681309953735,254.02638443048284,836.7887028063604,362.09019100917055,841.2509425753188,249.1761238120498,846.4892240432265,366.7464412028663,851.3394846616595,248.20607168836324,873.8446939311888,371.20868097182466,878.3069337001472,242.5797693709809,900.0360539049008,360.34409718653467,904.3042832491219,266.83107246314603,903.1402207006979,322.3180539380198,901.7821477275368,287.78419833477665,892.2756369154079,306.40919910955944,890.9175639422467,297.09669872216807,898.8719913564768,247.0420091399393,929.7196488897108,343.46519023438776,930.4956905886602,244.32586319361678,920.6011589270568,240.6396651236077,909.9305855665041,350.0615446754567,922.1532423249553,357.04591996600027,913.4227732117758,267.41310373735797,949.8967330623922,332.0185751748858,942.5243369223741,306.88332321517476,1405.664685585401,346.7134248352509,1403.7497768536666,327.0536951894441,1403.3667951073198,313.26635232095623,1403.1114739430886,319.521720844622,1403.1114739430886,342.37296504331954,1401.579546957701,335.35163302696,1402.600831614626,304.58543273709347,1411.2817511984888,349.01131531333226,1410.3881271236794
labeled-data,video,4014.r.png,315.54219687464797,295.6011696825382,344.97167488876914,262.5520232495679,288.3159952893915,285.37167197709505,330.6503781011487,235.7979523276396,287.0569801871831,246.34220380863488,282.02091977834954,265.0700534539847,307.5159755980695,232.49303768434257,309.56187513915813,258.9323548307188,323.8150687691655,895.2195992891012,247.9594088611099,894.904845513549,288.87739968288264,883.7310864814497,311.5396715226337,893.1736997480125,263.3823438631627,894.7474686257731,336.7199735668015,892.8589459724604,233.00860452238524,892.8589459724604,331.3691593824159,895.2195992891012,240.2479413600835,894.7474686257731,317.04786259479545,894.4327148502209,255.6708763621363,895.0622224013251,343.0150490778435,867.3638901527407,227.02828278689537,864.3737292849958,342.07078775118725,847.2196485174064,232.8512276346092,836.9901508119632,344.11668729227586,856.9770155595215,228.75942855243193,848.9507942829429,337.8216117812339,880.2687949503768,228.60205166465587,877.1212571948557,345.06094861893223,899.6261521468309,234.58237340014577,899.7835290346069,316.7331088192434,903.4031974534561,270.77905758863704,901.9868054634716,298.32001294944564,890.1835388802679,284.1560930496012,889.5540313291636,291.7101836628516,897.4228757179661,346.7920943844688,923.54743908879,243.86760977893266,926.2228461809829,348.05110948667715,915.6785946999876,347.57897882334896,908.2818809745132,241.82171023784403,918.1966249044044,236.78564982901045,910.327780515602,322.55605366695715,949.82937934739,256.7725145765687,943.8490576119002,232.06300192706635,1407.7624830612408,192.48822147122144,1401.7624357018062,212.91391460972204,1404.187986762003,226.9565786424412,1405.3369320010438,220.82887070089103,1404.8262896725812,199.25423232334975,1400.6134904627654,205.89258259336248,1403.0390415229624,235.12685589784144,1413.507209256444,189.42436750044635,1407.3795013148938
labeled-data,video,4015.l.png,326.22002702997486,287.417646046096,302.93877606149636,258.31608233549787,353.57549691793713,278.6871769329166,313.99737027152366,238.33300858755382,354.739559466361,241.04915453387633,362.30596603111655,256.7639989375993,334.56247529367965,231.34863329701028,335.25810045690895,255.80465998573982,259.9543769157211,868.7494602515857,330.9336605720107,866.57923035562,295.57167932598145,856.2387232042541,268.7629570816994,867.0898726840826,313.5718214042851,865.8132668629263,245.65639171877064,862.3664311458043,340.89118597702964,865.8132668629263,251.2734573318583,866.0685880271575,336.42306560298266,866.4515697735044,264.80547903611495,868.4941390873545,321.99741982391663,867.2175332661982,243.9968041512675,839.5151869471068,347.2742150828111,842.8343620821132,247.5713004505051,819.3448149728374,348.67848148608306,818.9618332264907,244.50744647973002,828.0257345567002,348.9338026503143,830.5789461990129,246.42235521146443,851.5152816659759,340.8911859770297,853.940832726173,245.70111655649916,876.1358840792008,339.40398382937065,870.7741396303443,267.1480943519248,874.2209753474663,309.53140761431354,871.6677637051537,283.6163094448409,863.7528076139847,297.4036523133288,860.561293061094,288.59507214735044,870.0081761376506,249.14795227362114,892.0934568436545,335.95714811224866,889.1572634549951,247.2330435418867,887.6253364696074,245.9564377207304,881.1146467817103,337.74439626186745,882.9018949313294,339.02100208302375,877.4124899003573,268.4247001730811,910.476580668305,328.0421920210797,904.0935515625235,344.0197366291804,1359.1706309011292,376.2764281674435,1355.6425552641317,361.5761130132871,1357.8266020870349,349.22784828379577,1358.6666200958439,354.3519581375303,1358.582618294963,371.65632911899434,1355.5585534632507,366.70022286702164,1356.8185804764641,342.67570781508607,1364.4627443566255,379.8885056053219,1361.4386795249134
labeled-data,video,4015.r.png,288.1975784026421,290.83955827501916,311.4893577934973,259.2068038320333,259.39760793962506,282.0264525595604,300.15822187362176,239.53469286002718,260.0271154907293,243.94124571775654,252.00089421415078,262.5117184753303,277.0238193705426,233.71174801231336,276.39431181943837,257.3182811787207,341.6280691990878,867.854617108472,271.59535413874596,867.0677326695918,309.05105342944563,857.9398731785809,329.03791817700386,867.3824864451439,288.7494349063353,868.1693708840241,357.83788864002076,861.874295372982,255.70028847336494,861.7169184852061,351.8575669045309,865.8087175673836,261.2084795455267,865.3365869040554,334.7034861369416,868.0119939962483,279.9363291908765,868.0119939962482,361.1428032833179,841.5726768498716,255.85766536114104,840.4710386354393,359.0969037422292,821.1136814389853,259.6347106677662,819.5399125612248,361.45755705886995,831.3431791444284,256.4871729122452,828.9825258277878,361.1428032833179,852.274305218643,255.54291158558897,851.0152901164346,365.2346023654951,882.6480445594207,265.9297861788082,871.4742855273212,339.8969234335512,877.7693610383632,298.03467128512216,873.992315731738,326.6772648603631,869.1136322106804,312.1985911849666,863.4480642507426,319.59530491044086,871.4742855273212,356.7362504255884,904.2086781847391,272.38223857762614,891.9332809382073,361.30018017109387,897.126718234817,364.29034103883885,889.7300045093426,271.752731026522,886.4250898660456,269.3920777098812,878.2414917016911,343.83134562795243,914.4381758901824,282.7691131708454,911.2906381346613,245.48533090213454,1362.9755604012062,212.93188246264918,1358.2521188629278,228.6341340628715,1360.8053305052404,240.25124703539376,1360.5500093410092,234.88950258653733,1360.8053305052404,219.05959040419935,1358.5074400271592,222.88940786766824,1360.0393670125468,246.88959730540643,1368.9756077606407,209.48504674552723,1363.8691844760156
labeled-data,video,4016.l.png,311.18336652795824,365.0523076917384,286.93206343579305,329.742410389546,344.16513873330274,355.739807304347,299.93076189319356,309.17730536739,342.8070657601415,316.7437119321455,351.5375348733209,337.3088169543015,322.0479503132482,304.13303432421964,320.30185649061224,329.93642081428334,258.6342267496469,899.3656379987161,336.6264174940499,904.2158986171492,296.0782387239499,891.2172001597487,268.5287584112503,898.9776171492415,321.10558351506427,902.8578256439879,242.7253719211866,894.9033982297577,359.7136580377911,903.0518360687253,249.3217263622555,897.8135546008176,349.8191263761877,904.9919403160985,263.48448736807995,899.1716275739789,329.0600109292944,903.6338673429373,238.06912172749088,870.264074288118,364.9519395056988,875.8903766055001,244.6654761685598,847.7588650185887,358.16157463989254,847.7588650185886,240.39724682433877,857.2653758307174,365.3399603551734,860.7575634759891,238.65115300170285,883.4567831702558,365.3399603551734,890.4411584607992,239.0391738511775,904.9919403160984,344.913423939703,906.9023036677773,268.14073756177567,909.0661592355822,311.98709355241016,908.6781383861077,283.6615715407613,897.8135546008175,298.0183429713231,896.2614712029191,291.22797810551685,900.9177213966148,240.59125724907605,937.5856916719683,341.4766781124829,935.645587424595,237.68110087801625,928.8552225587889,235.3529757811684,917.6026179240242,343.0287615103815,927.1091287361529,344.93358786794397,916.5791439689543,259.60427887333344,961.6429843393961,330.03006305298095,953.1065256509539,312.84350780983243,1395.9924017935468,355.09916049010553,1395.226438300853,333.14154036621744,1394.7157959723904,319.3541974977295,1393.5668507333498,325.86488718562657,1394.7157959723904,349.35443429490226,1392.6732266585404,342.3331022785427,1394.205153643928,312.9711683919481,1402.6307520635594,355.7374634006837,1401.6094674066344
labeled-data,video,4016.r.png,312.5894447661271,360.03292739031593,344.601164847785,326.2751134860221,285.6219957276395,347.81027063186474,332.57251851407113,303.57589379175556,286.01001657711413,307.45610228650196,280.7717351092065,329.18526985708195,309.48527797032995,297.3675602001613,308.321215421906,325.1110509375982,337.87828436655366,902.062881205121,259.18984047852916,902.062881205121,296.4881628814528,891.3612528363496,324.02911824226135,900.6464892151365,276.3439212461185,901.2759967662407,356.6061340119035,895.1382981429748,238.7308450676428,901.2759967662407,348.89466651087713,900.0169816640323,247.7013276708776,901.4333736540168,330.7963244166315,901.5907505417929,268.0029461939879,902.2202580928971,358.33727977744,872.3186494154475,236.99969930210622,874.364548956536,352.1995811541741,849.0268700245924,242.9800210375961,844.462940279087,358.179902889664,860.67275972002,238.25871440431462,857.8399757400512,352.3569580419502,883.9645391108753,238.57346817986672,887.4268306419483,358.4946566652161,906.6268109506265,248.8029658853099,905.6825496239701,326.5471484466782,908.9874642672669,283.58325808381676,907.0989416139544,311.2815903324014,896.869443908511,297.27504732033304,894.6661674796464,303.72749971915107,898.4432127862717,353.77335003193457,935.1120276380913,252.10788052860693,938.2595653936123,355.6618726852472,926.1415450348564,358.80941044076815,915.9120473294133,251.00624231417459,927.0858063615128,250.21935787529435,917.0136855438457,334.1012390599285,957.1447919267382,263.59639333625853,955.7283999367537,276.9010477248599,1396.7372135397381,238.37844228822559,1395.80521502111,256.81130187887317,1396.426547366862,270.06639192158605,1395.7016596301512,263.0246253363948,1396.426547366862,244.48821035478855,1394.5625503296055,249.97664607559935,1395.7016596301512,278.6614893711577,1402.2256492605488,236.51444525096906,1400.5687630052098
labeled-data,video,4017.l.png,330.48814081876725,371.96500017597623,307.353738315688,331.5191400175316,360.5471263839927,363.6240251238456,324.3504421955014,311.5322752699734,366.2126943439304,322.70603430207285,370.77662408943587,343.95191415183945,348.11435224968477,311.2175214944213,342.76353806529914,336.39782353858914,277.4287546838605,939.2786868494259,350.85435987923915,941.9095717261332,313.12327645588016,929.7677452093018,293.45116548387404,938.2660971492085,334.3691563056468,939.839866026969,261.76615360003836,934.614840511017,363.5116375461945,938.061676228139,268.9151461985136,937.8063550639076,358.2775536794537,940.4872272883359,285.8940036198922,938.4446579744858,343.2136049898095,941.7638331094922,256.65971473184607,912.7848809692441,368.49038466513684,913.806165626169,262.6597620912806,891.8485455022811,364.5329066195523,883.9335894111122,258.1916417172336,900.0188227576814,367.9797423366743,898.3592351901782,260.10655044896805,923.3807092848416,363.25630079839607,925.0402968523448,258.19164171723367,950.9553950218171,358.66051984223344,947.7638804689265,284.74504279728444,951.4660373502796,330.7028523589108,948.0192016331578,300.1919732332755,938.4446579744856,316.78784890830724,934.487179928901,308.1383345697032,944.1430809483144,267.74869061706113,983.4823248220706,353.39692069930527,970.5094057480595,263.77919205413394,973.4455991367191,258.4174476052775,964.3816978065095,354.8011871025772,962.7221102390063,357.73738049123665,956.7220628795717,282.80061878936266,997.8287703208043,343.43939529428627,989.5308324832885,314.5146866158062,1445.4851048070516,349.5164087598449,1443.2068862059602,332.1191030787843,1444.1388847245885,320.3137885094931,1443.6211077697951,325.9057796212626,1444.0353293336298,344.3386392119102,1442.3784430782907,338.7466481001407,1443.931773942671,311.71869105992147,1450.8699851369036,352.6230704886058,1449.420209663482
labeled-data,video,4017.r.png,313.96265112080766,365.6558904169404,346.3623920519403,332.2860973621212,290.80189666566633,355.47901909731735,334.3337457182264,311.3329714904906,287.2566068509305,319.26646401531144,282.48650285889784,338.4944309537155,310.27645305079864,304.930627474159,310.6644739002732,334.0321911847571,328.62137969436276,940.8460709630742,253.92736617049422,938.905966715701,290.20731559637323,926.8773203819871,318.5328376080221,940.4580501135996,265.7620020794708,938.905966715701,342.97815112492447,936.5778416188532,240.15262601414443,935.8017999199038,336.96382795806755,940.070029264125,245.97293875626406,937.9359145920143,323.96512950066705,941.0400813878116,259.5536684878765,939.0999771404382,346.276328345459,917.1767991451209,237.43648006782195,911.162475978264,343.3661719743992,895.6416419992782,242.48075111099232,885.5530999129377,347.63440131862023,905.9241945103562,238.40653219150857,897.9697670961261,344.14221367334846,927.8473725056734,237.24246964308463,923.1911223119779,343.17216154966184,952.4866964473131,242.09273026151766,946.2783628557189,315.0406499627503,951.3226338988892,269.4482001494799,950.1585713504653,298.74377428481534,936.7718520435901,284.3870028542536,933.667685247793,291.9534094190091,940.2640396888619,335.140379458833,982.4572518236031,248.6890847025865,971.4997180715707,339.3038145322569,971.6519408438879,342.9282532158112,961.814178702812,246.62172698318642,962.7461772214402,243.2043990815495,953.9439689899513,321.9200527823486,993.5848416443243,258.3397901208248,988.0766505721627,289.7607387107128,1447.2648619608424,249.99546858257415,1444.5724217959162,270.39588060143694,1444.7795325778336,284.79007994469544,1444.5724217959162,277.2305364047108,1444.1582002320815,255.89812586721973,1442.3977585857838,262.62922627953486,1444.675977186875,291.728291138928,1453.0639638545292,246.992362244772,1450.060857516727
labeled-data,video,4018.l.png,397.8561501703921,311.2498089408733,370.3066698576925,276.5219429128929,430.0618806767873,307.9516317203388,389.5137019066873,249.36048344966792,439.18037063944143,261.9711610575938,442.47854785997583,287.9685579723948,417.0631822193868,244.70423325597224,410.0788069288433,275.1638699397316,279.62555316023037,903.0371526625561,363.24404622201564,913.3197051736341,312.025294091363,895.6647565225379,291.0721682197323,901.0970484151828,333.5604512372056,909.2454862541504,257.7023751649131,900.1269962914963,380.51097402363723,913.5137155983714,266.62685470282986,903.8131943615053,371.3924840609832,913.1256947488968,285.44586590234996,902.2611109636068,345.9771184203941,913.5137155983714,255.7622709175399,869.8613700324744,392.5396203573511,886.9342874093586,265.65680257914323,841.1478271713509,389.6294639862913,856.0866298761246,256.9263334659638,854.7285569029633,393.12165163156305,871.9954847045849,256.15029176701455,883.2480893393495,392.5396203573511,899.1569441678098,246.83779137962313,915.6478302704819,371.52174894211885,915.509530354976,270.31305277283894,915.8418406952192,331.62034698983234,915.4538198457444,294.9523767144787,904.5892360604546,314.93545046242275,900.3210067162335,306.01097092450595,909.051475829413,251.8820624227935,949.5996545995131,359.94586900148124,944.5553835563427,247.22581222909778,939.3171020884351,244.5096662827753,926.7064244805092,364.0313203116105,934.6848465679121,366.74746625793296,924.1408892882237,271.8651361707375,971.9108534443051,350.43935818935245,956.7780403147939,336.47031497858995,1418.3594333936728,381.5345004654069,1411.2104407951977,359.19389859517185,1414.0189736017414,343.6193075770652,1415.4232400050134,351.7895848324654,1414.1466341838573,376.3004165986661,1410.8274590488509,368.89610283595965,1412.7423677805853,335.06604857531806,1424.3594807531074,386.0026208394539,1416.3168640798228
labeled-data,video,4019.l.png,362.68274760933775,265.7351634853159,328.214390438118,232.92639388159935,394.34257197401365,255.26699575183437,340.8527880675652,206.24533221943295,392.0446814959323,207.13895629424235,401.7468857367201,228.7135946717836,370.2147219541598,197.81973379980144,371.4913277753161,225.77740128312414,285.5692191617875,878.0192583230544,376.3756834085678,886.3602333751851,332.93966238237823,869.5209063831477,300.047892837184,877.5471276597261,360.79537151873893,885.2585951607527,273.29382191525565,873.4553285775489,393.52976417615713,884.3143338340964,278.48725921186536,876.2881125575177,385.8182966751308,885.4159720485286,292.02167156060557,878.0192583230543,368.19208524421333,886.6749871507369,270.14628415973476,843.8684736756516,398.8805783605429,852.3668256155582,275.6544752318965,820.5766942847963,402.18549300383995,829.7045537758072,271.8774299252713,830.6488151024635,401.7133623405118,841.0356896956827,269.67415349640663,859.1340317899283,395.4182868294698,866.2159917398506,266.8105018215999,887.45883317603,391.91528846674845,890.5965074178177,296.58560130611096,887.9340022529454,352.2970195788323,890.9241631206904,321.29377268695066,872.1963134753406,339.07736100564415,873.6127054653251,329.0052401879771,879.907780976367,271.5626761497192,920.9831486859156,386.1330504506829,918.3077415937228,267.628253955318,910.7536509804725,265.2676006386772,897.6913692950603,386.2904273384589,910.7536509804725,388.6510806550997,901.6257914894616,292.3364253361577,943.4880436378905,369.9232310097499,938.4519832290569,336.63484628058904,1399.6404525297457,379.65646245355595,1397.9808649622425,358.0818240760147,1398.7468284549363,343.4008571327174,1398.1085255443581,350.16686798484574,1398.3638467085893,374.03939684046827,1396.448937976855,366.76274365987746,1397.9808649622425,334.9752587130859,1405.6404998891803,382.8479770064467,1404.6192152322553
labeled-data,video,4020.l.png,241.31068494407828,334.7059937475259,205.4187563676739,305.9924508864024,275.0684988483721,320.73724316643876,224.62578841666868,271.4585952831593,272.9343841762616,278.05494972422815,281.27683243996637,297.45599219796026,250.0411540572577,266.8023450894636,249.25440878207314,295.9309886127561,251.35687616682722,913.2593070876437,352.5917177845208,910.4507742810999,299.3959188234847,891.2765495401675,263.5039902470803,910.8716024386368,329.2735242330321,910.0955607396876,237.11857248280467,909.3195190407383,366.1355049331231,905.6333209707292,243.32690607439895,911.2596232881115,359.1511296425795,908.1554564923143,257.295656655486,912.2296754117981,341.6901914162206,911.4536337128488,232.07430143963435,875.9497259859193,366.3295153578604,875.5617051364444,236.3425307838554,857.3247252111364,358.3750879436302,846.0721205763717,233.4323744127956,866.2492047490532,364.9714423846991,859.0708190337722,237.89461418175398,893.4106642122781,364.5834215352245,887.978372319633,239.64070800438986,928.3324932991696,365.76070744618266,914.9220293250431,265.2500840697162,923.2882222559994,325.97534701249765,918.6319720623036,288.9193558876694,908.5434299759629,307.35034623771486,907.1853570028017,296.67977287716224,912.4236384707093,248.75919796704395,958.792129982929,359.34514006731683,945.5994211007912,244.87898947229752,950.4496817192243,239.0586767301779,939.7791083586716,361.6732651641647,936.2869207133998,364.19540068574986,926.9744203260084,271.07039681183585,980.3272871287716,344.01831651306856,966.746557397159,322.04840925564054,1453.0717668922368,368.77218230996067,1451.5398399068492,345.79327752914753,1450.3908946678084,331.1123105858502,1449.880252339346,337.75066085586286,1450.7738764141554,363.28277727898865,1448.7313071003055,353.4529124560852,1449.7525917572304,320.64414285236865,1459.837777744365,369.15516405630757,1459.199474833787
labeled-data,video,4021.l.png,325.23449610439764,300.2880693326645,285.89027416038533,276.99628994180927,347.5820141685966,287.3831645350285,294.7033798758441,244.57665105994317,340.8148079942265,243.47501284551083,352.30332080187804,263.30450070529304,320.5131894711161,235.29141468115628,321.3000739099964,262.20286249086064,336.49341770284366,923.4358613343705,405.42449454875316,922.9637306710424,374.26387076909543,912.2621023022714,352.3884833682246,922.6489768954906,390.4736902100285,921.7047155688343,317.6081911697178,919.6588160277457,417.699891795285,920.2883235788499,325.6344124462963,922.8063537832667,412.50645449867534,922.4916000077146,343.5753776527659,923.2784844465948,398.0277808232789,923.4358613343709,310.8409849953477,893.0621219935933,426.0408668474156,893.6916295446977,314.77540718974893,869.2982119394098,423.3654597552228,867.2523123983212,311.4704925464519,879.685086532629,427.45725883740005,878.1113176548686,311.3131156586758,906.1244036790052,419.27366067304547,905.0227654645729,308.7950854542591,930.675198172069,419.8802930016077,929.6984193485644,342.63111632610963,930.8325750598451,390.0015595467004,931.6194594987254,358.3688051037145,919.3440622521936,374.4212476568715,918.7145547010894,369.542564135814,924.065368885475,319.81146759858245,960.5768068495183,413.45071582533166,957.2718922062213,315.4049147408531,951.1341935829554,310.6836081075716,941.0620727652882,415.1818615908682,947.8292789396584,418.80153000971734,940.432565214184,332.7163723962185,974.4259729738106,402.11957990545613,974.7407267493627,345.34746996518777,1451.45481016221,388.11584643112855,1452.4903640717969,368.9580991037701,1451.8690317260448,353.5283458509246,1450.0050346887883,361.3985555637854,1451.144143989334,383.24874305606994,1450.5228116435817,376.5176426437548,1451.6619209441274,343.48347292793125,1458.4965767474011,390.60117581413726,1459.0143537021947
labeled-data,video,4021.r.png,295.911073835002,309.3603467976774,330.1241098419905,277.8281830151171,271.80456712029,293.72457160524175,317.9790482077724,247.55009051775937,273.5506609429259,253.95243453409097,265.59623352869573,272.57743530887376,294.5037868145566,242.89384032406366,296.05587021245515,268.30920596465273,329.44667160000324,920.4639125381118,258.7844489885572,923.2966965180806,290.5745803193191,910.5491686082206,314.8106210368307,920.778666313664,267.1254240406878,922.3524351914243,342.66633017319134,918.2606361092471,248.08282061978588,921.0934200892159,336.8433853254775,920.1491587625598,252.33199658973922,922.5098120792004,322.8368423134092,920.6212894258875,262.7188711829584,923.1393196303045,349.2761594597854,890.5623038606623,236.9090615876864,889.1459118706778,348.33189813312913,867.9000320209112,240.21397623098343,862.5492178365255,351.164682113098,878.6016603896825,235.80742337325404,875.4541226341615,348.96140568423334,904.4114699849546,244.6205290887128,902.522947331642,347.41130106822,927.1707756541697,242.73784059670714,927.6797719200837,320.4953616205478,929.1018135152258,274.54131038994143,930.9903361685385,304.1281652918386,920.2887077997672,288.2330996264577,918.5575620342306,295.3150595763799,924.3805068819445,343.629764123627,958.531291529347,250.30526967242992,956.8001457638104,348.8232014202366,949.2460551505601,352.12811606353364,938.5427769797781,247.78723946801313,946.7280249461433,246.37084747802868,938.8591805573409,332.29862820375143,972.2230807658634,263.8396820211701,973.3247189802958,299.6755732661778,1453.0901560872035,255.25031054489793,1452.6759345233688,277.30760881909987,1452.57237913241,293.15158363578007,1451.8474913956993,285.38492931387805,1452.57237913241,262.6027433029652,1452.261712959534,269.2302883243217,1452.8830453052863,301.02179334864087,1459.0963687628077,252.5578703799719,1458.8892579808905
labeled-data,video,4022.l.png,360.51708030825023,282.41653284597305,329.35645652859256,251.41328595409144,392.1498347512361,271.40015070164964,339.7433311218117,227.33462212435595,386.7990205668504,226.54773768547568,394.9826187312049,247.16410998413812,366.340025155964,218.20676263334508,366.8121558192922,245.27558733082554,286.2544195348721,853.6656460048118,362.5822101062559,861.0623597302862,319.9330735189466,845.4820478404573,297.7429323425237,853.0361384537076,344.16911423645814,857.9148219747652,269.7298463183869,847.0558167182174,379.89366776162115,855.8689224336761,276.49705249275706,850.6754851370665,372.654330923923,859.8033446280773,292.392118158138,853.3508922292593,353.1395968396929,860.2754752914055,265.1659165728815,817.9410924796484,384.9297281704548,829.2722283995238,269.57246943061085,803.6197956920281,381.46743663938173,800.7870117120592,266.58230856286593,811.3312631930545,385.8739894971111,816.0525698263361,268.7855849917306,833.9935350328055,382.7264517415901,842.6492638604884,264.7259452003416,861.9028814092381,377.8680843410773,869.4381747521512,297.1455840822077,863.7914040625508,344.2012735272463,867.2536955936237,310.20786576761975,857.0241978881807,325.7881776574486,854.978298347092,317.60457949309404,858.125836102613,265.7762573518978,893.5999514474487,365.22385081997265,900.3659622995768,263.4783668738165,883.131783713967,262.20176105266023,873.174258308948,372.245167252765,889.2594916555172,375.1813606414245,878.1530210114576,285.5636475798203,912.6213781826773,356.159949489763,914.5362869144117,321.1398804039207,1369.4779760511565,360.8015951411006,1366.7855358862305,341.6438478137422,1368.0282005777349,327.56031464335973,1367.303312841024,334.3949704466336,1367.8210897958174,355.41671481124854,1366.3713143223958,349.61761291756164,1367.9246451867762,319.1723279757055,1375.794854899637,363.1833691331506,1373.9308578623804
labeled-data,video,4022.r.png,337.14795081266175,271.1893029038212,370.21204158060954,241.95502959934223,307.14771401548893,261.23177749880216,357.57364395116224,213.74204095178825,307.7860169260671,219.10378540064465,301.40298782028566,238.12521213587334,331.0202428711115,205.18878195004115,331.1479034532271,234.16773409028886,361.8173401664706,850.0730645624892,284.5554219521693,854.7302339038645,328.34300161782994,840.3045881247984,353.36447571249323,849.4961500371237,300.6406552987385,853.4536280827083,373.91860985270006,845.9493373202256,270.52199458383586,851.1427746168353,368.88254944386654,848.9394981879706,276.9744469826538,854.1329354845802,357.55141352399096,849.7263826268508,293.0268895358108,854.2903123723563,383.2038462314869,818.2510050716411,263.4400346339136,820.2969046127297,378.9546702615336,801.2543011918277,269.26297948162744,789.6084114964001,382.1022080170546,809.7526531317344,262.4957733072573,803.6149545084685,380.213685363742,830.841156093725,264.8564266238981,834.6182014003501,382.8890924559348,858.0673576789814,272.09576346159633,860.11325722007,355.5055139829023,860.4280109956221,301.83999525126956,862.7886643122629,339.92520209307344,852.8739203823717,320.5678448966194,852.4017897190436,332.21373459204705,855.0771968112365,381.9448311292786,889.070604570863,276.3449394315497,885.7656899275661,383.0464693437109,877.7394686509875,386.19400709923195,868.1394784966485,275.0859243293413,877.7394686509876,271.6236327982682,869.7132473744091,364.47599658613706,904.965670236244,288.62033667808146,902.4476400318273,328.25702707784797,1368.3795674841806,290.08651302527494,1366.9753010809088,308.0866551035786,1366.5923193345618,321.7463373899509,1366.8476404987932,314.8526659557069,1366.8476404987932,295.83123922047827,1366.209337588215,301.44830483356594,1366.8476404987932,332.72514745189494,1374.124293679384,285.74605323334356,1373.103009022459
labeled-data,video,4023.r.png,,,,,,,,,,,,,,,,,,,,,,,,,,,,,,,,,,,,,,,,,,,,,,,,,,,,,,,,,,,,,,,,,,,,,,,,,,,,,,,,,,,,,287.44929408608476,1360.9444573584858,249.32170083952454,1359.4303438486168,268.2606312015293,1360.980546408975,,,,,,,,,,,,
labeled-data,video,4024.l.png,351.2146135387962,359.742751830293,323.63992780182036,329.2318727046577,382.4830502037979,349.23510573726895,336.89060039052754,303.6426559239986,382.2890397790606,307.13484356927034,391.4075297417147,328.47599029037565,362.6939868805912,297.240311907667,359.58982008479404,324.20776094615456,316.2945014309603,935.1369251535401,385.85508582797394,933.8779100513317,349.8157785272587,926.1664425503053,331.24530576968493,934.822171377988,370.43215082592116,932.9336487246754,300.2420588778033,931.5172567346909,404.7403123610998,930.8877491835867,306.85188816439734,934.3500407146598,395.612452870089,933.0910256124514,323.21908449310644,934.822171377988,377.19935700029123,934.5074176024359,295.3633753567457,907.4385160607721,407.73047322884474,906.8090085096679,296.465013571178,884.618867333245,402.5370359322351,883.2024753432606,293.4748527034331,895.7926263653445,405.369819912204,895.6352494775684,294.7338678056415,918.4548982050956,402.06490526890695,918.4548982050956,299.612551326699,946.1533072978636,404.11080480999556,936.7106940313007,325.264984034195,942.0615082156863,370.90428148924923,937.3402015824049,339.42890393403945,932.3041411735713,358.9436380182695,928.6844727547222,348.8715172006024,933.5631562757796,311.1010641343507,969.1303329131667,396.2419604211932,960.7893578610363,307.32401882772547,963.1500111776769,304.01910418442844,955.5959205644266,398.28785996228186,952.9205134722338,401.1206439422507,945.2090459712074,328.8846524530442,985.8122830174282,387.42885470573447,977.3139310775215,356.69148938177744,1427.3921675895772,394.7343428522348,1423.307028961877,376.9895219381624,1425.349598275727,364.2234637265995,1425.6049194399584,370.0958505039184,1425.6049194399584,389.62791956760964,1422.7963866334144,384.01085395452196,1424.4559742009176,355.8448398497913,1433.2275271088386,398.81284995675776,1428.5007698089717
labeled-data,video,4025.r.png,296.0042533031882,427.34201651309615,326.4638899869476,385.6297751945722,263.79852279679295,413.7612867814838,313.07717068007247,357.11024275818613,264.57456449574227,366.03472229610287,257.784199629936,387.1818585924708,287.6618050394834,351.4839404408038,288.0498258889581,383.68967094719903,373.0050285663,956.613644930494,302.34280595485393,962.4365897782078,338.2247363677931,949.0595543172436,361.9886464219765,956.2988911549419,318.552625395787,961.1775746759994,389.057471119457,949.0595543172436,279.0510265639987,954.2529916138533,382.29026494508685,955.5120067160617,289.28052426944186,960.3906902371192,367.0247068308101,957.0857755938222,310.5264041192085,963.6956048804162,393.6214008649623,922.7776140586435,271.65431283852433,931.9054735496543,387.4837022416964,904.0497644132937,276.2182425840298,909.8727092610073,390.7886168849934,913.6497545676326,273.0707048285088,920.5743376297787,392.51976265052997,938.0431721729202,275.27398125737346,944.4956245717382,394.72303907939465,971.7218261569943,283.1428256461759,962.7513435537597,365.60831484082564,970.7775648303383,321.2280324879798,968.1021577381455,349.87062606322075,958.1874138082544,335.23457550004815,957.7152831449262,346.09358075659554,964.3251124315202,389.372224895009,1000.6791735077878,292.5854389127389,990.1349220267924,394.4082853038426,991.708690904553,396.92631550825945,981.1644394235577,292.900192688291,981.3218163113337,286.91987095280115,973.9251025858593,372.0607672396436,1015.4726009587359,306.2772281492551,1010.2791636621264,293.36567227118985,1441.286864084142,257.32839621756415,1432.2775450707356,274.72570189862483,1435.7984283633311,288.39501350517247,1437.1446484457942,281.2496915290226,1437.1446484457942,263.9559412389206,1431.759768115942,268.5123784411031,1434.2450974989508,293.6763384440659,1446.9824105868702,252.04707127867073,1437.248203836753
labeled-data,video,4026.r.png,347.5732132902575,318.03521551460653,371.01200582819604,282.6378553552709,314.0892239503454,314.20847387575947,350.32828492558923,257.5449330796811,305.9573979677954,274.02768666786494,303.5656844435159,298.18399326308725,322.4602212853234,258.0032060551927,333.7012748494368,283.83371211741064,394.6646881566285,922.5654197458691,320.7467163317092,921.5953676221826,357.9967178812748,912.2828672347912,383.4120835218638,921.5953676221825,332.9693730901604,921.207346772708,411.1555742593007,919.6552633748094,306.58395532588474,917.7151591274362,402.23109472138395,921.9833884716571,312.792288917479,920.4313050737587,388.84437541450876,922.1773988963946,326.5670290738288,921.5953676221827,414.06573063036046,898.1201062289668,301.5396842827144,892.2997934868473,415.2297931787844,870.5706259162672,304.83786150324886,859.3180212815028,417.94593912510686,884.5393764973544,298.8235383363919,876.0029178089123,414.4537514798351,908.4026587400448,303.86780937956223,902.0003147237134,412.9016680819367,932.0719305579981,305.03187192798623,926.2516178158785,385.2632740794571,928.8758490685258,337.90119811455884,927.088600918907,371.7312523752005,919.0459842456224,350.66725632612173,915.088506200038,363.0503327913377,922.4928199627444,401.7314891723732,969.5995747634114,306.2413737498829,951.854753849339,409.2634635171952,957.8548012087733,414.88052913028287,944.8334218329792,305.0924285108423,942.9185131012449,303.3051803612235,934.2375935173822,385.5185952436883,984.791184035171,320.1563772004864,970.365538256105,297.67558393205445,1443.7632941757402,257.7032030219984,1436.1001952447966,278.20717043181986,1440.035300101227,291.77292664740884,1441.6921863565663,285.1453816260524,1441.2779647927314,264.64141421623094,1436.6179721995902,269.9227391551243,1438.378413845888,299.74669175122835,1450.4943945880552,253.8716535565267,1440.5530770560206
labeled-data,video,4027.l.png,322.1099877043126,322.9154791057962,286.9941008268575,295.94803006730854,345.6300950639094,310.3765963835056,294.0104758733653,270.08811311283705,337.918627562883,273.23565086835805,349.2497634827585,291.3339929626037,318.718647254205,261.4323842851544,318.8760241419811,287.8717014315306,308.76273405301214,878.4408255136498,374.23151936784853,881.7457401569468,343.22827247596683,866.9523127059981,320.8807544117679,877.3391872992173,363.21513722352506,880.6441019425143,293.8119297142875,872.1457500026077,387.2938010532606,877.6539410747695,299.6348745620013,876.7096797481131,382.25774064442703,880.9588557180665,314.743055788502,877.9686948503215,367.9364438568066,881.7457401569467,289.40537685655806,849.4834781628566,393.9036303398546,850.2703626017369,290.19226129543836,836.7359502529968,395.005268554287,832.3293973952673,288.6184924176779,842.2441413251585,396.4216605442715,841.1425031107261,293.65455282651146,861.9162522971644,389.8118312576774,863.6473980627009,294.5988141531677,883.0047552591551,386.5069166143804,885.837539239124,316.7209777053552,886.9752842011704,359.8000203441721,889.0463920203443,326.66229523738986,878.4837421425575,350.2729243759722,878.0695205787227,337.4320558970941,884.1792886452857,294.57894376408035,913.1132578962878,381.89878193117045,911.0706885824377,290.7491418841787,903.4110536555002,289.72785722725365,892.0492618472091,384.19667240925173,903.9216959839625,386.494562887333,895.1131158179842,308.110965468337,928.6878489143945,367.7284573163356,932.3900057957477,329.424360926129,1362.223435116144,368.74382021774267,1361.202150459219,348.5734482434733,1361.5851322055657,335.6797294497948,1360.6915081307563,341.04147389865125,1361.3298110413346,362.48845169407684,1358.6489388169064,356.48840433464227,1360.180865802294,325.5945434626601,1367.5851795650003,372.9566194275584,1367.9681613113473
labeled-data,video,4027.r.png,286.19460120240745,331.0663089189943,318.01231085932807,300.4126618104976,257.48105834128387,311.8592768699996,308.8938208966739,277.51943169149376,265.6294961802514,275.38531701938325,255.734964518648,292.45823439626747,288.71673672399254,268.594952153577,284.4485073797715,294.0103177941661,299.1093948242891,882.8429982529204,236.0012628260934,883.1577520284726,265.58811772799066,871.1971085574928,291.3979273232627,881.8987369262642,245.60125298043243,883.1577520284726,311.54216895859696,880.3249680485037,221.36521226292086,879.5380836096234,305.56184722310707,882.6856213651445,226.87340333508257,882.2134907018162,295.17497262988786,882.6856213651445,240.4078156838228,883.1577520284726,319.56839023517546,853.7282740143514,214.1258754252226,852.7840126876952,320.0405208985036,840.9807461044915,215.6996443029831,832.1676403890326,320.19789778627967,847.1184447277574,214.1258754252226,842.2397612066998,314.37495293856585,868.3643245775239,217.90292073184781,865.374163709779,317.99462135741504,889.4528275395148,221.3652122629209,888.5085662128582,292.184811762143,890.3970888661709,250.0078058381618,890.7118426417229,280.8536758422674,883.0003751406965,260.07992665582896,880.3249680485037,269.837293697944,887.564304886202,316.5782293674306,916.521652236995,227.18815711063468,914.3183758081303,317.26331912570583,909.3859803046844,321.0931365891747,897.5135461679308,225.09237883822195,907.0880898266025,221.90086428533124,897.1305644215836,301.56106752548357,933.7691514887696,237.98609763190046,930.83295810011,259.22912811396685,1363.5665206034118,220.8100780682912,1360.0456373108163,240.7962685233192,1361.806078957114,253.94780317507343,1361.806078957114,247.94159049946916,1361.806078957114,226.91984613485417,1357.3531971458901,234.27227889292146,1360.5634142656097,261.9215682788929,1370.297621015727,217.91052712144776,1365.0162960768337
labeled-data,video,4028.l.png,341.10529821884336,393.6376341987234,307.5840211225449,359.95898021464893,370.69215312074056,385.4540360343688,317.8135188279881,337.45408526267386,366.4429771507872,340.44424613041883,377.1446055195586,361.3753722046333,342.99382087215594,330.3721253127517,345.10214474723614,357.69738476896094,265.2352017511225,926.8557729527195,354.40391522515125,937.5304635910345,315.7467753021293,921.7598128483926,274.844628792929,928.8395735624524,338.84186040540214,935.1564524109327,256.10137229046734,921.0535781292309,374.204395649482,939.6401045779103,258.92688999906926,924.5761558882662,365.268154901388,937.8528564282916,270.28868180736026,928.1506521875037,345.7360858376968,936.703911189251,258.41624767060677,898.6610577187934,381.09806708372594,907.4696378847717,266.0758825975445,874.7885288631708,377.77889194871966,883.0864667006866,260.4588169844568,885.3843571787679,380.84274591949475,896.2355066585964,257.3949630136817,909.2568860343905,380.20444300891654,918.065466200369,251.1235278322814,940.7432341295217,367.29465755750357,939.9772706368279,275.37903843425084,941.2538764579842,327.08157419108045,937.8070407408622,296.31537390121395,927.3388730073807,309.8473956054706,926.18992776834,301.6771183500704,932.1899751277746,258.5278415949879,974.0626460617009,353.7626358532469,966.2753505526475,253.4214183103627,966.0200293884163,248.44265560785317,954.0199346695472,357.72011389883136,957.5944309687849,360.0180043769127,947.5092449816502,278.059910658679,988.10531009442,347.12428558323415,976.8711788682449,331.9582332172925,1415.3807234032047,373.79461116460504,1409.0638445547245,353.0835329728662,1412.3776170654025,337.4466689381033,1412.274061674444,344.7991016961706,1412.4811724563613,368.09906466187687,1409.4780661185591,361.264408858603,1411.1349523738984,331.85467782633384,1421.2833806878502,378.14393758487023,1415.0700572303288
labeled-data,video,4028.r.png,326.21790954253925,370.8976728894697,362.8867243943587,336.90426512984305,294.8999088751055,357.9927680918337,346.5195280656495,311.7239630856752,299.62121550838697,315.02887772897225,290.33597912960005,335.17311936430656,323.22774867479427,303.2256111457686,321.9687335725859,333.91410426209814,386.87063934585785,920.9873751160073,299.9985972934788,929.328350168138,347.5264174018456,915.4791840438456,376.9558954159668,920.2004906771272,313.69038652999507,929.6431039436901,401.50668990903046,921.7742595548877,282.84451652588945,924.4496666470804,393.9525992957801,923.0332746570961,290.3986071391398,929.170973280362,381.67720204924825,921.1447520037834,306.7658034678489,929.9578577192422,404.65422766455146,895.1775655207352,276.8641947903996,900.5283797051209,397.7296446024053,872.8300474565365,281.74287831145716,875.9775852120573,401.66406679680654,881.8005300597712,276.5494410148475,886.8365904686046,401.82144368458256,907.1382089917148,278.12320989260803,910.6005005227879,406.0706196545359,940.3447323124616,288.51008448582724,929.3283501681381,383.2509709270088,938.456209659149,331.6313517364647,931.8463803725548,364.680498169435,924.1349128715284,344.2215027585486,920.2004906771272,354.92313112731995,929.8004808314662,402.4509512356867,969.7742103265828,300.628104844583,955.9250442022903,405.75586587898374,960.961104611124,409.06078052228077,950.1020993545766,295.9067982113015,948.528330476816,290.87073780246794,939.2430940980291,378.37228740595117,984.8823915530833,309.2838336722657,972.9217480821036,280.8808402611291,1411.022733196019,239.8054725515803,1400.6358586028,258.45386583709853,1405.6711919610893,275.3333945633657,1407.6387443893045,267.5667402414636,1406.9138566525935,246.44144048588996,1401.5289763227415,251.82632081574206,1403.4965287509567,280.304053329383,1417.4765065303804,235.46456904426833,1405.8783027430065
labeled-data,video,4029.l.png,301.835022051475,220.64742608826458,274.4795521635127,184.9495079365975,337.33891793694806,210.55888400192384,295.4326661936868,151.77372530651564,345.4873557759156,165.3544550381281,349.75558512013663,189.41174770555588,326.4743341516581,149.6396106344051,316.38579206531745,180.48726816763912,281.1684872509571,793.5458306139573,355.76513205680436,794.4900919406135,316.10615633724,782.6868253574098,293.601261385265,792.4441923995249,342.5454734836162,794.3327150528374,262.75539138115937,787.4081319906913,375.59461991658657,787.0933782151392,270.46685888218576,791.6573079606446,367.25364486445596,793.0736999506291,286.51930143534275,792.758946175077,348.5257952191061,794.6474688283896,255.04392388013295,760.9688148443151,380.9454341009722,760.3393072932109,257.8767078601019,735.1590052490429,371.1880670588572,719.7360702469902,252.5258936757162,747.1196487200227,379.84379588653985,736.7327741268034,262.59801449338335,775.7622422952637,376.6962581310189,774.1884734175034,261.0242456156228,800.4704136761034,376.8536350187949,798.2671372472387,291.3979849564003,800.7851674516555,338.2962975136629,799.8409061249994,308.86681949954175,788.8245239806758,324.76188516492266,785.8343631129309,316.26353322501603,794.9622226039418,264.80129092224803,833.9916907724019,374.33560481437814,827.8539921491359,261.1816225033989,822.8179317403024,259.1357229623103,810.5425344937705,374.33560481437814,818.2540019947969,378.1126501210033,807.3949967382496,283.6865174553739,850.2015102133347,357.9684084856691,844.2211884778449,360.56273006937755,1319.5036006221762,405.09154818161613,1313.3938325556132,383.44847147124904,1317.9502697577957,367.81160743648616,1317.8467143668372,374.95692941263604,1318.3644913216306,398.0497815964249,1314.118720292324,392.35423509369673,1316.6040496753328,358.90584381403846,1326.2347010344913,409.75154077475736,1321.4711530503914
labeled-data,video,4029.r.png,287.1518408700658,225.8737950508447,310.23908141380696,185.7136371302193,255.3341312131452,222.96363867978494,296.27033083271994,162.23837573700348,244.08152657838062,174.07301164598005,241.75340148153276,198.90634601235712,271.24298604160555,156.6120734196212,271.24298604160555,188.23577265180447,335.92137038993997,792.5071277857987,264.7870171151658,797.5431881946322,302.0853395180894,782.9071376314597,326.32138023560094,792.3497508980226,277.53454502502575,797.3858113068562,354.0197124841856,787.7858211525172,247.7903132353525,795.4972886535436,346.30824498315917,791.5628664591424,256.13128828748313,797.3858113068562,331.04268686888247,792.5071277857987,270.45258507510357,797.5431881946322,357.6393809030347,762.6055191083494,237.08868486658116,763.7071573227818,358.583642229691,733.9629255331085,245.74441369426384,729.084242012051,364.87871774073295,749.5432374229374,237.5608155299093,747.4973378818487,353.0754511575293,776.6120621204178,243.85589104095126,779.9169767637148,359.8426573318994,800.3759721746011,243.85589104095126,803.9956405934502,325.3771189089446,801.0054797257052,283.9869974238437,803.523509930122,311.0558221213242,790.9333589080381,295.3181333437193,789.8317206936058,302.8722239569696,794.5530273268872,357.63938090303475,833.2677417197954,248.8919514497848,835.156264373108,361.88855687298803,823.8251284532324,363.77707952630067,813.2808769722371,248.10506701090458,824.2972591165606,244.01326792872732,814.8546458499976,335.92137038993997,856.7168979984266,266.99029354403046,849.7923149362805,295.93412912623756,1320.4543078784288,248.9199816309903,1315.58720450337,271.391501469027,1317.347646149668,289.20302871392244,1317.5547569315854,280.2972650914747,1317.8654231044613,256.5830805619337,1314.6552059847418,264.03906871095967,1317.1405353677505,296.5554614719897,1326.2534097721157,246.7453184208577,1321.5934171789743
labeled-data,video,4030.l.png,324.9170760372306,269.7248757826578,293.2933768050473,243.1454475936449,348.0043165809718,254.98008350262145,302.41186676770144,217.73008195305584,345.09416020991205,217.53607152831853,352.4665563499302,236.16107230310132,324.52905518775606,209.19362326461373,326.66316985986657,234.22096805572812,295.43505176889084,839.0141497607585,364.36612861480035,839.8010341996388,337.1399270295438,827.2108831775548,317.15306228198557,836.1813657807896,349.41532427607564,836.4961195563417,283.47440829791105,834.7649737908052,378.0579178513166,836.9682502196698,288.3530918189686,837.5977577707741,371.92021922805066,839.1715266485345,305.82192636211005,836.9682502196699,356.4972842259979,838.6993959852064,281.9006394201506,809.5846717466376,381.5202093823896,810.2141792977418,284.41866962456737,788.1814150090947,380.4185711679573,788.0240381213188,282.5301469712548,798.568289602314,382.46447070904594,799.5125509289703,282.2153931957027,821.8600689931693,378.3726716268686,822.8043303198256,279.38260921573385,850.0305319050822,376.3267720857801,844.0502101695923,311.34273237518335,845.8189268632149,350.662191666797,847.8614961770649,322.9598453477056,834.3294744728082,339.42806044062166,834.2018138906926,328.57691096079327,841.0954853249365,281.3424955780106,870.2020980472998,375.1730234329977,867.7765469871028,280.70419266743244,863.5637477772872,280.4488715032012,856.5424157609275,375.93898692569144,860.2445726422808,378.492198568004,851.3083318941867,303.6830974482457,886.9256343044474,364.83251628163185,886.4149919759849,335.0336462978051,1331.8164781868006,372.1064762610177,1332.334255141594,352.84517354270054,1334.8195845246028,340.4185266276572,1331.9200335777593,345.6998515665506,1333.680475224057,366.6180405402069,1331.4022566229658,360.40471708268524,1333.2662536602224,334.5158693430116,1337.7191354714462,375.73091494457196,1337.9262462533636
labeled-data,video,4030.r.png,298.02066807117626,270.1294177510587,331.8507223318179,248.29945820928623,276.8290114399819,259.78891059969277,321.51021518045195,221.61839654711974,278.9992413359476,222.00137829346667,272.2332304838193,240.25684153600156,302.1058066988764,213.1927981274883,297.25470457848246,235.5333999977233,322.52010980013233,837.8084645218886,255.79230938308754,839.8543640629771,282.5463803050159,826.7920823775651,307.09717479807955,835.6051880930239,267.9103297418433,837.6510876341125,336.21189903664856,834.3461729908155,244.46117346321202,837.0215800830083,329.95986074022136,837.33368747459,249.28136395570365,839.0054006288057,314.5920885394958,836.6654125188646,261.7481242056656,839.3462847432929,338.2544683504986,806.7500548286796,237.5453857605398,807.9760233979889,333.69236943912153,787.2569540800715,242.07208253834477,783.6862709408787,336.8383328204134,798.290651567385,236.90400908262228,795.6152444751923,340.9301319025907,820.0086620804798,242.41220015478402,822.8414460604488,334.68366033760265,846.5040754807994,245.9839738838894,842.4376667966717,310.70788901651315,843.0759697072498,273.04801729240273,840.1397763185904,296.1545826553315,833.6290866306933,283.5161850258843,830.948214406265,294.11201334148143,839.8844551543591,331.8111928011383,872.4406488922068,247.53384114756935,868.991990519221,338.455474409303,863.8142209712861,338.86969597313777,854.5977911759622,246.18762106510627,858.8435622052688,242.87384855442804,848.7986892822754,316.08750996222506,888.3568486284969,255.9218278152236,884.4217437720665,290.2639412495199,1331.882534910878,254.08140614369066,1330.8604293994138,270.84393653170196,1332.836500054911,283.92688707844246,1331.2692716039994,277.8623943770888,1332.2232367480326,259.7370566404587,1330.3834468273972,265.1882860349339,1332.0869560131707,291.35418712841494,1338.0833083470934,252.16534205721678,1338.1690477876448
labeled-data,video,4031.l.png,375.07916360803654,215.4121006764181,340.2278246904698,184.1352502663055,397.3667901354376,208.4826266867022,353.7144445695404,161.3380934755332,398.14283183438687,165.80033324449158,405.12720712493046,186.55944869138494,375.6376225648577,155.7117911581509,378.95748526525404,180.83408850304977,281.5101920249455,776.8538334079127,353.87608045196623,785.1962816716177,315.8106904517426,771.8904481104024,291.4172728464549,777.241262294788,338.7877160670457,783.693714693606,268.12549345559967,774.4084783148191,371.0499780611358,780.0740462747569,273.79106141553746,776.2970009681318,364.9122794378698,782.9068302547258,286.38121243762134,777.0838854070121,345.7122991291918,784.3232222447103,268.4402472311518,745.9232616273543,376.87292290884955,751.588829587292,271.5877849866727,721.6872209098427,377.8171842355058,728.4544270842129,268.2828703433757,731.916718615286,382.8532446443394,738.3691710141039,268.5976241189278,755.9953824450214,375.4565309188651,762.9199655071676,263.5615637100943,795.0248506134816,367.76588240789545,781.9215481791314,286.85334310094953,793.4510817357211,335.9549320870768,792.1920666335127,303.5352932052107,780.0740462747569,323.679534840545,778.5002773969965,309.35823805292455,784.6379760202624,269.06975478225587,819.733021994321,364.59752566231765,812.6510620443988,266.23697080228703,812.3363082688468,263.40418682231814,804.1527101044921,365.44380872714214,801.2188895184656,368.2380130712235,790.6819891882728,281.8172826921159,832.7953036797333,358.1450732634996,825.7133437298112,346.34527773251364,1286.8660561439892,385.0749939510654,1281.895397377972,366.0208020146656,1283.4487282423524,352.14437962620053,1284.3807267609807,358.6683692565983,1283.862949806187,379.3794474483372,1280.4456219045503,372.54479164506336,1282.4131743327655,342.92794983087674,1292.3544918648001,389.8385419351653,1287.4873884897415
labeled-data,video,4032.l.png,311.1649862082387,304.5550603647127,275.292362633747,274.8101447317712,333.37792749635815,294.98051670604053,284.35626396395674,252.46954286153615,331.9736610930862,255.15041508596437,338.61201136309893,276.46973229927437,311.9309497009325,244.42692618825154,310.0160409691981,270.4696849398398,274.44304589031077,879.9927706433008,341.8003538584598,885.3435848276864,310.6397300788021,869.6058960500815,282.94139783021745,879.3632630921966,333.6167556941052,883.4550621743738,260.43650287824244,876.8452328877797,358.1675501871689,880.1501475310768,267.0463321648365,878.7337555410924,350.61345957391853,883.6124390621499,278.6922218602641,879.8353937555247,338.18068543961067,884.3993235010302,253.51191981609628,852.6091921702682,366.82327901485155,857.3304988035496,255.55781935718488,835.4551114026788,365.7216408004192,832.4649505349339,252.88241226499204,843.6387095670334,367.9249172292839,842.694448240377,259.3348646638101,865.9862276312323,361.31508794268984,869.6058960500814,258.0758495616017,889.5927607976395,357.5380426360647,888.1763688076552,280.42336762580067,889.4353839098635,327.7938108463914,889.1206301343113,296.9479408422858,880.1501475310765,314.57415227320325,878.261624877764,303.87252390443194,884.2419466132538,258.23322644937775,913.8288015151513,352.34460533945503,912.412409525167,256.029950020513,904.3861882485884,255.872573132737,896.8320976353381,354.0757511049916,903.9140575852604,356.59378130940837,896.9894745231143,276.9610760947276,936.9632040182305,341.32822319513167,930.6681285071886,322.91282972560566,1396.9115829184868,357.7641686431723,1395.124334768868,341.8065958787187,1396.145619425793,329.9341617419653,1395.124334768868,335.16824560870606,1395.6349770973306,352.2747636122003,1394.2307106940586,347.16834032757515,1396.4009405900244,322.1468662329119,1402.018006203112,362.23228901721933,1399.0818128144526
labeled-data,video,4032.r.png,273.7411703294101,309.72407399944774,306.1608092112763,276.51755067870147,250.92152160188306,302.0126064984214,297.03294972026544,257.3175703700235,250.764144714107,259.36346991111213,244.15431542751296,279.8224653219985,274.8428085438425,248.6618415423408,271.8526476760976,274.4716511376128,353.2732480858181,880.5386717227739,278.22224790399406,889.4742124253963,317.548694560655,870.938681568435,342.5716197170468,880.853425498326,289.2208547609662,888.8796467749045,365.39126844457394,877.3911339672529,256.3290852157719,884.1583401416231,359.41094670908404,878.9649028450134,263.88317582902226,886.3616165704877,347.7650570136565,881.0108023861021,284.2374562060881,889.3517774382326,370.11257507785535,850.3223092697722,254.12580878690724,859.2927918730071,366.65028354678225,836.7878969210319,257.1159696546522,839.6206809010009,369.1683137511991,843.397726207626,255.07007011356353,848.9059172797878,363.6601226790374,864.0140985062885,253.33892434802704,870.3091740173306,369.3256906389752,892.6566920815295,267.9130931042816,884.7061266723417,346.34866502367197,892.0271845304253,299.13559869085725,890.925546315993,329.35196114385866,881.9550637127583,314.243779917358,879.7517872838935,322.2700011939364,885.5747321316073,369.48306752675126,915.6337176968327,275.37168863667387,912.3288030535357,372.3158515067201,908.7091346346865,372.001097731168,900.9976671336601,274.0727896382202,903.2608721415479,271.29727750379044,893.0060557536447,356.10605127683294,933.417306015526,286.2307131042671,931.3714064744375,298.17681541404716,1396.4258742974687,258.98501670454914,1392.9790385803467,276.85749820073715,1394.255644401503,291.2831439798032,1394.0003232372717,283.8788302170967,1394.5109655657343,265.24038522821496,1391.9577539234217,270.729790259187,1393.7450020730405,298.68745774250965,1402.170600492672,257.70841088339284,1398.9790859397813
labeled-data,video,4033.l.png,294.08436155578556,321.11449520688154,253.48112450956492,294.83255494828137,315.8023720688803,308.68172107257374,263.8679991027841,265.2457000463842,310.9236885478228,266.5047151485926,321.6253169165941,285.2325647939424,290.62207002471246,255.48833300426915,289.67780869805614,284.13092657951006,265.1584242649918,859.2860295848604,335.1911393253336,860.7024215748447,307.9649377400771,843.2335870317035,276.9616908481955,858.027014482652,325.74852605877066,858.6565220337561,251.93876569180367,857.0827531559958,346.2075214696571,858.341768258204,257.91908742729345,858.9712758093085,341.8009686119276,859.7581602481888,271.2961228882576,859.1286526970845,329.9977020287239,860.072914023741,248.63385104850659,828.440159580755,365.72225555388707,827.968028917427,250.67976980064114,804.2041188632435,359.74195302944315,800.2696966688421,248.3191164840004,815.0631241197909,364.9353903260527,813.6467321298063,247.84698582067224,844.020471470584,358.0108072639066,842.2893257050473,247.68958972185033,871.8761806069444,355.9648885117721,860.8597984626209,283.72889702256555,864.7942206570222,318.3518123332964,862.1188135648293,291.597741411368,855.0368536149072,307.650183964525,852.5188234104903,297.57806314685786,858.6565220337562,249.57811237516293,889.659768925638,351.4009587662667,889.5023920378619,248.31909727295454,883.9942009657002,247.2174590585222,878.3286330057625,354.5484965217877,880.0597787712991,355.49275784844394,871.2466730558402,277.1190677359715,915.9417091842383,343.37473748968813,900.6761510699615,361.8436971866974,1343.0095201594443,398.4822842538828,1335.9881881430847,381.1204450861573,1339.9456661886693,367.7160839640163,1341.2222720098255,373.8437919055665,1340.8392902634787,393.24820038714205,1336.3711698894317,387.1204924455919,1338.9243815317443,359.92878845496296,1349.0095675188788,402.8227440458142,1340.2009873529005
labeled-data,video,4033.r.png,,,,,,,,,,,,,,,,,,,,,,,,,,,,,,,,,,,,,,,,,,,,,,,,,,,,,,,,,,,,,,,,,,,,,,,,,,,,,,,,,,,,,280.9557539069331,1336.4234337316832,241.99748038902257,1335.674236164031,261.22688462542715,1337.5056079960696,,,,,,,,,,,,
labeled-data,video,4034.l.png,351.55014966792584,283.6589724217959,325.66130192825227,248.34658410488115,379.9653910887928,275.68022203661275,335.9224902589009,230.10539422133328,382.7739238953366,235.46713867018968,385.19947495553356,252.19067492733706,361.32694609991097,223.4670439513206,359.5396979502922,249.50980270290887,282.9079129772641,844.866064865646,353.8848893642622,846.1250799678543,318.47508961465115,835.2660747113072,293.6095413460354,843.6070497634378,340.03572323996985,845.0234417534222,267.1702241996592,838.7283662423802,367.73405548855453,842.0332808856772,273.9374303740293,842.9775422123336,361.5963568652886,845.0234417534222,287.94397338609764,844.2365573145419,347.1176831898921,846.9119644067348,265.7538322096747,818.1119939437177,374.8160154384767,820.0005165970304,265.4390784341226,799.0693905228159,373.24224656071624,797.0234909817272,263.0784251174819,807.8824962382746,375.4455229895809,807.7251193504985,266.22596287300286,828.498868536937,368.8356937029869,830.7021449658017,266.6980935363311,855.0955625710893,370.7242163562995,849.9021252744795,296.1275715504523,851.9480248155684,337.3603161477771,851.6332710400162,307.4587074703278,843.6070497634378,325.24229578902134,840.6168888956928,319.57672782908355,843.7644266512137,275.32215841414313,882.7329690633929,366.08883229835516,872.7754436583739,270.47105629374926,876.6052611218428,267.2795417408585,866.0094328062456,367.2377775373958,865.6264510598988,368.76970452278334,857.7114949687299,286.81161080454973,890.1372828260993,356.51428863968306,888.9883375870587,353.76572974930264,1346.5514931770006,387.7024573051836,1341.7633905267896,371.23810433252845,1345.0394607611445,359.72985761184606,1344.7874553585018,364.8539674655806,1344.7034535576208,383.08235825673444,1341.8473923276704,377.53823939859546,1344.0314391505738,352.84170993961277,1351.4235976280922,392.49055995539453,1345.5434715664298
labeled-data,video,4035.l.png,326.6035328663098,328.4378035260824,299.84946194438146,297.9066872975289,356.6625184315352,320.5689591372799,319.3805511690492,269.88474019208456,360.3884859886922,278.9976145964497,365.23073875665415,301.51473758033836,344.8050456181536,267.68468331969666,336.21944897767594,293.4747758592497,271.03711378700706,888.7482883186373,348.27176596696245,894.6206750959564,308.69698551111753,879.173744659965,282.14358443106676,887.0887007511341,332.952496113087,891.556821125181,259.42000081448487,887.5993430795966,363.7186964029535,895.5142991707655,264.52642409911005,889.3865912292154,356.0590614760158,895.3866385886499,276.3988582358635,887.9823248259435,340.22914929367784,893.8547116032623,254.44123811197534,859.3863544320425,378.2720027641352,868.9608980907145,260.18596430717866,836.7904313975762,366.65488979161296,834.7478620837261,254.6965592762066,847.513920295289,373.80388239008823,848.7905261164452,259.6753219787161,871.6417703151428,374.31452471855073,882.3652592128556,248.1858695883096,905.0888428294377,356.5697038044784,898.4504925594251,279.7180333708699,899.4717772163501,326.31414584307436,898.9611348878876,294.0160185678203,889.3865912292154,310.48423366073644,885.9397555120934,300.1437265093705,892.1951240357592,259.1285012740058,933.4866346037,351.9514045937799,920.6624364992465,254.80170160378646,926.1518415302186,249.31229657281443,916.8326190357776,354.24929507186124,912.4921592438465,355.6535614751332,905.8538089738338,281.18605653902176,954.9178346295336,341.3517386860233,934.8280887835467,352.0481162115301,1370.2921075137083,388.17606095025303,1365.313344811199,371.4525246931057,1367.9942170356271,359.1971088100053,1367.9942170356271,365.58013791578674,1367.8665564535115,382.55899533716536,1365.6963265575457,378.4738567094653,1366.9729323787021,350.48820126904184,1376.003988247784,392.4281346073131,1370.7226633088908
labeled-data,video,4035.r.png,294.96032040301054,327.8660197944174,320.49243682613627,295.0572501907008,262.83743800591355,323.6689423633118,301.4405442171239,270.6649937869656,259.05723095473513,282.15444617737234,253.05718359530061,300.154588255676,278.71696060054194,267.473479234075,281.3978328249702,295.1758255531664,365.7266356723457,883.9528587949856,287.90595699084014,892.8722277362169,332.9419292857911,875.8444910862623,355.6745519755221,882.6249144601919,302.00903324388935,892.2249046145307,379.7532158052576,884.3560602257284,271.00578635200776,889.706874410114,371.8843714164552,884.8281908890564,278.4079696310365,892.49894126097,360.366047765703,882.7967370201821,293.80460442305315,892.831105891476,386.255828244845,854.2409784065593,262.87234822842265,862.424576570914,376.34108431495395,829.3754301379437,273.10184593386583,834.8836212101054,383.1082904893241,838.8180434045066,266.9641473105999,847.4737722321894,381.2197678360115,867.1458832041955,263.8166095550789,877.6901346851907,389.4033660003661,898.6212607594052,284.6523052613387,897.8297903858974,361.49040535268995,896.2764595215169,312.71581621114484,897.3119628669482,344.9215427992988,883.9533174332767,329.0775679826186,884.8853159519049,338.086886996025,887.888422289707,390.5894702120831,925.0648582080339,289.10518707256256,922.0617518702318,392.2463564674222,916.2626499765449,391.62502412167004,906.6319986173863,288.1731885539342,913.2595436387427,285.1700822161321,905.9071108806754,368.11795037404636,950.0217074290796,305.15627267116014,941.4266099795078,309.0189618591062,1370.7961412668058,271.06477720007257,1364.7997889328828,289.3263956715645,1367.5254036301205,303.0226095251835,1367.8661054672752,296.14043241465856,1367.5935439975515,278.08323504545933,1365.2767715048997,282.7167800307633,1366.7077192209492,311.33573435175816,1377.133195437883,268.61172397255865,1370.7961412668055
labeled-data,video,4036.r.png,279.8053594221437,281.7323062521726,313.7676914669117,245.37826068312518,248.2347409016551,279.8189354327491,296.5473540920997,219.5477546209073,248.713083606511,229.5929514228809,243.21214250066828,258.0543423618062,273.10856155416127,214.2859848674925,269.999333972598,244.66074662584134,361.96490856721084,874.4215588508197,288.06096066697626,878.9658145469506,331.35097545643407,865.8113901634138,351.2021977079534,874.6607302032477,305.04212668936026,878.7266431945227,387.5562432770008,868.920617744977,256.9686848513436,867.9639323352652,375.1193329507478,872.986530736252,272.7539941115879,876.5741010226712,357.181481518652,874.8999015556758,296.6711293543823,879.2049858993787,389.4696140964244,842.1334262730475,253.38111456492447,840.9375695109078,383.01198758086986,823.478060783668,262.9479686620422,820.1296618496766,387.5562432770008,832.3274008235019,256.4903421464877,829.6965159467944,382.7728162284419,854.3311652468727,253.14194321249647,853.6136511895887,385.6428724575772,888.0543259392128,263.18714001447006,880.4008426615186,355.74645340408426,889.2501827013525,307.1946688612117,886.3801264722173,337.64606124406384,877.4479986630313,321.7509955786829,874.7725915708384,332.13787017190214,884.3725817251774,380.4525747191492,920.0971352503402,273.90842169476394,910.8118988715535,385.4886351279828,909.8676375448971,387.21978089351927,896.962732747261,271.39039149034716,902.3135469316468,268.87236128593037,892.7135567773079,361.4099712982472,942.6020302023157,285.4934638378248,934.7100869151326,270.2904290546379,1410.152086314594,232.78613827199786,1405.9966660300386,250.72116012839643,1407.984517726034,265.657448235925,1407.4738753975714,258.6361162195654,1407.7291965618028,239.74235006645236,1406.1972695764152,245.2317550974244,1407.3462148154558,273.0617619986315,1415.0058497423936,228.12523709393014,1410.7930505325778
labeled-data,video,4037.r.png,325.98495640030626,318.7583564860205,354.155419312219,286.6534713797065,299.66043398023226,311.26671970959853,340.30625318792676,264.46333020328365,297.17505009961206,272.18899175813465,291.0472873140234,293.8928082174048,320.3193884403685,259.42726979445007,318.43086578705595,286.1813407163784,385.7359197104355,857.825990098657,312.5556668945727,859.3997589764175,354.73267281855385,849.3276381587503,375.03429134166413,857.5112363231049,326.404833018865,860.8161509664019,410.9162217546033,850.5866532609589,296.03109367808753,853.7341910164797,399.4277089469517,856.5669749964487,303.58518429133784,857.511236323105,380.857236189378,857.9833669864331,319.3228730689428,860.8161509664019,407.4539302235303,831.3866729522811,293.98519413699887,827.1374969823274,400.8441009369362,811.3998082047224,297.447485668072,805.8916171325608,405.25065379466554,821.1571752468375,293.82781724922285,816.5932455013321,407.2965533357542,840.0424017799634,294.6147016881031,838.3112560144269,404.1490155802333,868.8423722429806,297.9196163314002,860.8161509664021,376.2933064438726,870.258764232965,333.0146623054591,867.8981109163243,361.34250210514796,859.3997589764176,347.80808975640775,856.4095981086726,356.9359492474186,864.7505731608032,397.38180940586324,898.2718502571017,304.3720687302182,885.2095685716897,401.3162316002644,890.2456289805232,405.0932769068896,878.7571161728716,302.7982998524577,877.6554779584393,301.06715408692116,869.4718797940848,377.867075321633,918.4160918924357,313.9720588845571,906.2980715336801,281.73348821336276,1346.8495190975088,247.62875705571997,1342.061416447298,264.42911723189866,1344.0774596684394,276.69338016050915,1344.8334758763674,270.89725589972744,1344.6654722746057,252.83686871033535,1341.3894020402508,257.79297496230805,1343.2374416596306,283.4135242309806,1352.3936379556478,243.84867601607976,1346.1775046904618
labeled-data,video,4038.l.png,349.40272182998416,337.47988569727875,325.7961886635768,306.7913925809492,379.7753613027545,332.87020550668933,338.70109346121285,284.6012514045263,381.3502300485221,289.32255803780777,388.49088697453254,312.9908265938907,360.5273826857223,278.840041946488,360.26172708653155,305.2176237031887,273.4446670474356,842.6292075285986,352.9199953743404,841.9996999774943,307.91020547039034,829.7243027309626,281.7856420995662,841.3701924263902,333.8773919534384,840.898061763062,258.49386270871094,836.4915089053329,368.8150610397213,837.9079008953172,264.47418444420083,840.7406848752862,360.94621665091887,839.9538004364058,277.85121990516495,841.9996999774946,342.8478745566732,842.1570768652705,256.60534005539836,814.6161215044621,372.11997568301837,816.1898903822226,261.4840235764559,793.6849954302476,364.09375440643987,790.0653270113985,256.29058627984625,804.3866237990188,371.018337468586,804.0718700234669,258.9659933720391,824.2161116588011,371.4904681319142,826.1046343121137,257.7069782698307,850.3406750296252,362.83473930423145,842.943961304151,286.03481806951953,848.9242830396407,328.68395465682886,843.7308457430312,302.87414506155676,835.8620013542287,312.4741352158958,836.1767551297808,307.2806979192862,840.8980617630623,260.3823853620235,875.9931077371211,356.0675331298613,867.0226251338863,257.2348476065025,868.4390171238707,256.7627169431744,859.625911408412,357.9560557831739,859.625911408412,361.41834731424694,851.7570670196095,282.1003958751183,898.0258720257677,340.64459812780854,889.0553894225329,349.2299122534133,1300.544570426882,387.7525176900476,1296.2987993975757,369.8374350541935,1298.4734626077081,355.8574572747698,1298.7841287805843,362.07078073229144,1299.0947949534605,382.6783035330716,1295.7810224427822,376.9827570303434,1297.6450194800386,347.36591521615685,1305.9294507567342,391.7911779374367,1301.3730135545518
labeled-data,video,4038.r.png,325.531921516574,334.36884892891294,350.8696004485179,304.62461713923966,296.25982039022887,324.76885877457397,335.4466654464651,275.03776223734246,292.7975288591558,283.6934910650251,286.8172071236659,304.7819940270157,315.3024238111308,269.6869480529567,314.3581624844746,297.07052652598924,368.4730852121699,847.8241048646945,292.1452946407861,844.5191902213976,334.1649236769912,832.7159236381939,361.8632559255758,846.5650897624861,305.0501994384221,844.5191902213976,383.73864332644666,842.3159137925328,274.8338369854207,837.9093609348035,377.2861909276286,845.3060746602777,282.5453044864471,841.8437831292047,365.0107936810968,847.5093510891423,298.12561637627596,845.4634515480539,388.4599499597281,820.9126570549901,271.8436761176758,814.9323353195002,385.31241220420713,799.3520234296715,279.71252050647826,791.168425265317,389.24683439860837,809.2667673595627,272.3158067810039,801.083169195208,384.6829046531029,831.7716623115376,271.8436761176758,825.4765868004956,385.5004307101475,855.107089198612,278.9562776857623,843.3038226154082,360.4775055537557,853.5333203208513,311.6906703431805,845.3497221564968,338.75949504066097,837.6382546554704,327.58573600856147,836.379239553262,331.99228886629083,841.5726768498716,375.7430636680325,885.7955823149414,285.5661069723564,867.6972402206958,381.5660085157463,875.2513308339462,383.611908056835,864.8644562407269,281.6316847779552,860.7726571585497,278.7989007979863,852.274305218643,357.01521402268264,901.0611404292182,298.4710117699924,885.3234516516133,290.47374387082436,1301.1568012246005,252.36535999802487,1294.9434777670788,270.48755341579636,1298.0501394958396,284.15686502234405,1298.7750272325504,277.6328753919463,1298.7750272325504,257.6466849369183,1294.7363669851613,263.0315652667704,1296.4968086314593,291.1986316075353,1306.5416815544527,248.22314435967706,1298.4643610596745
labeled-data,video,4039.l.png,338.26544457399393,307.81265177945687,305.53105191657573,279.327435091992,360.2982088626408,297.2684002984616,320.16710247974834,252.41598728228763,362.0293546281773,257.2946708033451,369.11131457809955,276.4946511120231,343.4588818706036,246.43566554679774,339.8392134517544,272.40285202984586,275.5460007727258,871.5237092103935,353.1636346990281,877.9067383161749,319.33358043838643,860.5448991484494,286.9077925810168,871.2683880461623,339.8869341590027,877.6514171519436,261.12035499365976,865.1406801046121,363.24882068616273,875.3535266738625,267.1204023530943,869.2258187323122,358.90836089423135,876.5024719129032,280.9077452215822,871.2683880461623,346.90826617536226,878.1620594804062,259.97140975461906,846.2469139514991,369.6318497919441,851.7363189824711,263.54590605385664,824.4169544097265,369.75951037405974,830.1616806049299,257.928840440769,832.7148922472425,371.92974027002543,838.9702607709082,259.3331068440409,854.9278335353619,364.7807476715502,860.4172385663338,259.46076742615656,878.6727018088686,362.73817835770024,881.4812346154125,285.2482050135136,878.9280229730999,331.3336751572556,880.0769682121405,300.3121537031578,871.7790303746247,318.69527752780834,868.0768734932715,306.43986164470795,874.076920852706,264.0565483823192,903.0558729929537,355.84450692345627,906.37504812796,261.24801557577536,895.9068803944784,258.950125097694,886.7153184821532,358.7807003121157,898.0771102904441,360.5679484617345,890.2898147813908,280.3971028931196,922.0772997281825,344.7380362793965,922.2049603102981,311.34135440983493,1380.4782947388321,348.21814499654715,1376.3622064956683,330.997775815964,1377.9582407124053,318.22950208206817,1378.0422425132863,324.697640749897,1377.9582407124053,343.0940351428127,1375.858195690383,337.2139090811501,1377.6222335088817,309.661318392217,1385.350399189924,351.9142242353065,1380.9823055441175
labeled-data,video,4039.r.png,331.261102485025,315.02790316834006,363.6868903423947,282.8574364752016,310.3247670180619,300.8575785535053,353.21872260891314,259.11256820169467,310.1971064359463,262.8147250830479,304.1970590765117,279.7935825044265,329.3461937532906,253.24018142437575,329.60151491752185,276.34674678730454,390.5020330163438,874.3770603560686,316.45889538927906,881.781374118775,349.9059679035738,864.6748561152808,383.6083615820998,874.249399773953,327.5653660333388,881.0154106260812,402.88510948155977,868.8876553250965,302.92687368502243,878.4621989837686,397.90634677905024,872.845133370681,308.67159988022576,880.76008946185,386.6722155528749,874.5047209381842,321.56531867390424,882.2920164472375,407.09790869137544,849.6109074256367,296.67150516135655,856.1215971135338,404.41703646694725,830.2064989440611,299.09705622155354,830.7171412725236,407.9915327661849,839.7810426027332,294.8842570117378,843.2278783198552,405.18299995964105,859.44077224854,301.5226072817505,865.1854984437433,405.182999959641,882.2920164472375,305.48008532733496,884.9728886716658,379.65088353651527,880.2494471333875,332.92711048219513,885.7388521643595,364.84225601110234,873.1004545349123,345.5655081116424,871.1855458031779,356.28899700935517,874.5047209381843,399.9489160929002,908.7177569451729,311.8631144331164,910.1220233484448,405.31066054175665,899.398534450732,406.20428461656604,891.2282571953317,308.41627871599445,901.3134431824665,305.9907276557975,894.5474323303381,387.1828578813374,925.4412932023204,323.9908697341011,925.3136326202047,393.31707774732735,1383.5701051280148,355.4158046564452,1382.223885045552,374.78066276572105,1382.223885045552,387.3108650717231,1381.7061080907583,381.5117631780362,1381.809663481717,362.5611266325951,1380.9812203540475,367.84245157148854,1381.6025526997996,395.28463017554253,1388.954985457867,352.9304752734365,1387.298099202528
labeled-data,video,4040.l.png,293.51702094912025,426.48406567566195,259.99574385282176,390.13000459939457,319.0120767688402,413.10703021469766,271.0121259971452,368.25461719852365,315.8645390133192,373.92018515846144,324.3628909532258,395.008688120452,290.8416138569274,361.4874110241536,294.4612822757765,388.39885883385796,256.64074601293873,963.264739543619,325.0996921955201,971.1335839324215,293.1521839769821,953.349995613728,271.1194196883352,962.4778551047388,314.24068693897266,968.6155537280047,243.42108743975064,960.5893324514261,335.8013205642914,971.7630914835256,249.4014091752405,962.6352319925148,330.76526015545784,971.2909608201976,263.72270596286097,963.264739543619,320.0636317866865,970.1893226057653,234.92273549984404,933.835261529498,352.6406475563287,942.0188596938526,238.22765014314103,915.8942963230284,346.6603258208388,914.1631505574919,234.45060483651588,923.1336331607266,353.2701551074329,926.5959246917998,235.55224305094822,946.7401663271339,345.8734413819586,953.349995613728,236.33912748982846,970.3466994935411,346.50294893306284,976.799151892359,264.19483662618916,974.7532523512705,310.62101852012364,976.1696443412549,281.0341636182264,963.7368702069471,296.61447550805525,962.3204782169624,287.4866160170444,968.1434230646763,245.1522332052872,1004.969614804272,336.4308281153956,1010.0056752131056,236.4965043776045,995.5270015377091,233.82109728541167,980.5761971989845,339.8931196464687,997.7302779665738,344.92918005530225,986.8712727100265,261.04729887066816,1022.1236955718615,324.15543086886385,1020.392549806325,291.2304824245896,1466.496220271292,328.5676790361208,1457.5824779399059,310.96326257314274,1463.7958013974273,297.29395096659505,1465.3491322618079,303.40371903315804,1464.8313553070143,323.2863540972274,1458.9286980223687,317.5908075944992,1461.7246935782534,291.9977871383944,1474.5365278040672,333.8465263313829,1463.6552330444658
labeled-data,video,4040.r.png,256.5374955559846,434.81838064195676,280.7887986481497,396.40431654396724,226.65989014643716,422.9837447329802,267.59608976601186,373.7050968497007,223.94374420011468,385.1517119092026,220.64556697958022,407.26890032925724,251.29921408807692,369.43686750547965,247.22499516859318,395.6282748450179,316.99881679468655,965.3446042138078,242.4021719888393,970.6954183981934,285.6808161272528,953.6987145183801,306.45456531369126,964.0855891115993,257.35297632756397,969.9085339593132,328.6447064901142,963.4560815604952,225.405468109026,967.3905037548964,322.97913853017644,965.5019811015839,232.8021818345003,970.0659108470893,311.3332488347488,964.8724735504796,248.69724749988126,971.1675490615216,330.69060603120283,937.8036488529992,213.91695530137443,941.5806941596244,331.16273669453096,920.3348143098575,218.3235081591038,921.121698748738,330.53322914342675,929.9348044641966,216.27760861801517,931.8233271175094,328.17257582678604,953.226583855052,214.2317090769265,954.4855989572604,334.9062702613005,973.319122905707,233.28844689726,977.5319221155225,310.650759659331,976.5106374585976,264.56528951558903,979.3191702651413,295.4591503875712,966.2977908893472,278.99093529465506,965.7871485608847,288.31015778909597,972.6808199951287,340.1403541280413,994.3831189547859,239.16083367457895,1005.3619290167298,340.5233358743882,985.9575205351545,339.50205121746313,978.553206772448,237.5012461070758,996.1703671044046,229.71395059802245,985.1915570424605,326.09769009532215,1015.319454421749,251.79923130402625,1021.3195017811835,273.9242600301212,1465.6338084586325,235.09098842061078,1456.31382327235,254.04162496605187,1460.4560389106978,269.26426743697994,1462.009369775078,263.3616101523344,1460.9738158654911,242.132755005802,1456.4173786633087,247.51763533565412,1458.2813757005651,275.16692472162555,1469.4653579241042,230.43099582746953,1461.0773712564499
labeled-data,video,4041.l.png,341.2229517813495,322.96403288645286,315.644770214552,288.16942152433154,374.9336446723454,313.42329535924915,326.7763170128744,266.0528521386584,372.5729913557047,269.51514366973146,382.01560462226763,291.70528484615437,350.5402270670578,258.9708921887362,350.6976039548339,287.298731988425,219.70447905870782,869.912998783198,299.63677405048406,880.971592993225,256.37244933406146,860.9885192452809,236.58338601085472,870.3010196326724,277.7135960551667,876.3153427995293,207.09380145078194,866.0327902884513,320.9779207715893,881.7476346921742,211.55604121974034,868.9429466595111,311.6654203841979,882.7176868158608,228.24093774714993,870.107009207935,287.22010686729544,879.4195095953264,212.42535206680463,839.2174794702586,335.49407830767495,854.1682838089832,214.1564978323412,818.4437302838201,330.77277167439354,830.4043737547998,211.16633696459624,829.9322430914717,334.86457075657074,842.6797710013316,210.69420630126808,852.1223842678946,332.50391743993004,867.8600730454995,195.9007788503195,876.5158018731822,323.9367966628692,876.8331252845604,221.71058844559155,878.2469476387188,273.48758452391166,879.6633396287033,243.11384518313423,866.7584348310672,258.379403297411,866.9158117188433,247.67777492863962,873.0535103421092,197.00241706475177,909.4075714183762,303.2318163135849,910.6665865205846,192.91060837705157,899.8075812640373,191.9663470503953,888.0043146808337,311.5615869410688,899.7323363352674,321.99429401281685,889.1424967019575,223.12697083005304,938.5222956569455,288.75313303266546,923.4141144304448,299.926563794283,1363.6101752974898,338.06338139420865,1359.3260834525643,320.33900140834015,1361.76213567811,306.6467078647545,1361.5941320763484,313.1148465325833,1361.76213567811,333.2752787439977,1358.3180618419935,327.3111508814543,1360.5021086648967,298.4985331793078,1368.230274345939,340.4154318188737,1364.8702023107032
labeled-data,video,4041.r.png,328.3213722781664,297.0303754466941,362.969389524742,270.69704563381333,303.66487768004134,284.9001075545352,350.5366153904341,241.8970751707963,304.7399410476038,244.4151053752131,295.9282547375276,264.8499708945976,328.03172043845905,232.76921567978548,325.1989364584902,259.99541726504197,339.54961130881304,864.3511613554806,261.4299444823287,865.8762636046661,302.1905584163254,849.666444163733,329.8888906649101,862.413972073593,273.70534172886056,865.71888671689,353.49542383131745,858.6369267669678,246.79389391915618,859.7385649814001,347.9872327591557,862.4139720735927,252.14470810354183,863.3582334002491,335.2397048492957,863.9877409513533,267.88239688114675,866.191017380218,361.3642682201198,836.6041624783211,240.97094907144233,834.8730167127845,359.0036149034791,815.9877901796586,243.48897927585912,804.4992773720071,361.5216451078959,826.2172878851019,237.82341131592136,820.2369661496119,356.8003384746144,846.8336601837642,244.4332406025154,845.5746450815559,358.37410735237495,865.4041329413379,250.57093922578133,874.8467462079009,329.2593831138058,867.7647862579786,282.9905781076474,873.1156004423643,313.20694056064883,857.5352885525355,294.32171402752294,858.1647961036397,305.0233423962943,863.0434796246972,357.4298460257187,894.3614802921311,258.5971605023599,904.9057317731263,359.6331224545834,885.2336208011203,361.679021995672,874.689369320125,254.34798453240654,895.6204953943394,249.94143167467718,884.918867025568,339.33150393147304,915.4499832541217,271.1873115244438,916.8663752441062,313.3927383294116,1370.2965339634154,277.8234665304608,1366.412533019852,294.4497161836102,1368.3886036753493,307.12382452576503,1367.8434807359017,301.6044547638589,1368.661165145073,283.5472573946597,1366.0036908152663,287.6356794405161,1367.2983577964542,315.2325282500469,1374.5212367441338,273.66690411717343,1370.5690954331394
labeled-data,video,4042.r.png,345.23772336015065,193.43991770902568,382.5146133379143,161.39711159800288,314.84018683642626,178.52575664692807,368.9778362313871,129.8962983241289,318.30247836749936,132.7290823040978,308.8598651009364,155.70610791940095,343.6401572994432,120.29630816978991,341.90901153390666,152.55857016387995,375.27552444466755,837.3470920442481,289.1903668311687,842.6979062286339,331.20999586737383,823.6553028077319,362.84275031035963,836.8749613809201,303.039532955461,842.0683986775297,385.3476452623347,833.7274236253991,268.8887483080585,836.402830717592,381.2558461801575,835.9307000542638,276.914969584637,840.6520066875453,369.1378258214017,837.8192227075764,296.5870805566431,842.6979062286339,393.3738665389132,804.61269938683,262.5232571295514,805.305774810095,388.048001934598,779.6963987447687,268.7315907211456,767.2797315615801,390.57013745618315,793.0831180516439,258.061017360593,790.3669721053213,385.5258664130128,820.2445775148688,263.8813301027126,820.438587939606,394.7269965548441,842.6454984954973,275.12056184504684,855.5504032931334,363.09424211185825,844.3766442610339,311.9467535846423,850.5143428842998,342.4778698131958,832.1012470145021,326.7401810355909,836.5077998722314,335.23853297549755,839.0258300766483,396.77289609593277,873.9634991629312,285.8221902138182,885.6093888583588,398.97617252479745,864.5208858963682,399.92043385145377,852.4028655376125,280.7861298049846,875.8520218162437,274.8058080694948,865.9372778863526,377.41553889947875,897.4126554415626,300.4582407769908,900.0880625337554,341.1278911685554,1417.0022147495247,300.22351173987107,1413.791997629805,321.14170071352737,1415.863105448979,335.9501216206206,1415.863105448979,329.42613199022287,1415.863105448979,308.30083223464925,1413.5848868478877,314.7212664740883,1415.3453284941854,344.7523298521097,1423.3190935980049,297.01329462015156,1419.3839887415745
labeled-data,video,4043.l.png,310.84201677899716,413.3747202034434,274.45875087604304,383.11916224203947,343.523110217031,402.6512313057307,284.7992424438418,359.7572757148794,337.7783840218277,358.86365164007,346.3316430235748,379.6723265249175,312.246267598702,349.0337868171666,316.4590668085177,376.35315138991115,263.3364317441889,952.4684970580843,342.8689744022256,945.0641832953778,293.4643291234773,931.2768404268899,273.8045994776704,950.170606580003,324.6135111596907,945.4471650417247,251.20867644320415,951.5748729832749,358.06058367398543,938.6811541895963,256.95340263840745,952.7238182223156,351.29457282185706,942.1279899067183,268.05987328246715,951.4472124011593,333.80507307201594,946.2131285344185,238.72557655635828,915.1805190276942,363.66829008719293,899.465674623971,239.73275874295823,891.7118160014055,350.8408415128489,877.5478961015609,240.04751251851033,901.3118061557443,357.6080476872189,887.3052631436757,244.29668848846364,934.0461988131625,365.31951518824536,917.6790024844531,248.0737337950888,963.3182999395078,360.4408316671878,950.2560182540958,282.3818953302675,957.3379782040176,319.910210700442,950.0824855442808,293.40003061501625,944.9047159963461,308.726228476903,940.866055748957,301.99512806458785,947.4936007703134,255.21156500347186,999.8303860201765,356.95704894962796,977.8727658962883,250.87110521154048,988.4685942118856,248.31789356922792,976.8514812393635,357.46769127809046,968.6812039839631,359.25493942770925,961.149229639141,265.6797327369535,1011.9581413211614,347.5101658730715,994.9792838997828,374.92423706898626,1451.207729047536,415.7491122971005,1445.7476119902778,395.2526728821625,1448.6036732202283,381.2243721350533,1448.6036732202283,388.2805234090483,1448.6036732202283,410.62500244336604,1444.5715867779454,404.5768727799417,1447.5116498087766,370.7241470249416,1456.8358497065558,420.53721494731144,1450.9557236448934
labeled-data,video,4043.r.png,,,,,,,,,,,,,,,,,,,,,,,,,,,,,,,,,,,,,,,,,,,,,,,,,,,,,,,,,,,,,,,,,,,,,,,,,,,,,,,,,,,,,268.3129779905024,1444.8473864559544,228.95440272605111,1440.461254729431,248.18380696245566,1444.0407542193245,,,,,,,,,,,,
labeled-data,video,4044.l.png,344.46356193652446,320.9014639192169,304.9619631047361,284.70477973072565,372.2873987197491,309.12431808958127,317.1380272457975,258.31540640756106,366.9256542708927,263.93247202064873,380.96831830361185,289.84757019012136,342.414822504692,252.1876984660109,343.9467494900795,281.5496323526055,329.70673152796024,888.9316702871232,404.46075322158356,891.4497004915399,365.90341571645155,875.8693886017111,338.2050834678669,888.6169165115712,389.3525719950828,891.134946715988,315.7001885158919,883.1087254394095,421.4574571013968,886.4136400827065,321.3657564758297,886.4136400827065,413.9033664881465,890.1906853893317,333.6411537223615,888.9316702871233,397.6935470472134,891.4497004915402,313.6542889748033,857.6136696196895,428.5394170513191,857.4562927319135,316.80182673032425,838.7284430865637,425.54925618357413,837.1546742088033,314.59855030145957,846.7546643631422,428.69679393909513,845.967779924262,313.0247814236991,869.8890668662215,421.61483398917295,873.0366046217424,308.46085167819365,897.4300222270301,420.98532643806874,899.1611679925667,342.79574984569047,897.5136632842011,383.07879692862264,897.3065525022836,357.2935045799077,885.3976825420339,371.2734823593314,885.2941271510751,361.53927560921414,892.4394491272251,313.46098743124827,928.4466400068379,412.7658036179352,928.2892631190618,310.7855803390554,917.9023885258426,307.4806656957584,909.0892828103839,415.46499097156243,917.3694757097378,416.9770233874185,909.305302825172,321.8900178790997,938.0958977416063,400.2736152980957,949.0747078035504,333.6195097566408,1424.4188656693461,374.7803921882786,1424.7548728728698,353.947945569817,1422.7388296517283,339.07962681389887,1422.150817045562,346.051776287013,1422.7388296517283,368.73226252485426,1422.3188206473237,361.4241058482165,1422.822831452609,330.7634485266904,1430.3829935318895,377.3004462147054,1430.6349989345322
labeled-data,video,4045.l.png,351.7941664012083,482.12225004064817,327.2833346350076,446.3772870482721,380.9007791235717,479.5690383983357,339.7940716823392,425.44095158130904,387.02848706512185,435.39847698632815,389.5816987074344,457.48375769233195,363.4112793737305,420.71751004303087,363.0282976273836,449.3134804369317,266.1665238970777,989.6209112834653,327.7008870175129,992.6110721512101,298.27140900339174,978.7619060269178,277.3402829291772,989.1487806201371,313.3795902298924,991.5094339367779,248.22555869060812,980.4930517924545,342.8090682440136,989.3061575079132,254.83538797720217,987.4176348546007,335.0976007429872,991.1946801612258,271.5173380814634,989.6209112834654,320.9336808431428,992.6110721512102,247.43867425172792,959.4045488304639,352.5664352861287,967.1160163314904,252.15998088500933,940.991452960666,353.1959428372328,940.676699185114,247.91080491505602,949.4898049005727,354.92708860276935,951.5357044416613,249.64195068059257,970.5783078625633,351.3074201839202,977.0307602613813,251.37309644612913,1001.8963085299971,354.7697117149934,986.1586197523923,283.005850889115,1001.5815547544449,312.75008267878826,996.2307405700593,291.03207216569353,993.2405797023143,304.09435385110555,990.5651726101215,297.6419014522876,993.5553334778665,260.34357904936394,1030.381525217462,352.4090583983526,1014.1717057765289,255.56436451620863,1021.9853217786338,254.2181444337456,1012.6653365923512,353.2170981902575,1005.4164592252426,354.77042905463793,996.4071402118362,277.3109966175345,1046.1137278720093,344.5184453497272,1030.8910854010812,351.45693574474916,1446.9760073613556,387.6394708505784,1439.9575495159688,370.1955367882577,1444.4548137664108,356.6356036695006,1445.2043578081511,362.97265784057805,1444.8636559709964,382.1882414561032,1439.684988046245,377.3502753685064,1442.2061816411897,350.50297060071597,1452.6316578581236,391.8641736312967,1444.3866733989798
labeled-data,video,4046.l.png,369.3690396421438,309.40864006329264,341.97240503322433,273.9164739062603,396.65390405999517,307.6886362428868,360.4831894399905,247.6183939904408,407.51201550871195,256.4735072224418,409.9362684454496,285.94733058668896,386.9856605649144,245.10976822896197,383.21308596373115,273.8195752857043,336.6906575108022,878.4627261059427,413.01844808218607,879.4069874325991,378.86766343478337,865.2430675327546,344.7168787873808,877.2037110037344,404.9922268056075,878.7774798814949,331.6545971019687,876.259449677078,444.3364487496198,870.7512586049163,334.1726273063855,877.5184647792864,429.8577750742233,876.8889572281822,340.15294904187533,877.8332185548386,409.08402588778483,879.4069874325991,327.40542113201536,853.2824240617749,443.86431808629163,846.829971662957,331.8802687751395,828.6435294929051,441.413048230349,828.5158689107895,332.1355899393708,839.7500001369649,443.20029637996777,837.3244490767679,331.8802687751396,864.0055107389344,444.22158103689287,858.1331239616155,326.0851035824323,882.4728398210761,438.4522014545313,883.4171011477324,357.7323256055107,885.1087589561267,401.4327005900798,885.7300913018788,376.06162980519963,872.8892228230008,386.9349458558625,873.4069997777942,381.03228857121695,879.1025462805225,333.70747490309355,911.2047174777176,431.56731935905975,909.7549420042959,332.4648102115892,901.3669553366417,329.5652592647458,892.3576363232353,435.1917580426141,901.4705107276005,437.3664212527467,893.0825240599463,348.6741616176579,931.4687074043899,422.6127107621657,923.4949423005704,392.36732586811587,1369.854117752616,430.08413446363704,1368.1740817349983,410.42771305750796,1368.9300979429263,398.4994573324211,1368.6780925402836,403.7915707879174,1368.6780925402836,423.53199399492735,1366.9140547217849,417.483864331503,1368.0060781332365,391.27530245666424,1374.726222203708,431.76417048125495,1374.2222113984226
labeled-data,video,4046.r.png,347.28579905231015,299.5871351130116,375.4562619642229,264.0199584756245,322.10549700814227,298.64287378635527,360.1011035320033,242.9429821411566,314.147052301397,258.6806709187615,310.8421376581,278.98228944187184,330.35687174233004,242.78560525338054,336.49457036559596,266.3921384197879,430.93140358377565,872.8879879708834,345.1609997458288,878.5535559308213,387.81013633313813,860.6125907243517,426.2100969504942,871.6289728686752,360.8986885234338,878.2388021552692,435.49533332928104,869.1109426642583,331.3118336215366,875.7207719508524,433.29205690041636,870.6847115420188,337.1347784692504,876.8224101652849,428.885504042687,872.1011035320032,355.39049745127204,878.7109328185975,439.1150017481301,846.133917048955,322.9708585694059,847.5503090389395,441.55760938645705,824.4998972284092,324.15445110552446,827.1753043206019,442.8166244886654,833.785133607196,322.58068222776393,836.7752944749409,439.03957918204026,856.7621592224992,325.2560893199568,859.2801894269159,443.54877610863844,883.8123492586635,327.12232521918503,877.4293201528822,415.4634480432001,883.8123492586635,367.0800874213768,882.7910646017385,396.18670014374015,867.4717947478631,384.6972477533336,870.6633093007538,390.1866527843056,875.2590902569165,437.2934075849726,913.4296043094894,334.5266389818915,899.7699220231171,438.82533457036016,903.8550606508172,442.5274914517134,895.4294622311858,333.50535432496645,892.4932688425263,332.7393908322727,884.9612944977042,423.51872547918236,931.3387476964566,347.5056886833507,922.3682650932219,329.37612404019455,1368.5428425548725,287.8504122657581,1362.7437406611857,309.38993358516655,1364.0899607436488,324.35864296543303,1364.1651495935,317.363698688986,1364.1935161346073,295.4099558057428,1360.8797436239292,300.5877253536775,1362.7437406611857,330.1010117769054,1373.824167493766,284.847305927956,1366.7824009085748
labeled-data,video,4047.l.png,320.58896444704425,406.71680425729977,287.06093766263257,372.44118436998315,341.0412101698174,397.778863301927,297.4478122558518,347.41825921359134,342.92973282312994,355.91661115349797,350.0116927730522,374.9592145743999,323.2576218511238,342.69695258030987,320.582214758931,368.0346315122538,264.6822400709848,949.416879770446,337.0756084479674,950.6758948726543,300.40679359614796,938.7152514016747,277.74452175639686,948.7873722193418,326.21660319141995,950.0463873215501,249.5740588444841,943.7513118105082,349.0362519189471,947.5283571171334,255.08224991664582,947.5283571171334,343.68543773456145,949.8890104337742,270.9773155820268,948.9447491071178,332.0395480391338,950.8332717604304,244.22324466009843,920.302155531877,360.36738783882265,919.8300248685489,251.61995838557274,899.3710294576625,355.173950542213,896.3808685899176,244.6953753234266,909.2857733875536,360.6821416143747,907.7120045097931,247.52815930339546,932.4201758906328,352.1837896744681,932.4201758906328,240.76095312902535,961.0627694658735,350.2952670211555,955.8693321692639,268.3019084898339,959.4890005881131,315.0428441593205,955.2398246181597,287.659265686288,947.0562264538052,302.45269313723657,945.6398344638208,294.26909497288204,951.3054024237586,252.87897348778117,995.2135541132764,344.0001915101136,978.5316040090152,246.42652108896317,985.6135639589374,241.7052144556817,973.1807898246295,345.10182972454595,971.2922671713169,349.19362880672315,964.3676841091708,268.3019084898339,1009.0627202375687,333.2985631413422,996.3151923277088,340.06223370590436,1425.0245873991885,381.0412805650212,1416.8543101437883,362.27517499402376,1421.9607334284135,347.5942080507265,1422.2160545926447,353.9772371565079,1422.2160545926447,375.42421495193355,1418.003255382829,369.6794887567302,1420.684127607257,339.2962702132106,1430.3863318480448,385.38174035695255,1420.3011458609103
labeled-data,video,4047.r.png,279.76658038955946,409.1540885720767,312.34359615920164,375.0033039246741,256.3174241109282,397.98032953997733,303.73471022265574,351.8605212301449,257.5215794967981,357.22226567900134,250.24492631620728,375.98837124999875,276.79832739625806,345.6051527064791,279.47919962068624,372.2862143686455,359.220930254373,948.2847344151704,285.7259236629581,953.9503023751081,322.8668691781057,938.2126135975033,349.77831698781006,948.1273575273943,295.3259138172971,953.47817171178,372.44058882756116,944.8224428840974,271.5620037631137,951.1175183951393,367.5619053065036,947.8126037518424,277.2275717230515,953.47817171178,354.0274929577634,948.4421113029464,290.60460718401566,954.1076792628842,377.9487798997228,922.0027941565703,264.95217447651964,930.501146096477,372.75534260311315,895.0913463468656,265.7390589153998,899.812652980147,379.05041811415515,910.3569044611423,261.64725983322256,914.4487035433197,376.53238790973836,933.0191763008934,265.7390589153998,939.7863824752635,384.4012322985409,959.4584934472696,275.49642595751493,958.6716090083894,354.9717542844197,958.6716090083896,308.0734417271571,958.0421014572854,335.6143970879657,949.3863726296028,321.1357234125692,946.3962117618578,329.1619446891477,951.5896490584674,379.2077950019312,987.6289563591823,281.7915014685568,978.9732275314998,382.51270964522826,977.5568355415152,385.6602474007492,968.4289760505043,279.116094376364,972.6781520204578,276.4406872841712,967.01258406052,360.1961032089315,1007.7598770855626,294.85378315396895,998.6453385035061,295.816422944248,1424.0761317591114,253.64751890203945,1417.271985887759,273.723949312573,1421.220070529161,288.67626986937205,1421.5560777326846,281.2841113918534,1421.13606872828,259.4436431628211,1416.5999714807117,266.49979443681616,1419.2040273080195,296.6564409530569,1429.788254219012,250.20344506592284,1420.8840633256373
labeled-data,video,4048.l.png,400.8987413919318,270.77841017528965,363.26071899289155,239.54273179258098,427.93855060208824,265.23570516863214,378.1845388455907,200.79368263953515,429.75433325814333,213.11098999074576,439.6463667019149,242.1817126624585,402.8769511776179,199.55954477741602,405.5504775225066,231.63838917037205,259.7493286233331,839.0892599576114,339.7231041175254,851.0293237078833,299.637681333218,830.2206488230358,270.1480868645077,839.6675318995923,322.10594378556857,846.4335427517206,250.74367838293216,836.0930356003546,363.3403118089167,849.4973967224955,255.0841381748635,837.7526231678578,352.233841164857,851.5399660363456,264.91400299776694,839.5398713174766,329.76557871250634,849.4973967224956,246.93489132364448,800.9964792944269,376.33984462343756,820.5915321928964,251.97916236681485,782.5654889443814,370.90755273079253,788.7738225359758,248.8749955710177,792.4600206059847,377.89192802133607,802.3545522675882,248.48697472154305,816.5173132734126,370.5195318813179,835.5303348976701,239.5624951836263,852.9912731240289,360.97278255446827,844.9057442410378,263.1266064205266,850.9876262103805,325.76260775539413,849.8859879959483,285.94625514805375,838.7122289638487,303.5724665789712,836.5089525349841,290.6675617813352,843.276158709354,243.9266261118487,883.8793957555746,355.82159332061957,877.5843202445326,240.41369013939436,874.3894025412536,237.98813907919742,864.5595377183503,356.1876885303235,864.2613188037086,358.8403513761739,853.4099897292514,263.77557666655446,905.9215663238137,342.9251375782443,896.4746832472571,371.76939031676665,1381.2214000938202,415.5733206922944,1374.9045212453398,394.7586871095968,1378.7360707108114,379.1218230748339,1378.5289599288942,386.0600342690665,1378.8396261017701,408.7386648890205,1374.800965854381,402.73245221341625,1377.4934060193073,369.69828249759274,1387.1240573784657,420.8546456311878,1380.6000677480679
labeled-data,video,4049.l.png,334.71683781382205,434.7660243948764,303.2536139129613,412.3476557002401,356.7496021024689,425.9529186794177,310.3234202085344,379.6841136732592,356.1787915274529,383.92113598886345,362.5725469501827,403.44802372744266,335.50372225270223,370.8710079578005,335.35242219210073,400.9391087637877,327.887696536327,988.7216713424472,399.8882648495416,987.062083774944,364.0156412750499,972.3811168316466,338.35586426980854,987.9557078497534,387.24986722009436,986.6791020285971,315.37695948899534,986.2961202822502,414.8245529570702,982.7216239830126,321.12168568419867,987.8280472676377,408.0585421049418,985.0195144610939,332.73879865672086,988.5940107603315,393.37757516164453,987.3174049391752,311.2918208612952,964.0831789941309,414.3139106286076,957.3171681420025,313.07906901091405,944.5511099304395,410.48409316513875,934.0829421969579,309.75989387590766,953.6150112606491,414.186250046492,945.5723945873644,316.3982441459204,976.8492372056935,414.186250046492,968.2959782039463,315.37695948899534,998.1685544190036,414.8245529570701,987.1897443570596,340.3984335836586,996.2536456872692,383.0370680102786,992.5514888059159,356.73898809445905,982.7216239830125,371.1646338735251,982.3386422366657,363.7603201108186,987.1897443570596,329.1643023574833,1031.2326451869515,409.07982676186685,1018.0836052290417,322.90893383381746,1021.2751197819324,318.5684740418861,1010.1686491378728,411.8883595684107,1007.8707586597914,412.9096442253357,998.1685544190036,343.2069663902024,1042.5944369952426,400.3989071780041,1031.1049846048359,391.4007658981043,1473.0575315154788,430.0363542314474,1470.0593553485173,411.16147245307695,1471.1496012274124,397.0564163948724,1470.6726186553958,403.87045313796636,1471.1496012274124,424.72140557183405,1469.1053902044844,418.5887725030494,1470.536337920534,388.74329156829765,1478.508760909954,431.94428451951376,1476.464549887026
labeled-data,video,4049.r.png,307.57068865671033,423.51138685965964,337.0001666708315,384.9540493545276,283.3346479391988,419.10483400193027,322.20673921988293,361.5048930758963,278.29858753036524,377.71471251682937,274.9936728870682,397.8589541521636,294.82316074685036,358.9868628714795,304.33933704461674,389.3390313997312,403.49046873117686,977.4344936536836,340.0606030681396,983.9469130723976,364.17100943956314,968.7535740698206,392.5116586692327,977.0515119073364,349.9079847096039,981.1156742548419,416.63950868908654,972.9663732796362,323.57494432679323,979.8600447138803,410.89478249388327,976.0302272504113,329.1920099398809,981.9026140277304,398.5117060286673,977.5621542357989,345.44858615977193,983.0655434535673,417.1501510175491,949.4768261703608,311.57484960792414,960.5832968144205,411.27776424023017,929.4341147782071,311.3195284436929,941.9448518255388,416.7671692712022,938.8809978547636,310.0429226225366,948.9661838418983,414.8522605394678,960.8386179786518,316.93659405678056,968.2429317413582,423.27785895909926,992.370781761212,323.91742651639754,979.1709365729838,400.4910372270114,987.5964131254786,358.23538454673826,984.6602197368192,384.5334644625578,975.8516395708408,371.76740625099495,973.4260885106438,380.0653440885108,977.7665483025752,416.5762705735806,1017.9796316689983,331.17134113822493,1008.4050880103262,420.0231062907026,1009.809354413598,423.3422814257089,1001.7667377403134,328.71445963681316,998.6245576665012,325.8328224674347,989.432995754176,400.49103722701136,1030.2350475520984,338.8309760651627,1020.7881644755419,309.71978885514653,1466.8486628644791,270.67940646371875,1461.0495609707923,287.7660459719033,1464.7775550453052,301.1246914055749,1465.0882212181814,294.49714638421847,1464.9846658272227,276.8927299212404,1461.463782534627,281.13850095054687,1463.4313349628421,309.40912268227044,1472.7513201491247,267.883410907834,1465.3988873910573
labeled-data,video,4050.l.png,331.12185151717154,386.3686273115572,299.84812344764583,353.9557899414858,361.6113873435887,383.6198561543874,320.0862946148848,332.6959064917178,361.9391418797694,339.98819591417094,370.6962145990498,362.6607133692492,339.88895564040445,328.39427469023946,341.81546218546475,355.201115761247,285.694936245968,943.0308975903423,354.4686362041014,944.762043355879,320.47522844447485,931.5423847826909,297.97033349249983,942.2440131514621,343.294877172002,944.1325358047748,273.1047852238841,937.8374602937326,365.01288768509676,943.1882744781185,278.2982225204937,941.7718824881339,360.60633482736733,944.2899126925508,291.5178810936818,942.8735207025663,348.9604451319397,945.076797131431,271.0588856827955,918.4801030972784,376.6587773805244,914.5456809028773,272.31790078500387,895.1883237064231,371.3079631961387,888.421117532053,267.2818403761703,907.3063440651789,377.4456618194046,902.4276605441214,270.4293781316913,926.6637012616329,368.3178023283938,927.2932088127371,273.27120514116496,949.7825757578986,368.1230176530771,949.9102363400142,296.88841283255624,950.676199832708,337.35681736321055,951.0591815790549,311.1863980295067,940.335692681342,325.35672264434146,939.9527109349951,317.18644538894125,946.5910612050078,276.33505911194,984.5062540933496,362.8889337863362,977.48492207699,270.59033291673666,972.6338199565961,267.14349719961467,959.6124405808021,365.9527877571113,967.6550572540867,368.5059993994239,958.974137670224,288.8457961592716,994.5914400804842,353.5697112918954,989.9956591243215,318.56436929727255,1443.2740689620214,352.9071144824664,1441.0254368368005,336.6897070339026,1442.3201038179882,324.15187942660964,1442.3201038179882,329.0579858816373,1442.524524920281,347.9328676600078,1440.8891561019386,342.9586208375491,1442.3882441854191,317.95110599039407,1447.4987717427398,356.24599248658245,1444.7050166780712
labeled-data,video,4050.r.png,311.5210368081387,380.4090424892052,344.72756012888505,349.87792626065163,284.2948352228822,373.9565900903872,328.67511757572805,329.1041770742132,283.9800814473301,333.8254837074947,278.6292672629445,351.76644891396427,305.855468848201,322.4943477876192,304.75383063376864,347.517272944011,340.77411899907145,940.1955777523181,275.147956796459,942.2414772934067,307.41021879054904,929.1791956079946,321.25938491484135,935.9464017823645,285.6922082774543,942.3988541811827,352.8921393578273,938.1496782112295,264.1315746521356,938.4644319867816,347.50254550873376,940.1931965432968,269.1189480897377,941.0868206181062,332.8215785654365,939.0442513042561,280.4807398980287,942.1081052750312,361.8005307056842,912.1078684778585,255.20394463913422,912.3631896420898,361.1622277951061,894.6183687280173,257.2465139529843,890.1502483539703,362.1835124520311,904.0652518045738,255.5869263854811,900.3630949232206,360.14094313818106,925.8952113463463,263.88486422299695,926.7888354211558,355.672822764134,948.1081526344658,264.39550655145945,945.9379227385001,335.7577719540959,950.1507219483159,297.0766155730604,948.4911343808127,320.18318093598924,937.6399849009842,307.6724438886576,936.8740214082904,312.7788671732828,943.6400322604188,351.58768413643395,981.8105463129921,267.4593605222346,970.3210939225855,359.75796139183416,969.6827910120073,361.2898883772217,957.427375128907,264.7784882978064,961.1295320102602,262.99124014818756,952.5762730085131,340.284429944154,990.9877878488327,276.2679406882129,986.2786666870389,289.29149369625435,1442.2974790866149,253.72222189730357,1439.2311625522225,270.96173485733146,1440.3214084311176,283.22700099490066,1441.002812105427,277.5032101307017,1440.1169873288247,259.10531092434786,1438.2090570407584,263.53443480735893,1439.5037240219463,290.99500288202785,1447.3398662765044,251.26916866978974,1442.9107423934934
labeled-data,video,4051.l.png,348.7400677434709,344.24370994574303,318.4845097820669,305.8178747289387,382.8254431683438,333.3925604659145,336.10167011402365,280.9240612163911,385.6339759748876,289.73264138236954,391.63402333432214,312.5838855810671,364.18699817946197,276.3282802602285,364.05933759734637,303.2646630866262,287.7272700433132,915.2996323678237,358.83421428171835,919.6400921597551,327.8126928276206,904.1931617237641,300.23800709064477,914.9166506214768,348.2383859661212,918.4911469207144,270.1101097113564,907.5123368587703,365.34490396961553,918.7464680849454,276.110157070791,912.6187601433953,362.66403174518723,919.0017892491766,293.72731740274776,915.2996323678236,353.08948808651513,919.257110413408,269.4718068007783,879.2993482112164,383.85568837638164,886.4483408096917,273.9399271748253,853.0012682953969,382.06844022676285,866.2779688354223,268.4505221438533,867.8098958208099,385.38761536176924,877.5121000615976,265.2590075909625,895.5122421399013,378.11096218117825,902.0229318277984,269.3441462186627,925.5124789370741,377.21733810636897,918.7464680849458,297.94011661256354,925.2571577728429,344.6638896668836,926.1507818476523,313.25938646643897,914.2783477108987,331.0042073805114,919.2571104134083,325.13182060319247,922.9592672947615,277.25910230983163,959.0872120334847,374.1534841355939,946.8317961503844,271.3867155325127,948.8743654642342,267.9398798153907,935.7253255063245,376.3237140315595,938.5338583128685,376.45137461367517,928.703993489965,296.5358502092916,978.7469416792914,357.94059020690895,970.1936826775443,346.2823710743921,1428.5813845954185,389.5432985280522,1425.7253233654683,367.9548357016626,1427.5733629848478,353.42252414926804,1427.321357582205,359.72265921533506,1427.8253683874905,383.3271652628661,1424.8853053566593,375.26299237830034,1427.0693521795624,345.52635486646403,1434.3775088562002,392.7353669615262,1430.5134260156792
labeled-data,video,4051.r.png,321.87960805624164,328.5537070293028,346.64576098667357,290.7661591395095,290.3474442736813,321.78768059360726,331.45415171491373,268.42555726927446,284.47505749636235,279.7873490775654,281.02822177924037,303.7875385153036,307.3263016950599,265.6170244627306,311.2837797406444,293.8300131102846,380.4755895521027,909.3288061303047,303.51829142961475,910.5878212325132,346.79693556802823,895.4796400060126,370.0887149588835,907.5976603647683,319.72811087054777,909.6435599058569,394.32475567639506,905.3943839359036,287.46584887645776,904.2927457214712,387.71492638980095,907.9124141403204,292.97403994861946,908.6992985792007,374.81002159216496,908.6992985792006,312.17402025729746,910.5878212325131,404.86900715739034,875.807529034006,284.4756880087128,878.3255592384231,398.1018009830202,848.2665736731979,290.6133866319787,847.9518198976457,404.08212271851005,860.5419709197297,283.53142668205646,862.2731166852661,398.41655475857226,890.128825821627,288.410110203114,891.3878409238351,401.5544286823832,917.3438847069262,295.723806108527,917.7268664532731,372.95845828848235,918.6204905280825,325.5963823235841,919.0034722744294,356.6179037776819,906.1097534807509,340.91565217745955,906.8757169734447,350.1072140897848,912.7481037507636,403.21401624988636,948.8760484894865,298.40467833295514,940.450450069855,404.6182826531583,939.3015048308143,405.5119067279677,928.9609976794485,297.1280569282317,930.2376035006047,294.8301664501504,923.8545743948233,384.5755712610046,970.8336686133748,313.59628760471503,956.4080228343088,322.39881209762893,1428.7362151013062,279.81108245329136,1425.6698985669138,300.66203488715905,1430.8485664916655,314.2901083733471,1427.4415481201183,308.0211945697006,1430.099022449925,287.3746632381257,1425.533617832052,293.7117174092032,1429.145057305892,325.2284474730267,1436.564980964373,275.62541520381205,1431.8014329802731
labeled-data,video,4052.l.png,297.5782360462707,352.0862167724887,273.4995722165352,317.77805523731,328.58148293815236,349.25343279251973,287.03398456527543,295.7452909486632,334.87655844919436,307.39118064409075,338.0240962047153,330.5255831471699,315.51920125274034,292.91250696869423,310.0110101805786,319.6665778906226,228.29938345686256,900.0201317773225,305.9170173831648,905.7648579725258,262.0017771353885,890.5732487007659,235.83135780168465,899.50948944886,293.9169226642957,904.4882521513695,217.57589455914973,897.4669201350099,313.83197347433384,906.020179136757,222.04401493319673,899.3818288667443,309.7468348466337,906.020179136757,231.6185585918689,899.8924711952068,299.78930944161465,905.6371973904102,208.51199322894007,868.8709497411089,330.30018856724985,875.5093000111217,212.72479243875583,849.8495230058802,319.1937179231902,845.7643843781802,209.53327788586512,859.0410849182055,326.470371103781,858.4027820076275,216.80993106645593,882.913613773828,326.2150499395498,890.9562304471127,207.10772682566815,912.4031459082697,315.4915610418369,911.1265400871134,234.93773372687522,912.7861276546166,283.19343376658287,909.5946131017259,250.63998532709755,900.275390607285,266.3422369273199,901.4243358463257,257.5336567613415,905.5094744740258,212.98011360298707,944.9565943477548,307.19362320432106,936.7863170923545,207.80024496637088,935.6815668497594,204.17153343700872,924.4032406271389,309.23619251817115,928.2330580906076,313.3213311458713,919.9351202530917,230.3419527707126,961.6801306049024,296.214813142377,951.7226051998832,290.9165215416142,1395.3528680838454,324.11149439467806,1388.5443543825972,308.82316663435546,1392.1564318204757,296.89491090926856,1393.4164588336891,302.103022563884,1392.5764408248801,319.32339174446713,1388.79635978524,314.9552980986607,1391.064408409024,290.4267722414398,1400.3046065059223,327.8075736334374,1392.2404336213565
labeled-data,video,4052.r.png,300.13960637017266,342.6037597967892,328.6248230576375,312.54477423156385,272.12652034603593,336.1513073979712,316.66417958665784,288.9382410651565,268.6642288149629,299.3251156583757,265.35931417166586,318.05296530372556,290.5396162158337,284.05955754409894,292.9002695324744,309.23985958826677,332.86962270296846,902.0400737516665,264.06056894264464,905.6145700509041,302.48640415944885,892.9761724214568,326.7419147614183,901.6570920053196,273.6351126013168,904.976267140326,343.46545101856566,899.8698438557008,253.97538295550993,903.954982483401,338.48668831605613,901.7847525874353,258.95414565801946,904.976267140326,329.80576873219337,901.9124131695509,268.5286893166916,905.6145700509041,353.16765525935347,878.167544896044,239.5497371764439,879.5718112993158,356.99747272282235,856.9758882648496,248.35831734242228,843.5715271427085,359.4230237830193,866.5504319235217,242.86891231145026,858.5078152502371,346.40164440722515,888.6357126295256,246.31574802857222,893.8697964962663,357.12513330493795,906.8911758720606,256.9115763441694,907.7847999468698,335.9334766737436,908.6784240216792,284.8692438274921,908.040121111101,317.6780134312087,897.5719533776195,303.89067056272074,898.2102562881977,310.7843419969647,902.6783766622447,358.7847208724411,935.9977885944238,261.2520361361008,934.3382010269206,362.35921717167867,926.4232449357517,363.38050182860377,916.2103983665014,259.72010915071326,924.8913179503642,256.5285945978225,916.4657195307326,341.1675605404844,953.9979306727275,273.12447027285424,947.4872409848305,283.52375122830404,1395.7943942917807,250.48958151248053,1390.4095139619285,265.1944470286151,1393.1019541268545,277.103316988865,1393.619731081648,271.92554744093025,1393.309064908772,255.97801723329133,1390.5130693528872,259.7060113078043,1392.1699556082262,284.14508357405623,1399.8330545391698,246.8651428289262,1394.2410634274001
labeled-data,video,4053.l.png,361.96739900524307,340.9319185298567,344.97069512542976,307.4106414335583,390.9247463560361,339.67290342764835,359.29199191305025,290.25656066596895,399.73785207149484,301.9024503613966,403.51489737812005,320.9450537822985,378.80672599728024,287.8959073493281,378.49197222172813,311.8171942912876,242.11362356225615,873.22668142885,323.1780932056804,877.5671412207813,280.28413761482915,863.9074589344091,249.26261616073134,872.3330573540405,304.9226299631455,876.0352142353937,236.49655794916848,872.2053967719249,335.43350908878074,876.1628748175093,238.92210900936544,873.22668142885,329.178140565115,877.8224623850125,245.81578044360938,873.0990208467343,314.7524947860489,877.5671412207813,235.9859156207059,847.8222255878399,349.22085195726856,853.311630618812,237.51784260609347,830.8433681664612,338.2420418953245,833.6519009730052,236.62421853128404,839.9072694966709,343.4761257620653,842.2051599747523,237.2625214418622,858.8010356497839,347.6889249718811,864.8010830092186,229.34756535069323,881.3969586842502,333.77392152127754,879.3543893704001,250.5392219818876,881.3969586842502,305.3056117094923,877.4394806386657,271.09257570250384,870.5458092044217,284.2416156604136,870.0351668759592,275.17771433020397,875.2692507427,241.73064181590922,911.7801772277699,328.0291953260743,896.9715497023569,232.92206164993087,902.0779729869821,227.94329894742134,892.7587504925411,330.71006755050246,890.8438417608068,331.85901278954316,885.2267761477191,252.32647013150643,922.2483449612513,321.2631844739459,906.8014145252603,361.26278793666154,1365.984210568479,397.0475551119222,1359.096062896246,380.41519853750526,1362.3721331306008,368.5709446132993,1363.3801547411715,373.4430490643911,1363.3801547411715,391.7554416564259,1359.012061095365,386.12732099740606,1361.1121061173874,359.16274291463924,1372.368347435427,401.66765416037134,1363.0441475376479
labeled-data,video,4053.r.png,301.615629446541,337.58475879668913,321.9172479696514,305.47987369037514,273.91729719795643,336.955251245585,303.81890587540573,286.59464715724926,265.57632214582577,300.91594394486975,262.58616127808085,320.5880549168759,283.5172873522954,286.1225164939211,286.97957888336845,309.0995421092243,414.01327288157506,877.1310932503417,332.4920450135817,884.6851838635919,375.141181600891,870.6786408515236,407.246066707205,877.4458470258937,348.2297337911866,883.8982994247117,422.0394941581536,873.0392941681642,316.12484868487263,881.3802692202948,418.4198257393045,875.557324372581,324.62320062477926,883.4261687613836,410.98245564268484,877.663821671397,338.85422674735463,884.8128142698723,419.5488048408404,848.327631837739,309.63304363928404,859.3064418996833,415.0806844667934,833.6466648944419,312.4415764458279,845.2637778669641,418.655180766031,841.4339604034952,310.3990071319778,853.6893762865956,419.676465422956,860.7107083029553,310.01602538563094,871.5618577827836,426.18715511085304,882.4130072626119,327.50552513547206,887.3917699651214,394.7826519104084,885.2215400691557,355.2078714545635,887.6470911293527,384.1868235948112,875.3916752462524,371.93140771171085,875.3916752462524,379.3357214744173,879.4768138739524,418.3998596017997,914.0728316272879,332.6119484200972,902.2003974905344,425.5488522002749,906.1578755361189,428.9956879173969,895.4343866384061,330.56937910624714,897.7322771164874,329.4204338672065,893.0088355782091,406.01678313658374,928.6261379884695,344.6120431389663,924.4133387786538,326.59443544419946,1374.7207336401864,289.7304966640608,1367.4978546925067,308.46909770756935,1370.9048730640538,321.2794867845861,1371.7225574732252,315.35127481809434,1371.3137152686395,295.9994104677073,1367.0208721204901,301.31435912732064,1368.5881005714018,328.3660849974039,1380.4445245043855,285.9827764553591,1371.1092941663467
labeled-data,video,4054.r.png,292.14896395054745,400.5816396282452,313.86697446364224,369.8931465119157,261.1457170586658,397.7488556482763,296.7128936960529,350.53578931546167,251.23097312877474,359.66364880647245,249.65720425101426,381.85378998289536,271.21783787633296,346.2866133455083,278.2997978262552,370.68003095079587,357.93906182914793,957.3035167923417,272.9624957942014,963.511850383936,313.1226537148268,946.8269538565263,348.4325510170192,957.6915376418164,287.5132776495004,961.5717461365628,372.489843684447,954.3933604212818,255.5015575678425,959.6316418891896,365.3114579691661,955.9454438191806,264.8140579552339,964.2878920828854,352.8947907859776,957.4975272170791,279.94687108474494,963.1238295344615,374.2359375070829,922.1876299148867,249.48723440098556,932.4701824259647,366.8635413670647,895.0261704516619,255.88957841731718,895.6082017258739,371.51979156076044,906.8608063606384,245.6070259062392,919.277473543827,368.22161434022604,938.0964847433471,255.11353671836793,947.4089851307385,373.65390623287095,965.2579442065718,258.6057243636397,965.0639337818346,343.34081078267974,967.0190389719328,292.19332225546384,965.9174007575004,326.1867300150904,954.901018613177,306.1998652675322,953.9567572865208,317.8457549629598,962.9272398897555,367.26209772463926,1001.3272005071117,264.0228593435511,994.5599943327416,373.3997963479052,989.2091801483559,376.2325803278741,977.7206673407044,261.1900753635822,984.9600041784025,258.0425376080612,975.8321446873916,344.7572027726642,1025.2484874490713,276.613010365635,1012.5009595392113,286.2826579759524,1455.787854924327,243.721392291929,1456.098521097203,264.743136656544,1455.9949657062443,278.30889287213296,1454.5451902328225,271.9920140236526,1455.5807441424095,250.97026965903763,1454.75230101474,256.6658161617658,1456.5127426610377,288.13241153012393,1461.5727637593552,241.93142104563248,1461.1527547549508
labeled-data,video,4055.l.png,356.8468292056225,277.452686758569,334.0271804780954,246.13468609113522,378.87959349426933,275.2494103297043,349.6074923679242,222.05602226139973,389.22967893464545,233.55415980303272,392.8493473534946,259.8361000616329,372.39035194260816,221.90827010760518,367.03953775822254,246.1443108251167,262.9025095704403,846.235889280439,339.23030014182405,853.317849230361,302.8762390655568,832.8588538194748,274.2336454903158,845.9210586607032,325.53851090530776,851.744003508417,251.41399676278866,845.6063048851512,355.75487335830917,851.1144959573128,256.92218783495036,846.8653199873596,348.5155365206109,852.6882648350733,268.568077530378,846.3931893240315,332.4630939674539,853.0030186106254,253.77465007942942,816.17682687103,357.9581497871739,821.3702641676396,253.14514252832524,794.3014394701593,359.05978800160625,798.3932385523364,251.0992429872366,806.8915904922432,359.8466724404865,809.7243744722119,256.2926802838462,831.914515648635,353.3942200416685,834.7472996286037,251.0992429872366,857.4096483125387,355.91225024608525,855.3637487714501,277.3811832458368,855.0489949958979,323.9647420275473,857.4096483125387,295.0073946767543,843.4031053004703,307.2827919232861,843.4031053004703,298.78443998337946,848.59654259708,255.9779265082941,887.1538801022118,345.8401294284181,880.3866739278418,250.78448921168447,879.2850357134093,247.95170523171558,868.2686535690859,348.98766718393904,872.8325833145915,353.2368431538924,864.8063620380129,269.6697157448104,899.9014080120719,337.18440060073544,891.8751867354933,397.0503442342171,1399.9264343359412,434.179140223572,1392.4502740575417,415.27873502537096,1395.9783496945392,402.67846489323694,1397.658385712157,408.2225837513759,1396.818367703348,427.7110015557432,1391.9462632522564,422.5868917020087,1394.2143118760405,395.4543100174801,1405.7225585967228,437.87521946233136,1397.826389313919
labeled-data,video,4055.r.png,333.89656419476995,281.2414049778905,358.66271712520194,253.6667192409147,307.61607499789847,274.27617534561324,348.19454939172044,230.17717213163905,305.24449141678696,235.25268378836196,300.46708239942325,251.24876821794996,325.08798402879165,224.56010651855138,327.1173514991783,248.3630329348617,362.60167089572326,841.0079489454448,282.65421190549034,844.1554867009659,323.10007206393493,821.965345524543,351.42791186362376,839.7489338432365,297.7623931319911,842.2669640476532,371.7295303867341,840.5358182821167,269.27717644452616,840.8505720576688,367.32297752900473,841.1653258332209,275.25749818001606,843.0538484865335,357.4082335991136,840.5358182821167,290.68043318206884,843.5259791498617,380.3852592144168,809.8473251657871,265.0280004745729,813.9391242479644,376.1360832444635,791.4342292959893,266.60176935233335,790.4899679693331,380.0705054388647,801.1915963381044,265.342754250125,802.2932345525368,371.25739972340597,829.6768130255693,270.8509453222867,828.732551698913,376.2934601322395,849.9784315486797,268.80504578119803,846.0440093542785,349.85414298586335,846.3587631298307,301.06730777528816,847.460401344263,327.51819470162707,829.5228746512604,320.0622065526011,829.1086530874256,323.68664523615536,836.5646412364516,366.67033679908934,881.9039117423979,282.3994354365812,873.5965729787887,374.4454770229549,870.8167817872863,377.7149157341326,859.6252015811793,278.4419573909967,864.4050110664633,272.18658886733095,854.192164497213,357.59151830268655,890.0647880717046,294.2718695733347,891.5967150570921,315.2233452708424,1401.0183905222548,278.83638906272034,1399.8600042759288,295.9396212878863,1399.7237235410669,308.886291099765,1399.7918639084978,302.6173772961185,1399.9281446433597,283.8787762526099,1398.7697583970337,288.98930380993045,1399.7237235410669,316.7224333543231,1405.5837951401277,276.0426339980518,1404.1528474240781
labeled-data,video,4056.l.png,303.9337495076232,317.5406643434809,272.45837195241336,289.8423320948963,331.78945864398383,309.8291968424545,285.2058998622733,264.18989938740026,330.21568976622336,269.54071357178594,336.6681421650414,288.89807076823996,308.4976792531286,257.5800701008062,308.02554858980045,284.6488947982866,278.2092479827042,872.4015003809756,350.5927980422657,875.5930149338662,316.5074226173928,863.2099384686503,288.67741571618575,872.0185186346287,333.10329829242454,873.5504456200161,265.3155291890257,868.0610405890442,363.74183800017545,871.6355368882818,271.060255384229,871.1248945598193,358.1247723870878,874.4440696948255,283.443331849445,872.1461792167443,341.40123612994046,875.8483360980975,260.4334483219489,845.8676519531818,369.81038532630294,848.8578128209268,260.90557898527703,827.4545560833841,367.92186267299036,824.7791489911914,259.64656388306867,836.897169349947,368.8661239996467,835.6381542477387,264.6826242919022,858.3004260874898,363.04317915193286,860.3463256285785,264.68262429190224,879.5463059372563,359.26613384530765,879.8610597128085,291.27717547358367,880.8131359244381,330.3413136009661,882.6003840740569,305.44750008841845,871.4939134299972,318.8518612105595,869.9619864446097,310.6815839551592,875.4513914755817,263.5748291544923,909.0261245719923,353.44787896389494,906.345252347564,260.76629634794847,898.6856174206264,260.255654019486,889.2387343440698,355.8734300240919,897.2813510173544,357.53301759159507,887.8344679407979,282.34093472548966,926.5156243218335,344.25631705156957,917.9623653200864,362.5402879807222,1366.6910890042122,398.8290659612682,1359.1309269249318,381.1886877762806,1362.238993557525,368.00040503798033,1363.1630133672147,374.04853470140466,1362.6590025619294,392.9489398996057,1358.7949197214082,387.15281563882405,1361.2309719469542,362.28828257807953,1372.403211464113,401.5171235894568,1364.0870331769045
labeled-data,video,4056.r.png,280.5006089461485,323.4031510825009,311.5221304002463,293.27525370321257,253.1812443734039,318.29672779787575,296.84116345694895,271.8282759077869,250.62803273109134,278.46662617779964,244.88330653588804,296.84975000245015,271.0537258695919,264.93460447354295,274.5005615867139,291.8709872999406,368.6411926715075,865.7203652978342,293.94369827791735,875.7385998014206,337.53709619188294,860.787795462696,358.9403529294256,867.39762474929,312.98630169881926,874.9517153625404,381.6026247691767,863.3058256671133,277.5765019492083,875.895976689197,376.094433697015,866.1386096470821,284.8158387869065,877.3123686791815,363.97641333825925,866.9254940859623,304.6453266466887,876.0533535769731,381.28787099362455,844.5779760217632,270.9666726626142,850.715674645029,380.8157403302964,828.3681565808303,272.38306465259865,831.358317448575,381.91737854472876,836.5517547451848,270.8092957748381,841.11568449069,379.399348340312,852.4468204105657,271.75355710149444,863.7779563304412,393.09113757682826,876.0533535769731,288.4355072057557,881.5615446491348,362.20439651383845,878.1523446658272,320.3680185665259,880.2234524850011,341.0790967582648,866.8648070513295,331.9662223538997,869.4536918252969,336.83332572895836,871.0070226896773,395.8598985754142,903.005638495914,298.93205263807624,902.3843061501618,396.3776755302077,894.5140964373011,394.82434466582725,887.5758852430686,298.31072029232405,895.7567611288054,293.85783848110015,888.7149945436141,377.01281742093187,923.5096059057356,313.84402893612827,920.9207211317682,291.65146353616746,1362.838080619862,256.62271256883486,1353.5138807220828,273.6750781476562,1357.0419563590804,286.1073446780285,1359.5620103855072,280.7312294216513,1358.4699869740557,262.5868404313783,1353.5978825229638,267.6269484842319,1355.6979275449862,292.3234779432146,1367.5421814691922,253.51464593624178,1357.6299689652467
labeled-data,video,4057.l.png,378.22476897209515,267.0390561325567,343.2457694724129,240.86863679885283,398.52280152848016,259.379421205619,351.6713678920444,219.29399842131158,395.4589475577051,219.93230133188973,404.26752772368343,239.3367098134653,376.82050256882326,210.74073941956445,376.6928419867076,235.37923176788084,345.5515410973424,808.0902829104164,410.5481957488507,815.0148659725625,377.18429554032826,797.5460314294211,352.9482548228167,807.4607753593122,396.69902962455836,812.0247051048176,331.5949014403074,804.4889726351404,419.7229979544742,814.5640259074369,337.2542619077781,807.287372726846,415.3825381625428,815.2023288180152,348.9990354624159,807.6703544731929,402.4888193688643,814.1810441610901,325.50948835314017,782.9042015427609,433.1273590766152,785.2020920208422,328.1903605775684,759.159333269254,433.7656619871933,764.0104353896479,325.12650660679327,770.521125077545,434.0209831514246,775.4998877800545,329.46696639872465,791.4574605445081,427.25497229929624,799.372416635677,321.9349920539026,817.3725587139808,422.4038701789025,820.5640732668714,346.4458238201033,819.1598068635996,391.89299105326717,820.1810915205245,363.1693600772507,809.3299420406961,381.68014448401686,807.0320515626148,371.08431616841966,814.4363653253213,325.3818277710246,841.5004087338347,413.9782717592709,851.7132553030849,320.91370739697754,834.4790767174751,321.1690285612088,825.2875148051498,418.4463921333179,842.1387116444128,422.40387017890237,830.1386169255437,341.9777034460563,856.5643574234789,403.51010402578936,863.0750471113759,342.03220463112973,1303.7187369504572,378.6235819415446,1303.92315805275,360.1575423677598,1305.6948076059546,347.8922762301906,1302.901052541286,353.5479267269586,1304.4001406247667,373.64933511908595,1303.0373332761478,368.53880756176545,1304.9452635642142,339.5110110361848,1309.9195103866725,380.87221406676554,1310.1239314889654
labeled-data,video,4057.r.png,336.9961357014593,275.61542556439144,369.9325658872915,247.40243691683753,315.80447907026496,263.8706520097536,364.8261426026664,227.48738610679942,319.76195711584944,225.82779853929625,311.5916798604492,247.40243691683753,343.63448597147203,217.27453953754915,338.40040210473126,243.06197712490615,367.1147141075903,813.505216020808,302.0078172286197,818.9946210517801,333.4123204290643,805.4625993475235,356.90186753834,813.2498948565768,310.17809448401994,818.2286575590863,382.5616445435814,810.9520043784954,292.0502918236006,818.2286575590863,375.2849913629906,812.8669131102299,295.62478812283825,819.1222816338957,361.75296965873395,813.6328766029237,305.7099741099729,818.7392998875488,386.5191225891658,783.249658059404,281.582124090119,791.2922747326887,381.5403598866563,765.6324977274473,282.8587299112753,762.4409831745565,384.3488926932001,774.696399057657,280.560839433194,777.8879136105477,381.66802046877194,796.6540191815451,287.0746444184026,803.9169717147308,387.0006152788804,822.530394592775,293.5475857231012,823.9046621831386,362.1979748660593,822.730793867121,320.46515230970545,825.6303448139644,347.70022013184206,813.3072532898798,328.1282512406488,815.274805718095,339.00156729131174,820.349019875071,386.6370471323112,845.5129798780338,296.543856998247,853.0725234180185,388.9152657334024,838.2641025109251,390.0543750339481,829.5654496703949,293.0229737056514,842.9240951040664,290.9518658864775,832.2578898353208,371.41440466138306,861.1498439127967,306.5887299212404,866.0169472878553,326.0001203498463,1308.62990069838,291.044111857774,1302.7698290993192,306.988957836614,1306.7901107777448,320.61703132280206,1306.8582511451757,313.7348542122771,1307.0626722474685,296.4953412522492,1303.5193731410595,301.5377284421388,1305.6317245314187,326.7496643915867,1313.399726418546,287.84151458851983,1307.539654819485
labeled-data,video,4058.l.png,360.62643358925897,327.6254251011456,321.94527720822344,300.94436343897917,385.1372653554596,317.4125785318953,332.1581237774737,275.02926526950654,381.69042963833766,277.4548163297035,390.75433096854727,297.24220655762593,359.3498277681026,265.8377033571812,357.6902402005994,291.24215919819136,323.0128138924579,907.9189432929209,399.8644843260664,913.9189906523553,364.247181915806,896.9401332309767,333.4809816259395,907.9189432929209,390.4176012495099,913.2806877417772,309.73611335243254,900.64229011233,409.4390279847386,912.7700454133147,314.0765731443639,905.3657316506083,404.84324702857595,913.9189906523554,327.8639160128518,908.0466038750365,395.14104278778814,914.046651234471,304.6296900678074,875.2378342713199,423.0987102711109,881.2378816307545,309.8637739345482,854.8121411328193,417.86462640437014,857.1100316109006,304.37436890357617,865.4079694484165,422.5880679426484,869.365447494001,305.9062958889637,888.8975165576921,415.56673592628886,893.6209580959704,310.5020768451263,912.387063666968,411.0986155522417,919.7913774296744,334.6299268649801,916.8551840410149,384.4175538900753,922.2169284898714,354.9279594213651,905.6210528148396,367.94933879715916,904.2167864115677,358.50245572060265,911.8764213385055,311.2680403378201,951.4512017943504,406.5028345960791,947.4937237487659,306.9275805458887,937.6638589258624,302.11992136367064,928.736871754529,409.059443893045,938.2956774559909,411.33766249413634,928.5614707058737,325.7993115350477,965.3246282877901,397.0339163555685,958.5586174356617,342.40034351322385,1421.3386902597017,381.7971881263629,1418.2306236271088,363.568797335209,1419.658654242084,349.96050559250426,1419.8266578438456,355.672628052405,1419.9106596447266,375.7490584629386,1417.8946164235851,370.2889414056805,1419.1546434367986,341.3923219026531,1426.2947965116746,385.661270966884,1421.926702865868
labeled-data,video,4058.r.png,,,,,,,,,,,,,,,,,,,,,,,,,,,,,,,,,,,,,,,,,,,,,,,,,,,,,,,,,,,,,,,,,,,,,,,,,,,,,,,,,,,,,312.66715316922586,1417.866910725063,274.9202311823068,1415.233404539929,294.36766147252627,1416.718972131543,,,,,,,,,,,,
labeled-data,video,4059.l.png,310.9006577421931,406.7096596993309,276.8152823173203,370.19873321426115,337.07107707589705,397.1351160406587,291.2409280963863,347.85813134402605,339.496628136094,353.73051812134497,345.4966754955285,375.3051564988862,316.64538393739645,340.70913874555083,314.7447444583239,370.5236686397991,242.93236859689642,952.2737648029431,317.358487970308,959.2950968193028,280.4645797388913,943.7205058011959,255.69842680845932,951.5078013102493,304.4647691766295,958.7844544908403,229.14502572840854,949.209910832168,328.5926191964833,957.7631698339153,235.58114330301424,952.2581142982573,323.0270180200244,958.8942565678477,249.3574386474808,952.0061088956145,310.8467568922948,959.0622601696095,224.99139732307188,921.6792330888317,342.9497751979128,925.7643717165317,229.33185711500326,898.9556494722498,332.73692862866255,893.9768867697402,224.48075499460936,910.4451018626563,342.0561511231034,908.2748719666906,227.41694838326882,933.1686854792382,336.82206725636263,940.7006598240603,223.97011266614678,962.1476376194857,333.88587386770314,964.0625463512206,250.52351374619758,961.8923164552548,298.9068743680209,965.3391521723769,267.5023711675762,952.8284151250451,287.9280643060768,950.7858458111951,278.225860065289,959.7220865592892,230.73612351827515,996.7436553728212,329.41775349365616,994.1904437305087,226.65098489057505,989.0840204458835,223.20414917345306,976.8286045627831,332.2262863002,983.5946154149116,334.26885561405004,974.4030535025863,245.4170904615725,1012.4459069730436,318.94958576017467,1011.2969617340029,320.4795981981632,1447.15254943669,356.0760461200405,1440.2373544675704,338.7996686635509,1444.2341029802656,326.70340933670224,1444.1501011793846,332.58353539836475,1444.1501011793846,350.81192618951866,1440.0340129362207,346.3598307428313,1442.0500561573622,318.89124185477914,1452.6342830683548,359.968122485536,1445.494129993479
labeled-data,video,4059.r.png,290.59050117056324,408.4314880340422,318.9311504002328,370.77161630993174,261.7392096124312,400.89951368922016,300.4203659934667,348.1756932754655,255.73916225299666,358.7715215910627,254.9731987603029,380.21849938648836,277.8244429590004,344.7288575583435,284.2074720647819,373.45248853436,367.37259966048987,953.8660811500093,292.93333174241866,961.8923024265878,327.55624705314943,945.8398598734308,351.0054033317807,953.2365735989051,305.52348276450255,960.6332873243794,383.897172876975,951.1906740578165,277.8251505159179,958.4300108955147,376.1857053759486,952.9218198233531,284.27760291473595,960.9480410999315,359.03162460835927,953.3939504866811,299.0710303656846,961.2627948754836,385.62831864251143,920.1874271659348,269.01204480045914,933.5644626268988,377.9168511414851,894.0628637951106,269.79892923933943,905.8661303783143,381.5365195603342,905.8661303783141,266.80876837159445,918.141527624846,384.9538474619711,938.4683544260415,276.4683636177197,946.742132762093,387.33101357965296,962.6534868787872,277.55418492457346,963.1469487198477,359.1558330000247,962.0078394193021,312.65946245957093,966.5642766214847,340.3087518455423,952.2736326691848,324.56833241982076,950.8238571957631,333.26698526035113,960.350953163963,385.6660130854505,992.8673459249933,282.2141775177148,991.2104596696543,388.4620086413353,983.0295837839174,389.4975625509222,972.7776000790066,279.2110711799126,981.4762529195368,276.62218640594523,972.1562677332543,369.51137209589416,1008.2970991778387,295.05504599659287,1011.1966501246822,292.1319827173296,1447.894486828136,249.98493859714097,1442.1989403254079,270.48890600696245,1444.166492753623,287.4719901241883,1444.9949358812926,279.18755884749277,1444.6842697084164,256.8195944004148,1441.163386415821,262.8258070760191,1443.2344942349948,293.2710920178752,1453.4864779399054,246.67116608646273,1447.5838206552598
labeled-data,video,4060.l.png,,,,,,,,,,,,,,,,,,,,,,,,,,,,,,,,,,,,,,,,,,,,,,,,,,,,,,,,,,,,,,,,,,,,,,,,,,,,,,,,,,,,,352.8961052395564,1382.1753703571583,393.94466831612385,1377.8652712341188,374.24135803937145,1380.4308064264042,,,,,,,,,,,,
labeled-data,video,4060.r.png,321.7508722079924,329.0010333244235,350.9851455124714,291.72414334665984,291.11233250024156,324.91589469672334,335.15523333013346,268.10693565526856,281.79311000580066,280.3623515383689,279.3675589456037,306.2774497078416,302.72944547276376,264.0217970275685,311.0273833102796,292.6177674214693,370.99545711295355,884.6772689126932,286.4840683772152,886.2510377904537,330.3922200667329,868.152695696208,360.1364518564061,884.362515137141,300.0184807259554,885.6215302393495,383.58560813503743,879.6412085038597,271.69064092626655,881.372354269396,378.0774170628757,882.9461231471568,278.1430933250846,884.8346458004692,365.95939670411997,884.8346458004692,293.72340521491344,886.2510377904537,387.8347841049907,849.582222938634,264.45130408856835,852.8871375819313,382.9561005839332,827.2347048744351,267.91359561964134,822.9855289044817,387.5200303294386,838.5658407943106,262.2480276597036,838.7232176820867,382.1692161450529,866.1067961551195,269.6447413851779,867.5231881451037,388.621668543871,890.6575906481829,277.314650197415,890.6657658535349,355.9102968175197,891.8974519418314,312.1063664419919,892.8294504604596,339.6521004370046,879.9885819815815,325.67212265758087,878.6423618991186,333.43877697948295,887.2374593486902,386.8474995162094,921.7749785254183,281.5275192708157,920.1153909579151,389.91135348698447,911.9451137025148,390.03901406910006,902.3705700438427,277.82536238946244,911.0514896277053,274.1232055081092,900.2003401478769,366.80478812405573,940.2857629321844,297.3574314531537,938.8814965289125,313.31060722735924,1395.312167096534,272.562667503657,1390.6786221112302,291.7101107517512,1393.063534971313,306.01958791224865,1393.9493597479152,299.3418319040165,1393.131675338744,278.42273910271786,1390.0653588043517,283.942108864624,1391.5644468878322,317.19460817092283,1401.5810809001805,269.0193683972481,1395.9935707708435
labeled-data,video,4061.r.png,287.4815951071495,343.27593925842064,312.8860509481596,306.50969160911956,259.65158820594246,338.55249772014236,301.52425913986866,286.5946407990815,251.60897153265785,297.06280853256305,249.56640221880778,318.50978632798865,276.37512446308983,280.46693285753133,278.41769377693987,307.1479945196977,380.04459391257393,858.4059538019577,296.6849693633766,862.2004349884926,345.70663289577806,847.2641468809641,369.32384058716934,857.3493328680987,318.3872683230335,864.1153437202271,388.35758250065606,856.3781274185732,276.5145973891072,858.7535992713708,383.72978349712565,858.4215175869624,285.3231775550856,861.6897926600303,374.94090620025696,858.1152963607927,308.4297429180144,864.1153437202273,390.64315780047934,827.476756653042,273.0677616719853,840.8811177751829,386.30269800854796,805.774457693385,273.32308283621654,820.0724428903354,389.4942125614387,817.519231248023,267.9613383873602,832.0725376092045,389.87719430778554,841.0087783572986,273.8337251646791,849.6896979411613,401.1113255339609,869.8600699154307,293.49952366379927,866.5952270247494,377.24931914205007,869.2832846529379,329.4522944408217,867.1832396309156,357.17288873151654,854.7509731005434,342.89258258176466,856.0950019146377,350.03273565664057,862.7311441842282,399.1924809520282,900.0733219761498,301.64330266893813,894.4813308643805,403.5418073722934,890.6498319630645,403.4382519813347,880.2942928671949,299.1579732859294,885.2649516332125,293.6695375651186,876.2556326198061,377.54940424166114,921.405732513641,310.8597324642619,908.6684194257216,282.5700020859774,1342.5129645767254,243.93441375263433,1331.474225052913,261.7871900195407,1338.0157003262832,276.50550938462374,1339.378507674902,269.2826304369441,1338.356402163438,250.61216976086646,1332.7688920341009,255.2457147461704,1335.9033489359242,282.77442318827025,1348.64559764551,241.14065868796578,1336.3803315079408
labeled-data,video,4062.l.png,,,,,,,,,,,,,,,,,,,,,,,,,,,,,,,,,,,,,,,,,,,,,,,,,,,,,,,,,,,,,,,,,,,,,,,,,,,,,,,,,,,,,317.8611114661511,1434.6865153180008,360.0659077772209,1433.0216318343294,338.9218875345942,1435.019492014735,,,,,,,,,,,,
labeled-data,video,4062.r.png,269.02758163552096,323.54259284138413,300.68740600019686,291.75510789459247,246.43165860105464,317.1595637356026,290.85754117729346,269.4145060243575,244.13376812297332,271.45707533820746,236.34647261391996,297.4998340897958,266.60203057532397,261.11656818684156,266.60203057532397,288.30827217747054,289.4716357537675,907.2816002380968,206.21926212023757,907.4389771258728,248.71102181977082,892.8029265627002,277.98312294611594,904.606193145904,221.01268957118617,906.9668464625447,301.5896561125233,904.76357003368,192.68484977149734,902.0881629414873,295.92408815258557,906.9668464625447,198.66517150698724,904.7635700336801,283.64869090605373,906.4947157992166,213.930729621264,908.068484676977,307.09784718468495,881.1570368672726,190.79632711818476,876.5931071217673,310.56013871575806,861.3275490074905,191.8979653326171,856.2914885986569,310.87489249131016,870.9275391618295,190.3241964548566,865.7341018652198,305.36670141914846,892.8029265627002,193.31435732260155,887.7668661538667,309.4585005013257,916.4094597291078,196.14714130257045,906.8094695747689,282.1540721717606,914.9490644411546,230.32387583281536,910.6086046492234,265.43053591461324,902.438327393823,246.28144859726893,898.7361705124698,256.6219557486349,907.4170900963326,300.02655366794863,946.6088888058306,203.13217184218644,934.6087940869616,304.4946740419956,937.2896663113896,307.4308674306551,926.8214985779081,199.9406572892957,925.6725533388674,197.51510622909876,916.2256702623109,280.2391634400262,963.8430673914405,213.85566073989924,957.4600382856589,235.68130560660364,1436.7184027916855,194.68842677672762,1433.6103361590926,213.92483917845223,1435.2903721767104,229.04516333701307,1434.870363172306,221.48500125773265,1435.0383667740678,200.31654743574748,1433.1063253538073,205.77666449300557,1434.5343559687824,237.4453434251024,1442.5985288533482,192.84038715734795,1439.7424676233977
labeled-data,video,4063.r.png,306.4232183949888,269.6278138915448,335.4021705352365,236.94670486994386,278.465550911666,258.904324993832,322.7637729057892,216.265690567212,280.1251384791692,218.18059929894645,271.82720064165335,235.41477788455632,298.8912440501666,208.73371622238994,301.0614739461323,234.97552450184327,398.1312515163407,811.5000130199863,324.95099870047784,821.7295107254295,358.31489890900025,804.7328068456162,381.6066782998555,811.5000130199863,337.06901905923365,820.155741847669,409.4145617843087,806.4881850689824,313.5414646154715,821.9351155049736,405.20176257449293,809.6796996218732,318.90320906432794,822.0627760870892,389.24418981003936,812.2329112641856,330.3926614547345,821.4244731765111,407.8826347989212,780.3177657352788,304.4775632852619,796.1476779176168,406.8613501419961,766.2751017025596,303.5839392104525,768.7006527627566,407.8826347989212,774.3177183758443,300.7754064039087,784.5305649450945,411.5847916802744,792.8285027826105,306.6477931812276,807.6371303080234,416.9465361291308,825.3819512220956,316.2223368398997,823.9776848188237,390.9037773775425,820.5308491017017,349.0311064436163,822.7010789976674,373.4142776277014,810.9563054430296,360.26523766979165,810.0626813682202,368.81849667153875,816.0627287276548,408.5209377094993,854.8715456908059,327.96711039453754,850.5310858988745,415.79759089009013,844.7863597036712,417.5848390397089,833.6798890596115,323.6266506026062,842.3608086434742,320.4351360497155,833.0415861490334,395.6272189158208,868.6588885592937,335.371424157244,862.6588411998591,350.3638285027686,1297.4920116164897,312.8866264157515,1293.539870305495,330.0579990083485,1296.0610639004399,342.8683880853652,1295.3115198586995,337.0764568537353,1296.0610639004399,319.35996132169083,1293.8805721426497,324.1297870418567,1295.2433794912686,353.2938643022991,1303.4202235829814,309.2070465744807,1297.4920116164897
labeled-data,video,4064.l.png,356.13550956719257,277.6234325358615,314.81690857467345,242.4145996099054,383.1866139233406,267.8590938825051,328.2620800894995,217.97060124645168,382.5571063722364,221.43289277752473,390.5833276488149,244.4099183928279,357.6915581036206,209.62962619432108,355.9604123380841,239.05910420844225,307.83342213734585,900.8589016957537,397.9617931109797,902.5184892632569,351.6210018030065,879.0289421539813,317.91860812448056,899.5822958745975,381.49357801806366,900.3482593672913,291.3652070444298,895.3694966647818,417.3662015925553,894.3482120078568,297.7482361502112,898.0503688892101,410.8555119046582,898.8163323819037,312.8121848398554,900.2205987851758,389.7915158555795,902.0078469347945,287.152407834614,867.4118291814591,416.4725775177459,866.6458656887653,287.40772899884524,840.8584281014083,416.21725635351464,833.1987931744706,283.83080927462305,853.4314362935403,421.32367963813977,848.7733841925773,292.3864917013548,881.9651355426408,414.55766878601156,881.199172049947,290.08860122327343,907.369591383651,419.66409207063657,902.7738104274885,323.9186554839151,910.1781241901948,379.32334812209797,908.0078942942291,340.38687057683114,896.2631207395913,362.85513302918184,893.0716061867006,355.1954981022441,902.7738104274883,296.72695149328615,941.8379485548708,416.089595771399,936.8591858523613,290.9822252980829,931.4974414035048,291.1098858801985,919.3696861025201,416.9832198462084,925.8803757904172,419.0257891600585,912.9866569967388,318.4292504529431,966.8594226495342,401.40862882810177,957.9231819014401,356.1482770165173,1457.8227588079894,406.37264163148404,1454.1983201244352,382.34779092906695,1456.99431568032,363.91493133841936,1455.7516509888155,372.4064733970323,1456.2694279436091,399.43443043725154,1453.6805431696416,392.3926638520603,1455.7516509888155,352.93805989679777,1463.725416092635,411.2397450065427,1460.2045328000395
labeled-data,video,4064.r.png,300.57097024362224,276.78720338192,343.4472741105702,240.89527480551567,274.08642828962866,267.058971931378,330.51240558473654,218.54795072743912,279.8311544848319,218.80327189167036,266.6821145269222,242.5481401651773,302.68239868352947,209.48404939722946,301.6611140266044,241.01621317978976,392.5397997713735,911.291176043946,294.1792449113429,912.3928142583783,348.4742711940798,893.8223415008044,379.79227186151354,911.9206835950503,314.4808634344532,914.596090687243,407.64798099787424,904.3665929818,277.4972948070817,905.4682311962322,400.408644160176,909.0878996150814,284.2645009814518,909.8747840539615,385.30046293367525,912.5501911461545,302.9463531439634,913.0532299956154,409.2876180462821,873.861431286117,280.3483292806281,872.5605549050564,405.46295506258707,850.3704137286334,278.3024297395395,848.3245141875449,410.8137692469728,863.9048260773735,276.0991533106748,862.0163034240611,403.7318092970506,890.1867663359737,273.2663693307059,886.5670979171248,412.3875381247333,923.3932896567206,283.6532439239252,914.1080532779337,374.93183883403367,920.4031287889757,327.08926495011474,915.8391990434702,360.9252958219653,906.0818320013551,343.61383816659986,901.2031484802976,350.2236674531939,911.1178924101887,402.15804041929016,959.747350732988,284.2827514750294,938.344093995445,405.77770883813923,948.10146103756,410.3416385836446,936.6129482299083,284.44010915175954,929.216234504434,284.59748603953557,922.449028330064,379.9678800318212,976.9014315005771,297.9745215004997,962.1080040496286,255.5070226343811,1461.548481988788,207.15323052613385,1450.8126453842924,232.2136351381379,1455.9904149322272,250.02516238303335,1457.4401904056485,240.91228797866825,1456.715302668938,214.19499711132508,1449.8806468656642,221.340319087475,1453.7121963311358,259.7593691331506,1471.4201681850723,200.9399070686122,1455.9904149322272
labeled-data,video,4065.r.png,315.14373582298674,330.8030858628374,344.12268796323445,297.22835276642707,289.86694056409226,324.420056757056,329.4417210199372,271.82389692541693,285.27115960792963,277.44096253850466,280.93069981599825,296.71771043796457,305.5691921643146,266.9727948050231,308.7607067172053,294.5474805419989,383.45535724403146,897.9862204270901,298.786591620517,896.4124515493295,340.0193362178419,885.2386925172301,368.50455290530675,896.7272053248817,310.2751044281686,897.1993359882098,396.36026204166745,896.5698284371056,283.83578728179236,894.2091751204648,389.75043275507335,897.828843539314,291.0751241194906,895.7829439982254,375.90126663078104,897.6714666515379,304.7669133560069,897.3567128759859,396.9897695927716,869.6583806274015,278.32759620963066,868.556742412969,396.67501581721956,850.7731540942756,285.881686822881,840.5436563888322,398.09140780720395,859.7436366975104,279.586611311839,854.2354456253486,396.3602620416674,882.2485316494854,278.32759620963066,879.7305014450685,401.2389455627249,909.1599794591895,290.28823968061033,899.4026124170745,368.34717601753067,906.1698185914446,322.8652554502525,903.3370346114757,356.07177877099883,896.0976977737774,337.9734366767532,889.9599991505115,346.47178861665986,900.6616275192829,387.54715632620866,946.1435480865609,295.6390538649961,926.3140602267788,396.53399461768265,935.8611144853469,400.26198869219564,923.4344675703036,294.32482374145116,918.9815857590795,290.59682966693816,908.1082697084166,375.5668357585158,956.0052187905435,308.2897089835795,947.9626021172589,259.523379247251,1419.1643233318218,217.27047340416158,1412.3601774604695,238.35492542526583,1415.972254898348,252.46722797325594,1415.888253097467,245.32707489838,1415.6362476948243,223.15059946582411,1411.6041612525414,229.36673273101025,1414.0402134780875,260.95140986222617,1425.7164638005315,213.65839596628314,1417.3162837124423
labeled-data,video,4066.l.png,347.1125538406446,371.3385279701196,320.51585980649224,337.0303664349409,377.48629318142196,361.1090302646764,333.73551837968034,313.58121015630957,376.5420318547657,318.93202434069525,382.6797304780316,341.2795424048942,356.71254399498355,308.07301908414786,354.8240213416709,334.98446689385224,273.0850170576827,912.697731978444,358.5406671200773,915.687892846189,315.734153644992,899.32069651748,291.81286670303257,910.4944555495795,342.96035523024847,914.9010084073088,261.124373586703,909.8649479984753,373.648848346578,911.9108475395639,265.2161726688803,912.2256013151163,367.039019059984,914.9010084073091,282.84238409979775,911.596093764012,350.3570689557228,915.2157621828612,261.28175047447905,882.7961233009952,376.63900921432304,887.6748068220528,264.27191134222403,862.9666354412129,371.91770258104157,862.966635441213,259.86535848449466,872.4092487077759,376.79638610209906,874.1403944733125,264.27191134222403,894.7567667719749,376.63900921432304,898.8485658541523,256.7178207289736,924.6583754494242,364.36361196779114,918.2059230506061,284.1013992020062,923.3993603472157,330.6849579837167,918.9928074894864,303.9308870617883,910.4944555495797,319.6685758393932,907.3469177940588,310.69809323615846,913.7993701928767,263.3276500155677,951.8845770346805,361.21607421227026,942.2845868803416,259.39322782116653,943.2288482069978,258.1342127189581,934.415742491539,362.1603355389266,933.628858052659,367.19639594776015,924.6583754494242,283.1571378753499,971.3993111189106,348.9406769657384,962.9009591790038,362.70505384875815,1418.0671903054688,402.9760110004438,1411.7301361343914,382.8746026083164,1414.7283123013528,368.3607043455262,1415.682277445386,374.1526355771561,1415.0008737710766,398.0699045454161,1411.048732460082,391.5965696394768,1413.8424875247506,362.70505384875815,1423.654700434806,408.427240394919,1416.6362425894192
labeled-data,video,4066.r.png,347.604010816119,367.50386873692696,371.8400515336306,330.9924307728836,316.6007639242373,357.5891248070359,358.1482622971143,308.64491270868467,315.0269950464768,314.9399882197266,310.30568841319536,335.8711142939411,335.01385979403506,304.39573673873133,340.52205086619676,332.09406898731595,434.13167566021275,915.0314129866821,349.14815626114626,917.5494431910989,389.75139330736687,904.6445383934629,419.9677557603683,914.71665921113,361.73830728323014,917.864196966651,448.2955955600571,911.411744567833,334.98423636130184,914.71665921113,442.00052004901517,913.9297747722497,340.80718120901565,917.0773125277708,427.0497157102905,915.6609205377863,355.5593516725972,918.1834257187519,449.9538462577435,885.9367157405613,333.7416018400883,889.2348929610959,446.6556690372091,867.3117149657785,337.2337894853601,862.2674439226082,447.237700311421,876.6242153531699,330.8314454690285,877.7882779015939,449.3718149835316,898.5473933484873,333.3535809906137,901.6515601442843,453.3748697082909,924.0371514675855,342.31016326769384,920.2073340041165,425.80018397131505,925.186096706626,376.650859856798,921.1009580789259,409.0766477141677,913.4413231519882,388.26797282932023,909.8668268527507,398.991461727033,918.2924252723822,446.80312782842316,954.2326279052298,348.139944572417,943.624635696072,451.1620343397294,945.4118838456908,452.5663007430013,934.9437161122092,346.99099933337635,934.8160555300936,341.88457604875117,928.1777052600809,428.5661113052631,973.2418907468979,362.4379297693675,967.7524857159258,344.3253875141583,1419.9266770510649,304.39513219962737,1416.178956842363,323.9514176523072,1418.2231678652913,339.010438854545,1417.6099045584128,331.1742965999868,1417.8143256607057,309.16495791979315,1415.22499169833,314.8887487839921,1417.1329219863962,345.96075633250086,1425.5823275478328,300.44299088863283,1419.3815541116173
labeled-data,video,4067.l.png,322.7986489290772,394.80718044510684,283.22386847323224,374.5091478887219,354.0754915474062,384.08369154739404,291.7771274749794,350.5089584509837,337.47961587237455,342.72166294193033,352.4159039799031,363.14735608043094,314.628371673677,338.1258819857677,323.1816306754241,363.53033782677784,312.2364177342868,964.1750357411753,387.7773238667903,963.7029050778474,350.3216245760906,955.2045531379406,327.97410651189165,964.3324126289514,376.1314341713627,963.7029050778473,299.6462667122028,959.925859771222,397.8494446844574,962.6012668634149,305.1544577843645,963.0733975267431,392.6560073878478,963.8602819656234,319.475754571985,964.3324126289514,382.4738155591083,963.9230422580686,288.89860886835237,932.3908784755082,411.70808886358725,932.0078967291613,291.3241599285493,911.0715612621982,406.4740049968465,900.0927512002542,287.7496636293117,920.390783756639,411.96341002781844,915.1566998898983,294.2025132277179,948.7695941991936,404.942078011459,947.7101483293836,400.21863647318065,969.4124472890408,288.26029037420705,970.5613925280812,366.38856662897183,969.6677684532718,316.473279021761,971.7103377671218,355.0267748206809,959.4549218840215,335.6110064223409,959.273904163312,344.46925418836315,966.9056253155773,394.43345845986715,998.5135418117175,291.1887336740488,1002.0344251043133,397.3330094067106,989.7113335802285,400.0254495716366,979.355794484359,288.082071945288,992.7144399180308,285.1825209984446,982.6695669950375,386.2198843780202,1010.8428157479846,307.3740636022196,1018.0821525856828,377.7445113126906,1467.8932369494823,339.10892297934754,1472.663062669648,358.5970680645964,1470.9595534838745,371.8844397136297,1467.2799736426039,366.0243681145689,1469.2560442981012,344.7645734761156,1470.6869920141507,350.48836434031455,1470.8914131164436,382.10549482827076,1472.5949223022171,336.8602908541265,1478.6594150035708
labeled-data,video,4067.r.png,366.60413411339636,376.0859243803751,330.85917112102027,395.4903328619507,348.8592976157568,346.4686693295493,295.75249545565526,390.0009278309787,301.4972216508586,352.8516984353307,322.4335571178217,341.2345854628085,292.3056597385333,370.72417993151873,322.9475296735228,365.37456106937486,355.7667293397967,965.8866340535883,279.8086829809976,967.8015427853228,314.404700734333,957.9716779624193,340.0644777395744,967.035579292629,291.8087776998667,967.5462216210915,367.2561817302033,964.0993859039695,270.10647874020987,966.7802581283978,361.63911611711563,965.5036523072415,274.19161736790994,967.8015427853228,348.8264197558557,966.6791070578829,285.15305468813835,967.7711304693344,377.54033870274475,936.604986704965,256.5181068571287,937.243289615543,373.71052123927586,912.094154938764,258.94365791732565,908.7749798037577,378.1786416133229,923.2006255828237,256.1351251107818,922.3070015080143,371.6679519254259,951.5412748124933,263.28411770925703,951.9242565588402,377.8458113226181,973.2221601362862,269.8375385526998,973.0150493543689,352.26762975582056,973.3257155272449,299.55793575784514,974.671935609708,332.0743285188752,962.0381779127473,313.2272473643928,963.2808426042516,322.96145411451,968.769278325062,377.3280343678246,1002.5283357775967,271.90864637187366,1000.4572279584229,381.0560284423376,991.7585751178925,381.8844715700071,981.5065914129818,270.6659816803694,990.930131990223,266.5237660420216,980.7817036762709,360.9662825963509,1019.71853067674,281.642853121991,1014.95498269264,316.9758531352792,1478.7211079583235,275.1429562965942,1473.9330053081126,296.0594047159367,1476.8730683389438,311.1797288744975,1476.9570701398247,304.1235776005025,1476.8730683389438,282.19910757058926,1473.1769891001845,288.3312390348945,1475.277034122207,319.8319143652296,1484.2652268164625,271.9508878631203,1478.5531043565618
labeled-data,video,4068.l.png,311.890772596974,299.90190809960956,276.795726622915,274.87898294321775,336.1268133144855,287.4691339653017,283.8776865728372,250.80031911348226,326.2120693845944,250.01343467460202,339.27435107000645,269.05603809550394,304.9661895348278,240.72819829581513,311.1038881580937,266.3806310033111,300.9439728607956,838.2570808650703,368.3012808289446,836.9980657628619,338.24229526371926,826.1390605063145,311.960355005119,837.9423270895182,357.28489868462117,836.3685582117578,286.9374298487273,834.007904895117,377.5865172077315,836.9980657628619,293.38988224754524,837.312819538414,372.70783368667395,836.8406888750858,307.39642525961364,838.2570808650703,362.63571286900685,837.312819538414,283.1603845421021,811.3456330553661,388.13076868872685,807.4112108609648,283.6325152054302,787.1095923378545,387.8160149131746,780.4997630512604,280.4849774499092,798.283351369954,390.8061757809196,796.0800749410893,282.53087699099785,824.8800454041062,383.56683894322134,824.0931609652259,285.5210378587429,843.9226488250083,383.2520851676693,842.9783874983519,311.04472142804235,847.94359884453,353.39887633014837,845.6653802434387,324.92114381650737,834.1707318470236,340.97222941510506,832.4102902007259,333.516241266079,840.9018322593388,292.92252801027087,879.2173269140558,376.59528390489595,871.2435618102363,284.2238751697405,869.4831201639385,279.56388257659927,854.5711438658865,380.5303887613263,861.198688887243,384.15482744488065,851.8787037009604,303.30153380650967,885.6320112279602,365.21691613258963,884.8660477352664,349.7374783501752,1334.2248031287902,387.5382887465773,1328.5966824697705,369.4779015571852,1329.856709482984,354.27357559774345,1331.4527436997207,361.3297268717385,1330.612725690912,381.82616628667654,1327.5046590583188,376.19804562765665,1328.5126806688895,348.5614531378427,1339.2649111816438,390.22634637476585,1333.0487779164578
labeled-data,video,4068.r.png,,,,,,,,,,,,,,,,,,,,,,,,,,,,,,,,,,,,,,,,,,,,,,,,,,,,,,,,,,,,,,,,,,,,,,,,,,,,,,,,,,,,,266.30500280675676,1325.2137602292212,229.7608103401697,1321.1347956942263,249.15670292494144,1321.5510165651442,,,,,,,,,,,,
labeled-data,video,4069.l.png,344.0062787166031,304.03679767191244,315.9209506511648,275.44082727801157,366.85752291530065,295.7388598343966,324.98485198137445,253.10022540777658,365.3255959299131,256.54706112489856,372.9852308568508,274.2918820389709,345.2828845377594,248.12146270526705,345.2828845377594,273.27059738204593,322.5743233715806,856.3511196850408,394.49556108523495,859.9707881038897,362.548052866697,847.0658833062539,336.1087357203208,856.1937427972647,379.7021336342864,858.7117730016815,308.5677803595122,849.1117828473425,409.91849608728774,853.5183357050718,314.0759714316739,853.5183357050719,403.3086668006937,857.9248885628011,329.65628332150277,856.980627236145,387.4136011353128,860.4429187672181,306.20712704287143,828.1806567731282,415.7414409350016,830.698686977545,308.88253413506425,809.9249377911066,411.49226496504826,804.1019929433927,306.0497501550954,818.2659128432372,416.05619471055365,817.951159067685,309.0269366278985,840.1191555086285,412.09714630875493,842.3032023315318,306.30018613231755,862.8897896650636,406.7690642573173,865.8259830537231,332.9812477944839,864.804698396798,376.25818513168207,867.230249456995,346.6409300808562,856.251439395051,367.9602472941662,858.0386875446698,351.61969278336574,863.5280925756417,306.3001861323175,884.7197492068359,395.2796118669107,893.9113111191612,305.27890147539244,877.9537383547076,303.7469744900049,869.6558005171918,399.7477322409577,885.8686944458766,403.449889122311,877.1877748620138,320.4705107471523,902.5922307030238,387.74763752208867,903.6135153599489,336.21517770881167,1336.4277995766972,374.3519953087373,1339.0318554040048,355.1155829070127,1338.107835594315,343.5233343854494,1335.5037797670072,348.7314460400648,1336.9318103819826,369.3118872558837,1337.5198229881487,363.1797557915785,1338.4438427978387,333.52712008062304,1341.8039148330743,378.04807454749664,1344.0719634568584
labeled-data,video,4069.r.png,306.84271243917465,299.0900280327676,336.58762807211616,271.5153422957918,284.8850923152865,290.91975077736737,326.2471209207502,249.55772217190366,287.82128570394593,252.3662549784475,279.906329612777,269.728094146173,305.8214277822496,243.940656558816,305.4384460359027,268.0685065786698,338.0239966237228,863.9366937063876,266.2787494747394,868.1494929162034,300.61944606384355,852.447241315981,328.4494529650506,863.4260513779251,281.5980193286149,865.5962812738908,351.1730365816325,858.4472886754156,250.83181903874836,864.3196754527345,345.04532864008235,861.8941243925376,257.47016930876106,867.3835294235096,333.3005550854445,864.3196754527345,274.4490267301397,868.4048140804347,356.2794598662577,836.4896685515276,245.47007458989196,840.0641648507651,356.91776277683584,822.3193439366929,248.15094681432018,816.3192965772582,357.556065687414,829.7236576993994,246.1083775004701,827.9364095497805,352.3219818206732,849.0004055988593,250.19351612817022,851.8089384054031,356.91776277683584,869.5537593194754,252.49140660625156,868.9154564088972,327.81115005447253,869.9367410658222,287.4704061059338,870.4473833942847,311.85357729001896,860.2345368250344,300.87476722807486,857.8089857648374,307.00247516962503,864.7026571990814,352.83262414913577,902.1072077589608,263.0872349218488,894.8305545783701,356.40712044837335,891.6390400254793,357.8113868516453,881.6815146204602,259.89572036895805,886.2772955766229,251.47012194932654,877.3410548285289,,,,,276.6344000802371,1346.4332417555404,239.30994212309707,1342.5152047324152,257.86906486421645,1346.0208168057377,,,,,,,,,,,,
labeled-data,video,4070.r.png,293.57918073946854,333.1000481212586,333.37712682624027,302.72287188111403,269.54660460011365,319.64180548321985,326.4557448981061,280.2283806146778,278.19833201028143,278.11351391441457,265.509131808702,297.5318354350133,300.88508388583244,270.0385683315913,298.10398698868664,298.54890261793446,343.88015658870376,919.3960877513683,268.70865007499475,924.2307697055695,309.5695104621146,910.6624687373275,329.9999406556745,919.7080027161555,288.3592928565867,923.295024811208,356.6686701449779,917.5245979626453,249.99375218776427,924.2307697055695,350.89824329641516,918.9282153041878,258.7273712018051,924.5426846703567,336.39419743381154,920.1758751633363,278.5339714657907,924.3867271879632,358.6961174160945,894.4428905683942,238.2969410082452,897.7179976986596,363.6867568526893,874.1684178572282,252.33311442366804,865.2788413607938,364.3105867822636,883.2139518360563,240.48034576175542,882.902036871269,359.3199473456689,905.5158718183392,240.48034576175542,911.5982136316891,361.7455319009291,932.9601425390443,254.84526386807028,926.0021369274381,334.4195462262575,931.8215598025996,294.9486780295096,928.6588299791423,315.19014889963677,914.9958371418064,307.5995973233391,918.7911129299553,311.7744006903028,922.965916296919,360.85996755036115,963.4488580371732,261.9297786726148,955.3522696891223,366.0468444608312,952.4425582515416,365.41429849613974,942.7013503952929,261.4237419008616,947.2556813410716,257.62846611271283,940.0446573435888,343.6547173107531,981.9192002061641,272.43004168649327,968.12969817589,275.38293179881225,1432.1415120836782,236.16508198794097,1425.8160524367634,254.0028781922405,1429.990855803727,268.55143538014437,1429.990855803727,261.08739299678496,1429.8643466107887,241.22544970547273,1426.954635173208,246.28581742300452,1429.2318006460973,276.7745329211335,1438.0874441517778,232.24329700685382,1429.611328224912
labeled-data,video,4071.l.png,363.4951606487331,354.95123406078716,330.43217438129267,324.07165254685685,390.6317625852173,346.8414449763206,341.97302807841805,295.8433482336176,390.78772006761085,300.83398767021237,399.6772965640453,326.8788872299415,369.42154497968943,289.1371764906934,366.77026777899846,318.45718318068776,248.65272226603105,921.0830419268252,325.949839151329,936.2641450794205,285.34038821813647,915.0106006657871,260.67109559516905,921.2095511197635,303.68422119418915,929.4326486607526,231.3209628334847,914.7575822799105,342.90207100506046,936.0111266935438,237.39340409452285,918.805876453936,334.6789734640713,936.1376358864821,254.9781819129458,921.4625695056401,314.31099340100593,934.1134887994696,229.92936171116347,888.3171609558068,355.4264811059516,903.6247733013405,235.11623862163353,866.1780521916053,355.173462720075,873.3890761890881,229.6763433252869,877.1843519772369,358.7157201223473,886.672541447609,236.6343489368931,902.6126997578342,349.22753065197526,918.8058764539359,227.77870543121242,933.6074520277162,334.29944588525643,944.2342242345329,258.1409117364031,930.1917038183823,309.5036440693507,936.5171634652969,271.2978678019857,919.1854040327505,290.4007559356682,923.3602073997142,280.7860572723578,927.2819923808014,230.0558709041017,967.1323881563643,332.0222804123671,964.8552226834751,228.79077897471876,956.3791067566093,225.37503076538482,945.6258253568543,334.0464274993798,957.7707078789306,335.43802862170105,951.6982666178924,251.1829061247969,994.7113922169126,319.7508886973525,984.5906567818491,314.0776678141648,1418.3264337104868,357.69761508635526,1414.580445872226,336.63683901791217,1416.1620851817138,320.9036900972175,1415.8291084849795,328.4789099479224,1416.911282749366,352.6197204611575,1413.1652949111053,344.96125643626914,1414.9134225689604,311.83007511120843,1423.5708166840511,360.4446728344131,1420.8237589359933
labeled-data,video,4071.r.png,349.19740132636207,348.8029557933994,382.7223374550101,316.9226391729492,320.1794738984247,337.307934656097,374.76459273618013,292.2362222443503,324.3903259230515,290.83260490280804,313.31734467310685,315.4738871209948,348.4077782116639,282.5668583359479,347.6772761326853,311.8254274678143,370.4938288222598,911.7853169198927,297.03785461488025,913.188934261435,337.1189275900321,901.3361655995222,360.6685074314638,910.537657060744,310.7621130655159,912.7210618142542,386.40149202640566,906.9506349656914,280.66231896355356,908.1982948248401,380.1631927306622,911.7853169198927,287.99232063605217,912.2531893670734,365.65914686805854,911.3174444727118,304.679771252166,913.3448917438285,394.0434086636915,880.2819054763883,275.0478495973844,881.6855228179304,393.2636212517235,857.979985494105,271.61678498472554,854.7048783638397,396.0708559348081,868.7410517792625,270.8369975727576,868.4291368144754,384.5300022376827,894.7859513389918,278.4789142100434,896.189568680534,390.61234405103255,922.8582981698376,283.78146861142534,920.6748934163272,362.14606198247793,921.2682963553515,320.1450099269641,919.2441492683387,345.32033932168474,908.7438862544602,329.6331993973362,907.0992667462624,338.48884290301686,915.3223642872516,389.4720476571496,956.5643611851358,285.98752783362465,947.8352268723935,390.484121200656,945.1785338206893,393.7733602170516,934.6782708068108,284.8489605401967,938.8530741737745,280.9271755591095,930.3769582469088,376.1885823986287,975.1612125470652,300.53608502152855,967.5706609707676,302.8513076112359,1418.4770920306871,261.3922589039027,1413.5512644614987,281.81391903449503,1416.0141782460928,297.00188737282497,1416.4246638768584,289.92101024211706,1416.116799653784,267.4469219576964,1412.9355360153502,274.0146920499472,1414.5774785384128,307.05878532658403,1425.147483530629,258.21099526546874,1419.8111703306752
labeled-data,video,4072.l.png,,,,,,,,,,,,,,,,,,,,,,,,,,,,,,,,,,,,,,,,,,,,,,,,,,,,,,,,,,,,,,,,,,,,,,,,,,,,,,,,,,,,,320.0392652363147,1437.4260178676561,361.5156567726639,1442.3733883117347,339.665801048221,1439.4694784354467,,,,,,,,,,,,
labeled-data,video,4072.r.png,319.36930719731447,362.75139735171564,353.9063168694689,335.2989024841057,296.8506708542981,349.8474596720097,349.8580226954435,311.00913743995324,302.54358453652134,309.61753631763196,292.42284910145776,328.4674060654379,326.8333495806739,300.88840200488966,323.03807379252504,329.22646122306764,347.7740867127683,921.3241578181278,280.55641180113224,922.2599027124894,310.18833345591383,909.6273466386087,331.39855106144165,920.3884129237663,291.3174780862897,921.1682003357342,364.3055798464885,917.4252207582881,267.7678982448581,918.8288380998305,357.75536558595786,920.5443704061599,273.6942825758144,921.7920302653085,339.50834014590816,921.1682003357342,286.326838649695,921.9479877477022,368.672389353509,895.4352157407924,259.8140666427851,893.4077684696758,366.3330271176052,871.2618059697862,262.30938636108255,870.7939335226056,370.3879216598384,884.3622344908475,258.8783217484236,881.7109572901567,365.5532397056372,906.1962820259499,267.14406831528373,907.287984402705,371.0117515894128,930.2137343145623,273.850240058208,929.589904384988,340.9119574874505,931.3054366913175,301.2987569594793,931.3054366913175,326.56386910724046,920.3884129237664,311.74790827984964,916.021603416746,318.6100375051675,925.3790523603611,369.1402618006897,956.5705488390784,275.56577236453745,955.3228889799298,373.1588543177799,946.6823529030333,373.43937637347716,938.1921050900374,273.7080748638843,947.3955950725197,271.0513818121801,938.0339147950858,353.2287148897069,972.1116967293767,289.44210459072974,976.0106337892163,333.06281543568133,1443.0172257199583,294.0979840106866,1443.270244105835,311.42974344323295,1442.89071652702,325.8517914381986,1442.005152176452,319.14680421246896,1443.0172257199583,299.5378793070333,1442.2581705623286,305.48381137513314,1442.89071652702,335.3399809085706,1447.9510842445518,290.93525418722925,1448.2041026304285
labeled-data,video,4073.l.png,339.0145572820358,383.5663289220966,302.5205064019364,357.67738684476114,363.34392453543546,372.3373901897583,310.3183805216158,329.760997496309,354.61030552139454,329.9169549787026,369.11435138399816,352.21887496098554,333.4000879158667,321.02737848226815,337.14306749331274,349.8795127250818,362.08845918705566,931.2027088379244,432.11336878177633,931.9824962498923,399.5182549615166,920.2856850703732,380.0235696623182,927.927601707659,418.8569827783214,931.2027088379244,346.804625912484,927.3037717780845,446.77337212677344,931.0467513555305,353.04292520822753,929.7990914963818,439.9112429014556,931.8265387674985,370.51016323630927,929.9550489787755,425.40719703885196,931.9824962498922,339.630581722379,904.2220643838336,449.58060680985795,905.4697242429824,340.2544116519533,881.6082294367635,448.80081939789,875.9937600705944,337.2912194864752,892.2133382395274,452.54379897533613,889.8739760036236,340.2544116519533,917.1665354225013,444.43400989086956,916.0748330457462,332.4739732082964,936.3417307954022,440.89235155641484,939.1249330400447,361.065050812351,942.4141720564404,412.0482555664837,939.7574790047362,382.44510441892277,926.7270321320918,400.6624282020372,932.9259825860682,393.70442259043097,937.8598411106618,336.14273980350697,965.8183727500249,434.31387352362356,964.1737532418271,333.612555944741,956.9627292443442,333.1065191729879,948.3601041245403,436.7175481894511,955.5711281220231,439.247732048217,947.3480305810339,355.87817390188087,983.023622989633,424.44615647443646,980.2404207449906,389.8293143595846,1428.7289105293285,429.1333135053979,1427.189589413957,409.2247604132627,1427.8053178601056,395.16562755953834,1426.9843465985743,401.5281548364063,1427.7026964524143,422.9760290439128,1426.0607539293514,417.1266088055019,1427.4974536370314,387.21618278317305,1433.959438513365,431.4936058823006,1433.0390096523683
labeled-data,video,4073.r.png,326.5511438932038,383.4470473434633,358.30495132071576,352.7053134594577,301.1227961126066,371.4286740143253,354.3831663396286,328.6685668011818,306.56269140895324,329.1746035729349,294.7923329282758,349.07651339150846,327.5582138992941,319.09383466513265,327.937741478109,349.07651339150846,326.11934170280495,922.8563944223685,257.0453223584961,929.1818540692832,290.31724010126754,915.2658428460708,310.17918339257983,921.2117749141705,270.2022784240787,926.9046885963938,343.57761032828955,916.6574439683918,244.01487548585177,927.4107253681469,337.2521506813748,921.5913024929855,249.45477078219844,929.1818540692832,316.88417061830944,922.2238484576769,264.0033279701023,928.9288356834065,349.01750562463627,893.379752467746,235.79177794486267,899.5787029217223,344.7161930647342,871.114134510606,235.53875955898604,873.8973367552484,349.2705240105128,881.361379138608,234.52668601547967,885.0301457338184,346.86684934468525,906.5367085333285,241.10516404827104,912.7356589873049,354.9634376927361,928.2962897187152,248.4426972386921,938.7965527325937,323.33613945816245,933.4831666291853,278.8049035438828,936.772405645581,306.383907604431,919.9466829847878,291.07629525889735,923.3624311941218,299.1728836069482,927.5372345610855,352.6862722198467,958.4054776380293,257.67786832318757,963.0863177767461,355.9755112362424,948.9172881676571,356.48154800799557,939.1760803114086,255.02117527148337,955.4957662004483,251.22589948333456,947.6521962382741,337.5051690672515,972.9540348259333,269.44322326644897,978.014402543465,354.05972679948195,1426.9400921168758,316.68309259105916,1428.2719989038128,335.08005508562803,1427.7725338587113,348.0661462582649,1426.4406270717743,342.4055424137822,1427.1065804652428,322.51018478390904,1427.7725338587113,328.50376532512604,1428.1887547296292,356.557052024989,1430.935812477687,314.1025231913685,1432.8504284839091
labeled-data,video,4074.l.png,,,,,,,,,,,,,,,,,,,,,,,,,,,,,,,,,,,,,,,,,,,,,,,,,,,,,,,,,,,,,,,,,,,,,,,,,,,,,,,,,,,,,297.7828473091407,1318.6994197539675,338.8314103857082,1326.2934039231325,317.691400401276,1322.4964118385499,,,,,,,,,,,,
labeled-data,video,4074.r.png,338.37635382960906,302.6997470875731,373.6227448505598,271.3522931264621,309.3682621044018,289.7552760489054,362.3938061182215,247.64675580263685,311.8635818226992,248.27058573221126,301.57038798472246,267.92122851380316,335.72507662891803,236.72973203508573,337.09596802902547,266.37846404838217,354.308385390379,828.3859870943197,276.9534741231597,828.6979020591068,312.19986514411045,817.1570483619813,339.180509598201,826.358539823203,289.2741152322531,827.6061996823516,366.94094146425954,825.7347098936287,265.56857790842787,827.2942847175646,361.63838706287754,827.4502421999582,270.24730238023545,828.3859870943196,346.9783837178804,828.2300296119262,283.50368838369036,828.3859870943196,374.2709431367581,800.1576827810803,254.02772421130237,799.3778953691125,371.77562341846067,781.7546998586369,264.32091804927916,765.5351216897038,374.1149856543645,791.112148802252,255.11942658805748,782.6904447529985,371.4637084536736,815.753431020439,263.54113063731126,814.9736436084711,372.4715396215683,836.3773003610231,264.82168295327017,831.9645798302921,340.14579619877145,837.7113786610116,297.0448049683756,834.9406006533433,324.342099414293,823.5496243995958,308.43578122212307,822.112924691916,317.4664650989679,831.451472791835,361.73628153391627,872.8319539180384,272.1677729336037,861.4461265535916,368.4412687596458,862.4582000970979,372.9955997054244,847.6566245233174,268.24598795251654,852.0844462761578,265.4627857078741,841.2046556834645,348.0732886965805,886.7479651412505,284.05963706980344,878.6513767931997,307.4103907080037,1313.736794886217,268.1191404933588,1311.23946966071,287.68152142649774,1313.0708414927485,302.4989844311731,1312.0719114025458,295.6729621481204,1312.571376447647,275.1116511247787,1311.1562254865264,280.77225496926144,1313.3205740152991,310.5148373609043,1318.0994047682245,265.2245462889949,1316.075257681212
labeled-data,video,4075.l.png,403.23563630537404,301.3041743439372,374.26503112250464,263.857453234202,436.6340632410839,294.7256963111459,393.3679192561871,238.55561464654312,441.82094015155394,248.6763500816067,445.3631975538262,269.9298944952402,419.8083405802907,234.8868480513326,412.7238257757462,264.6165083918318,253.97424709117985,893.7949968866537,333.04469066472853,904.5560631718112,287.34914832340746,885.8411652845808,265.3591433059117,893.4830819218666,315.5774526366468,902.5286159006945,243.6810532532031,892.8592519922922,352.8512909287141,905.3358505837791,248.82765017219145,893.327124439473,343.1819270203117,905.6477655485663,259.4327589749554,894.1069118514409,324.40307449697093,904.7810905917395,241.56540395377476,862.6089832881769,372.8816041291751,876.0213267740255,244.5285961192529,846.5453626016374,373.50543405874953,854.9670666508913,242.03327640095551,855.1230241332847,374.5971364355046,866.9757927951974,239.22604171787094,879.9202638338651,372.1018167172072,890.213457671842,230.40666734369358,908.3686506173913,357.4486228762515,906.1809753834023,262.9421456334387,907.9895875459792,315.82298828164585,906.0919496519049,280.77994183773825,895.2121590592116,296.0875541832719,893.4410303580754,288.4970026069742,900.0195083908667,234.8085002804469,940.3701496274426,348.968396831479,931.64680662544,229.7967370836056,931.1407698536871,229.54371869772902,919.7549424892405,350.7272856251121,922.0688276846392,355.85554563810985,914.3888685073784,262.68959053806367,969.9832925862903,336.6974684069659,940.7596690175442,359.51086983050766,1429.9789653952867,402.45867361529037,1426.2506607839869,381.1545524867657,1429.0192185683586,365.5560927748188,1428.8166411695022,372.4437243359382,1429.0192185683586,396.48290900023727,1425.575402787799,390.00043223683076,1428.0738573736953,357.4529968205607,1435.0965405340523,405.46384034954,1431.2475699557797
labeled-data,video,4076.l.png,349.2789088854147,344.0189610325675,314.9682627588255,314.0751244129988,372.82848872684633,336.84491684246245,325.10549911440864,290.9934170187478,371.2689139029104,294.4244816314067,381.09423529370645,315.0108693073602,350.0586962973826,284.4432027582171,349.44358240292536,311.30605405448654,304.31848133373614,866.8526649338315,370.1032616616493,869.2563395996591,330.63239346490144,856.6054203058296,311.1499777524041,865.4610638115103,357.32583317488155,868.8768120208442,288.88435979526423,864.4489902680039,392.87491639054235,861.7922972162996,295.4628378280555,866.7261557408932,384.2722912707383,866.8526649338315,307.9872479289467,866.5996465479549,363.3982744359197,869.1298304067208,286.6071943223749,842.4363906967407,392.4953888117274,840.2857344167896,287.2397402870664,819.411717581971,393.6339715481721,819.5382267749093,288.37832302351103,830.1649989817261,394.2665175128636,829.1529254382197,289.1373781811408,853.9487272541254,390.9772784964679,849.9004330801,280.05329309957614,873.4984665012222,385.870542218777,869.7976084140316,305.342833126197,874.7661751080725,354.1906231873122,874.6635537003812,325.8671146644807,863.1699560389422,341.26032581819345,864.093548708165,331.81915631058297,869.3272405004274,286.1526298879017,902.5765264843378,379.4354894794012,896.8297276536183,281.94515217255355,893.3405997921101,279.8927240187252,882.770594799894,380.2564607409326,886.9780725152422,386.5163666101091,879.7945739768428,299.18554866471186,921.0483798687932,365.9920850718254,916.9435235611364,339.41100802777686,1326.9433530514184,379.2017232875231,1323.2806093873412,360.05556322530214,1324.862248696829,346.153786136646,1324.7790045226454,352.4803433745973,1324.9454928710127,373.8740961397747,1322.364923471322,367.7972714243741,1324.5292720000948,337.5796361957383,1331.5217826315145,381.6158043388466,1328.358504012539
labeled-data,video,4076.r.png,316.01874834488456,349.6555522974843,346.06954183464967,321.168804720158,289.3934233982937,339.38611306025575,338.1890785055407,300.3692849979779,293.70820424889007,299.6264784861575,283.31622213318434,322.0943907019702,314.1165665811051,291.2940462540495,314.2943458289859,317.0924814707929,336.0846050780151,867.0010749651946,265.0906382295317,867.7019839777362,301.931723590751,855.3874150547659,324.9189189136288,866.1626628623649,276.37899307558774,868.0098482008104,349.0349497211121,864.5207203393022,249.38956285274472,863.5971276700797,343.59601511346705,866.2652842700566,255.54684731422984,866.6757699008223,330.97358196742255,866.6757699008223,271.24792269101687,867.9072267931192,351.54242341470194,843.919414478021,243.63008183833674,842.5278133557,353.5665705017147,822.1598332926344,246.4132840829792,813.1776805940157,355.2111900099125,831.9010411488831,240.46735201487937,828.2322745536727,352.6810061511466,854.7992050707145,248.56394036293023,853.0280763695785,354.578644045221,874.9141667479034,251.09412422169606,869.6007806444951,326.1140756341047,872.7635104679525,282.21538568451655,873.7755840114588,305.9991139569159,867.829651943359,295.6253601359757,862.642775032889,301.31827381819903,870.2333266091866,346.3555465042319,907.6800477189217,255.77496436041298,899.0774225991177,351.4159142217636,896.4207295474135,354.57864404522104,885.1614113759053,254.25685404515343,889.0831963569923,250.9676150287578,879.2154793078053,334.843209946847,917.8007831539852,269.1781502771103,917.3015349169938,291.6484621461769,1325.191839224385,252.4834983672627,1320.0598784533545,271.0583752216608,1323.6654511066622,285.12664065868404,1323.4157185841116,278.2173742014478,1323.9984278033965,258.32201657157464,1320.0027074425852,263.6496437193231,1322.8330093648265,293.1180813803067,1330.7412059122657,248.41595984372987,1323.7486952808458
labeled-data,video,4077.l.png,328.0230487024488,310.4758437436961,291.58840113622,278.7220363161842,353.57790567598425,300.35510830863245,309.8057249193344,253.79972530734017,352.94535971129284,257.595001095489,361.168457252282,278.215999544431,332.9569072270423,247.09473808161056,330.17370498239984,275.68581568566515,292.752094217845,882.8483563321677,359.16942051044964,884.1134482615506,328.04815904762916,869.5648910736468,302.8269801242074,882.4139753865443,351.0590417391742,883.3375680557671,280.96862028593523,878.9248475250361,373.8409942466691,879.9510616019503,285.81427262500927,881.5787246746696,368.7158432468226,882.439542316453,297.87505101660486,882.8557631873708,354.7308219839829,883.2719840582887,273.7772242505372,852.3180768710777,382.4185424301711,856.0461360124393,275.897801976127,828.0876043730764,380.77392292197317,829.9852422671509,272.6085629597314,839.5999409304611,383.30410678073906,842.0036155962888,280.5662020607547,867.0719747204588,376.2093540291568,867.9955673896816,277.34392270636926,889.6506295125023,371.4371717164339,889.6265874291433,307.0061808983511,895.2871912736261,348.96124468687015,893.0395985706698,319.99227207098795,879.6372865271151,334.47675837892905,880.3032399205836,325.5696317412871,886.1303321134335,283.9882928353515,923.8560390600829,368.3146412833075,913.2840289387698,276.49631715883015,912.8678080678517,275.0811661977095,900.6309144628669,370.9179454416949,905.265321401501,373.0541862667612,896.9942351300906,299.05087497694774,933.0656574673899,357.65477360218074,928.820204584028,352.1568607948832,1369.627889186703,390.390094022992,1363.7669207692136,371.4925790320213,1366.9438943039274,358.1273800239145,1367.0534451154695,364.700428716426,1367.0534451154695,384.145697765106,1363.8216961749845,378.99680962263864,1366.2865894346764,350.8897783493764,1374.7490686766414,393.66937025647235,1368.833324853381
labeled-data,video,4077.r.png,291.918369583908,313.66571490619367,323.11527752209923,280.3137574064826,264.82631795337346,304.7376524370402,310.2876015606719,261.22617557587876,267.412451125265,263.2810889643237,260.58095470659714,282.3839770980062,289.0455231177134,253.66639030101334,288.28646796008366,280.7393575898084,337.78495020109705,875.2440295849593,267.8253665062201,876.003084742589,307.42274389590636,858.7978345029809,329.68836185304616,873.9789376555763,277.4400651695305,875.8765755496507,352.2069981960626,869.8041342886125,252.1382265818716,872.4608273403168,346.3875753209011,873.0933733050082,257.95764945703314,875.1175203920209,333.35712844825673,874.9910111990827,272.6327158378753,876.5091215143422,358.405948650039,846.1469152091514,244.16814742675908,848.8036082608558,358.02642107122415,823.5017696731967,246.3188037067101,827.0440270754691,359.4180221935454,834.5080694588283,242.77654630443786,837.0382533175944,352.2069981960626,858.418306924166,245.30673016320372,862.3400919052533,358.83592878448286,880.2424811985893,257.1026957375184,888.5195366796291,324.64848544814515,884.7882479259207,290.06507105613707,884.0698980720807,314.79683030976895,871.9605719644934,302.3796399791073,870.9343578875792,307.81857458675245,878.3230992413613,362.31054207089574,907.6728218411072,266.2569044717279,908.59641451033,363.6446203708842,897.6159238873481,362.20792066320433,888.7904828258862,264.4097191332824,901.2076731565478,262.0494267563798,894.4346602489142,340.04169660185795,931.7888526485905,280.3160373254523,925.8368110024882,309.67355104705,1360.2996350779576,268.9671498712845,1359.9666583812234,289.52846089462616,1359.4671933361221,304.34592389930157,1358.5515074201028,297.9361224871667,1358.884484116837,275.5434396317865,1359.0509724652043,281.7035085213706,1359.9666583812234,313.16980636276,1367.042413186827,264.4719644653718,1366.2932156191746
labeled-data,video,4078.l.png,337.1670931699217,324.1596451596039,305.50772424402356,287.5096367971109,367.57880223667127,312.15091901529763,314.8651731876388,264.58388688525355,366.6430573423097,266.92324912115737,371.16582433172374,285.950061973175,340.75411526497425,254.7585654944576,340.91007274736785,285.6381470083879,325.90603770506414,883.3447032995667,394.05945751106174,888.6472577009487,353.42812808924566,873.534868540103,333.41695358941905,882.2576881938736,383.39357913513993,887.1835157630618,314.53461457419803,881.0262313015767,400.63397562729824,886.7730301322961,319.2551993280033,882.2576881938736,397.2474691734814,888.2097298399759,329.72258291252797,882.9760380477136,388.319406704328,888.5175940630502,301.8039566939203,854.5112854670596,417.05383146070665,858.9391072198999,298.89424525633956,837.5590536133282,418.95146935478107,826.0467170559433,299.40028202809276,845.1496051896258,419.20448774065767,844.0110224531811,308.7619623055266,869.8188978125933,410.98139019966857,874.4997379513102,301.5509383080438,888.4157491745224,405.2884765174453,896.891865101388,329.5094699474069,891.9580065767946,376.9504172992673,894.6146996284988,347.97981211639785,879.9396332476566,364.5525163913145,880.572179212348,355.19083611388066,887.6566940168925,296.9966073622652,919.2839922514663,398.709998484654,925.609451898381,293.9603712887294,908.1511832728963,295.09895402517407,897.0183742943265,402.50527427280275,916.3742808138855,406.17404086801326,907.13910972939,310.1535634278478,941.2965918227294,385.6795516120096,941.0435734368529,322.52422731974366,1406.2963117593456,365.93308277321375,1405.88582612858,344.69045138109004,1405.680583313197,329.81034726583437,1405.0648548670486,337.0964672119251,1405.0648548670486,359.87841971942004,1404.7569906439744,352.4896783656379,1405.88582612858,321.0875276120638,1412.4535962208306,369.5248320424134,1411.530003551608
labeled-data,video,4078.r.png,319.41894089042756,323.689815996005,351.5264626126057,286.77577904595586,290.5798495232017,312.15417944911474,341.3366503295193,263.1277241248307,292.18246770610705,269.6273247465793,279.2516408693091,290.91961475084867,314.24554089208283,255.92571472807492,315.3203412417977,286.93594888205615,322.7890393261757,882.1856071865234,254.01178959060377,886.0845442463632,291.7535003298519,874.5436905492378,315.5743578406028,882.2729210590778,266.3160821487218,884.8384562513634,333.4304827789096,879.8100072744838,245.27869357198105,884.4279706205978,328.9151408404872,881.2467069821638,249.28092847194637,885.454184697512,319.1661071098024,882.7860280975351,259.64569064877963,885.7620489205863,347.0118438286327,851.7907200982178,229.3582943960188,855.33297750049,348.6564633368306,833.0673595433499,230.37036793952518,824.7177528094226,349.289009301522,840.7844203125858,228.72574843132733,838.7602732255732,340.0538382170265,867.8573876013811,235.30422646411864,872.0321909683447,347.01184382863266,886.201220577434,242.5152504616014,893.2857353819784,311.08323303415705,889.3639504008912,270.47378210096446,893.0327169961018,300.83598840615514,877.5985954576298,284.6428117100535,878.104632229383,291.85383570753623,882.9119815610383,352.4517391249793,916.5634268826246,248.0816549508864,920.1056842848968,354.7289045978687,905.4306179040548,352.57824831791766,894.803845697238,245.4249618991822,910.9970223933396,242.51525046160143,902.6474156594122,339.92732902408824,934.401223086924,265.9565804136408,942.2208094716667,335.59377512439676,1404.0047677082987,290.23511292478975,1405.5440888236699,313.01706543228465,1403.2864178544587,329.94959770136876,1401.644475331396,322.5608563475866,1401.7470967390875,296.49501879396627,1403.081175039076,304.3968671862055,1403.7995248929158,337.64620327822524,1410.2646735774754,285.82239239405885,1411.188266246698
labeled-data,video,4079.l.png,363.5371380422308,308.97828808368564,337.34973510400386,276.08589791972906,389.5980317875195,299.86962619212846,349.2415992402035,251.66962368263825,393.39330757566836,257.995083329553,399.97178560845964,278.36306339261836,372.8988183196646,246.73576515804476,370.6216528467753,275.0738243762227,340.5474279173065,831.0900356830203,405.9526806664048,834.8853114711692,377.99414902704166,820.8427910550188,350.2886357735552,830.4574897183292,395.5789268454646,832.7346551912185,323.08915929182183,825.0175944219824,427.83877104472975,828.306833438378,330.04716490342804,828.9393794030694,418.60359996023425,832.7346551912183,345.3547772489617,831.2165448759588,400.5127853700581,834.2527655064779,320.8119938189326,801.6133937283979,431.381028447002,804.1435775871638,323.0891592918219,783.0165423664686,430.7484824823105,783.2695607523451,319.7999202754262,792.2517134509641,432.01357441169347,793.3902961874087,324.6072696070814,814.7703497939805,431.76055602581687,815.7824233374869,322.96265009888356,832.60814599828,434.2096517421642,825.4441078216842,353.07183801819764,835.5178574358607,396.0849636172178,835.5178574358607,366.22879408378026,824.7645760361057,381.53640642931396,823.8790116855376,373.69283646713967,830.7105081042056,330.4266924822429,863.7294074611005,420.6277470472469,860.06064086589,325.4928339576494,854.3677271836667,322.70963171300696,843.1084090121585,425.61514274333035,847.698407049836,433.63064294896265,839.1395651429009,347.8849611077276,878.5309830348809,408.3563553322324,873.850142896164,379.1548984395448,1287.087928453146,418.1131719574554,1286.338730885494,398.8005235468672,1287.2544168015133,384.9819906323947,1286.172242537127,391.14205952197887,1287.0046842789625,411.62012637113696,1285.3398007952912,406.04276670083783,1286.7549517564119,376.4910848656706,1292.6652881234454,421.7759156215325,1291.4166255106918
labeled-data,video,4079.r.png,344.5739165517288,301.45495995915326,374.17706769928975,269.19511575988815,314.591237825353,295.76204627692994,362.66473114190495,247.18251618862485,316.741894105304,253.50797583553958,311.1754896160191,274.0024650915433,338.24845690481413,240.98356573464844,339.38703964125875,268.8155881810733,400.4761979057402,829.4936050539947,330.295330828626,830.4293499483562,363.20235961367285,819.5123261808051,390.0270465853699,828.7138176420267,344.95533417362316,831.2091373603241,413.7325839091951,823.8791356878255,311.11256049421473,822.7874333110703,408.27407202541957,827.3102003004844,319.37830706107485,829.1816900892075,394.70577105717746,829.6495625363882,337.62533250112455,831.3650948427177,419.03513831057717,804.6963653534146,308.773198258311,801.5772157055428,417.6315209690349,781.4587004767702,313.4519227301186,779.8991256528342,420.2827981697259,795.1829589274058,310.3327730822469,790.0363620084174,412.95279649722727,814.5216867442107,310.02085811745974,812.1823245083068,415.6869700511647,838.1018447648656,317.64234552398636,832.4089310826423,390.8911682352589,836.9632620284209,350.53473568794294,834.433078169655,377.3546845908614,825.9569622427892,362.9326365958958,824.1858335416531,369.25809624281055,830.131765609753,411.3856574912627,865.1748120536608,321.81714889095014,857.3312420914865,415.5604608582264,855.813131776227,419.35573664637525,847.8430526211145,320.5520569615672,848.7286169716825,316.75678117341835,841.1380653953848,390.6133360812603,881.7056177478565,333.9366430935452,871.5562371931546,324.9411544848289,1290.8922034719633,287.89749697314045,1285.897553020949,306.1279711193422,1289.560296685026,319.2805506403462,1289.393808336659,312.78750505402775,1289.7267850333933,294.0575658627246,1286.6467505886012,299.385193010473,1288.4781224206397,326.5227937943167,1296.6360514906296,283.152579044677,1290.559226775229
labeled-data,video,4080.r.png,269.96556786385435,262.81958985277976,299.44220981847695,229.92719968882318,240.9949626809849,256.62063939880335,287.8033640681539,209.68572881869608,240.7419442951083,214.49307815035127,236.31412254226802,235.99964094986134,266.29680126864383,202.72772320708987,265.007821554014,231.23739020356476,373.7896300178769,821.956929256879,296.90259119783843,829.9107608589519,336.6717492082032,811.9756503836894,361.31303142638995,821.956929256879,314.6817441907074,828.0392710702289,390.32112315159713,816.8103323378906,273.66492632119395,829.9107608589519,384.55069630303444,821.177141844911,285.04982253592584,828.0392710702289,367.0834582749527,822.2688442216662,305.9481251766665,830.0667183413454,391.1009105635651,793.8845824260334,262.43598758885565,806.3611810175202,392.0366554579266,780.0043664930041,268.51832940220555,781.4079838345463,391.88069797553305,786.7105382359283,262.28003010646205,794.0405399084268,393.9081452466496,804.8016061935845,265.711094719121,818.52586464422,395.9355925177664,832.7179955420365,278.4996082753952,831.4703356828878,366.61558582777195,833.0299105068236,308.2874874125704,833.8096979187916,352.26749744756194,822.8926741512405,334.02047200751224,818.9937370914008,340.8826012328301,827.8833135878353,391.2712924964116,859.650346797112,295.6549313386897,859.8545974785206,391.74553913824036,851.3389823067547,395.1585502797667,841.7659022756442,291.90612188082537,852.7034967330643,282.3128060335934,843.022284410289,370.86401801874814,876.8665270891318,305.1384100633919,872.3021253154376,284.39894628126876,1346.9785324920258,241.60581927394722,1337.947848615181,262.3353436276138,1342.9762975920605,278.6521474505493,1344.105133076666,270.3398134275444,1343.6946474459005,248.58407499696366,1338.0504700228726,255.15184508921448,1341.2317336613064,286.55399584278854,1353.135816953511,238.62979845089606,1342.565811961295
labeled-data,video,4081.l.png,,,,,,,,,,,,,,,,,,,,,,,,,,,,,,,,,,,,,,,,,,,,,,,,,,,,,,,,,,,,,,,,,,,,,,,,,,,,,,,,,,,,,324.03209705383483,1436.4579495893843,362.64875812234015,1432.0759171277098,343.6964677255985,1435.9101955316748,,,,,,,,,,,,
labeled-data,video,4082.l.png,,,,,,,,,,,,,,,,,,,,,,,,,,,,,,,,,,,,,,,,,,,,,,,,,,,,,,,,,,,,,,,,,,,,,,,,,,,,,,,,,,,,,318.44654400558767,1386.8739557027016,357.2383291751311,1381.8793052516874,338.5916341580115,1385.1258280448467,,,,,,,,,,,,
labeled-data,video,4082.r.png,,,,,,,,,,,,,,,,,,,,,,,,,,,,,,,,,,,,,,,,,,,,,,,,,,,,,,,,,,,,,,,,,,,,,,,,,,,,,,,,,,,,,330.6017583293117,1388.7561357465224,292.97539159833826,1383.428508598774,311.28910991872357,1387.091252262851,,,,,,,,,,,,
labeled-data,video,4083.l.png,,,,,,,,,,,,,,,,,,,,,,,,,,,,,,,,,,,,,,,,,,,,,,,,,,,,,,,,,,,,,,,,,,,,,,,,,,,,,,,,,,,,,349.97824030152515,1466.0658241568872,388.7380492827265,1463.904998569085,368.8179383951753,1466.2684015557436,,,,,,,,,,,,
labeled-data,video,4083.r.png,,,,,,,,,,,,,,,,,,,,,,,,,,,,,,,,,,,,,,,,,,,,,,,,,,,,,,,,,,,,,,,,,,,,,,,,,,,,,,,,,,,,,279.5479080948067,1465.0299889416406,238.9649025238973,1463.9495761477394,260.10047780458723,1465.907824336685,,,,,,,,,,,,
labeled-data,video,4084.l.png,,,,,,,,,,,,,,,,,,,,,,,,,,,,,,,,,,,,,,,,,,,,,,,,,,,,,,,,,,,,,,,,,,,,,,,,,,,,,,,,,,,,,345.2291887174154,1420.0897714179628,387.82506618143486,1416.6751858708528,365.54155230722506,1419.8488984529372,,,,,,,,,,,,
labeled-data,video,4084.r.png,,,,,,,,,,,,,,,,,,,,,,,,,,,,,,,,,,,,,,,,,,,,,,,,,,,,,,,,,,,,,,,,,,,,,,,,,,,,,,,,,,,,,335.0314417885951,1417.6416203088042,294.2417964386461,1419.6394804892102,314.88635163617136,1420.1389455343117,,,,,,,,,,,,
labeled-data,video,4085.l.png,,,,,,,,,,,,,,,,,,,,,,,,,,,,,,,,,,,,,,,,,,,,,,,,,,,,,,,,,,,,,,,,,,,,,,,,,,,,,,,,,,,,,322.05149515684406,1412.2147086200616,357.78686705832445,1419.2084584471777,339.35232376238724,1417.7904166551825,,,,,,,,,,,,
labeled-data,video,4085.r.png,,,,,,,,,,,,,,,,,,,,,,,,,,,,,,,,,,,,,,,,,,,,,,,,,,,,,,,,,,,,,,,,,,,,,,,,,,,,,,,,,,,,,303.4657738237066,1421.4048933433724,266.5291614322134,1420.5270579483276,284.49102413081886,1422.4177803376547,,,,,,,,,,,,
labeled-data,video,4086.l.png,,,,,,,,,,,,,,,,,,,,,,,,,,,,,,,,,,,,,,,,,,,,,,,,,,,,,,,,,,,,,,,,,,,,,,,,,,,,,,,,,,,,,384.1313887601805,1346.61826038398,421.2691138728707,1346.3443833551255,401.98817104150356,1347.0564636301474,,,,,,,,,,,,
labeled-data,video,4086.r.png,,,,,,,,,,,,,,,,,,,,,,,,,,,,,,,,,,,,,,,,,,,,,,,,,,,,,,,,,,,,,,,,,,,,,,,,,,,,,,,,,,,,,289.59212350124193,1345.7956488330765,254.6137592986944,1344.2425554418435,272.7106735965375,1346.4033810296457,,,,,,,,,,,,
labeled-data,video,4088.r.png,251.42403156846856,334.5343296478231,279.02152462196693,297.9990121394986,221.4744794479107,325.75330913080086,261.30267965011853,273.3807939042756,216.1431455625758,284.6706774261613,211.75263530406468,304.27116965165726,239.35012835756305,269.77430333478435,241.70218742462254,297.84220820169463,417.1946002655734,920.2517604884074,349.87636465386186,932.8612188145195,382.8914904910218,915.6381727292965,405.10556055863657,921.6965554750096,365.9418306328825,927.830255805892,430.26451345015636,912.2504481587935,319.091053585129,930.5415635123891,425.406419079736,916.6173631009224,330.7218562817655,933.9816600846334,411.1545904232941,921.3679726530701,358.24262885972234,930.8691917573647,432.8814768077998,887.8538748042014,305.9148101609182,908.2681231670335,426.9065748479465,870.6760316696234,317.63887318888885,869.8355485963018,431.1082855869262,879.023474909617,315.8899192643162,887.9837263207328,434.19339043778973,900.5382157925998,309.1887597845756,920.7328249449769,439.11952416205673,930.0091811886552,325.1559945060825,928.8453124632179,406.17807906007494,936.0458526739028,365.9527176577353,928.8138451335723,391.6594169054249,921.1193229097743,379.33069379683906,919.4580056114543,386.50058950537834,924.7042707640439,429.6192212687513,968.4464008435986,334.54742975554,957.7750773064015,437.54558378398343,957.271451033296,440.06753606733804,943.4444784580102,333.541169439581,948.3144278845925,333.2788561819515,940.2701546506216,419.56324211909657,978.6908374317745,342.27264741201765,971.957365164316,342.7159776020372,1448.0379504246002,303.911164739502,1438.4445383558068,323.2057800239292,1443.941886844666,337.86537599422024,1444.804216019389,331.2901160369574,1444.4808425788679,310.16305125624376,1439.3068675305299,315.66039974510295,1441.4626904673373,344.44063595148316,1454.7210015287037,299.4917277190466,1442.5406019357413
labeled-data,video,4091.l.png,339.19470252083585,221.11490388556692,301.4465479639686,195.24905919393817,,,,,,,,,,,340.66880497471413,180.0086042657949,271.2878256933331,796.424359258356,356.73115894387183,790.5775370763599,308.0565686631828,776.770882112459,291.04763140646605,791.6537022120864,332.77269683533626,788.0658795094977,261.5477558518477,794.1784663361302,372.9031581754026,787.9329971871796,265.66710784370883,796.7032304601742,365.5946304479071,789.926232021951,282.0116334888351,794.3113486584484,341.9415770752851,790.1919966665871,253.97346347971592,767.0704725832378,381.5719059408144,762.7595920865115,253.85837654895118,740.1047554887346,378.0865464642334,745.5817489519334,253.11151380396953,751.3076966634594,381.5719059408144,753.0503764017499,256.51172071660864,780.7187601386304,380.9888448802179,775.739675172086,259.1197367823007,805.0573050075919,369.78619493732714,793.9502699737844,282.1415912160107,805.6631432821633,334.64757501219106,796.5755691635936,306.57706829038693,784.0549114891198,322.9347017038124,786.2763184958814,314.25101976829023,791.9308090585469,268.0053648093467,841.0037092988231,368.5745183881845,823.0305071532075,263.36060470429993,827.877213349778,259.72557505687206,816.5682322244469,367.3628418390419,813.7409869431141,369.3823027542796,803.0378440923542,282.7474294905819,852.5146365156779,360.9005669102812,836.1570031022525,374.57366026055973,1341.786516609023,415.1027685675804,1336.338341393981,396.23347879841015,1340.457693385842,382.01507031037335,1340.457693385842,387.19748088077927,1340.59057570816,409.3888287079021,1336.6041060386171,404.4721827821324,1338.1986939064343,371.2516022026072,1345.50722163393,421.0824730718949,1339.7932817742515
labeled-data,video,4091.r.png,295.4597265963143,258.1554795015975,330.35213468622385,227.19461035139605,,,,,,,,,,,294.7538222747451,224.8283571219556,412.87381129756545,807.4604583414979,326.24122382979897,808.7900043833664,374.1024475209327,790.6148561462272,396.51846368007125,803.9432981867961,336.7424205890351,807.3763817427002,428.425946140827,800.510214630892,308.06607559265973,803.9432981867961,422.57704409328517,804.5836626861012,315.27776306425386,808.3179764110096,404.4033839653982,806.0773881760645,331.70874345385033,807.820067914355,431.78835128139224,781.1819633433427,303.8258676412018,784.1694143232693,425.813449321539,763.5062117121101,307.8563854674153,760.645274902636,428.2547629971824,770.6364777604525,303.52868458524586,771.6322947537615,430.7443054804546,790.8017718749572,304.5245015785547,793.5402686065567,429.00162574216404,816.693013700988,313.8640509041228,805.5859840177696,392.8169732583822,814.2529025359587,349.802455763819,810.8198189800546,381.7099382245748,799.5108378547234,362.52505952981653,797.8952691225333,370.19901100771983,807.790627607198,419.47385733951984,852.2187677424274,318.09691939458696,837.2747569696684,423.71472526151905,841.5156248916675,427.3497549089469,829.1969133087175,315.47162020477793,825.9657758443373,314.4618897471591,815.8684712681487,401.0779087715904,869.8896014015145,326.84131827632774,855.664325019317,309.4853828425996,1344.8961389100507,267.7702090153743,1337.3507586312244,288.2505269150456,1342.0935690922008,303.3412874726982,1343.1714805606048,297.1971921027968,1342.632524826403,274.3454689726372,1339.0754169806703,281.56747581094237,1340.8000753301164,311.42562348572636,1351.040234279952,262.70402511387664,1341.8779867985202
labeled-data,video,4098.l.png,302.23904832411336,328.57107332394,271.94713459554777,295.45191431404163,333.33874641877406,319.4834992053704,281.64054698868875,273.23784424642685,327.07841758153717,276.670927802331,338.18545261534456,297.0674830462318,308.09548497830275,267.1794615007137,308.09548497830275,292.8266151242326,254.69048686215353,898.9000018903265,332.0107526764132,901.5210278501319,299.4694566669143,880.666468705599,270.379759785346,897.1830806670422,319.4391952424426,897.0143973246295,241.90814651383687,892.3937141444076,359.2388256891477,898.0482047070733,246.5529066188836,896.6345820664069,346.9201141061976,900.6735038968823,262.91054003230903,898.4520968901207,325.3118823131542,900.067665622311,239.48479341555165,873.2088354496495,360.4505022382903,869.7757518937455,244.73539179516965,850.1869810159394,354.39211949257714,847.7636279176543,242.31203869688443,859.6784473175567,358.027149140005,857.0531481277477,238.67700904945656,881.488625202124,362.8738553365755,881.8925173851716,240.97183344966257,904.4004114571288,357.20172208281804,888.3327389500674,266.14167749668934,904.5104796358338,321.5902893063653,896.926542755226,286.7751208590229,890.1495443170027,301.39217631401397,887.8905448375949,292.75482536333743,892.9400730856828,249.21717147494357,935.361762071648,352.7476968872573,925.2052864774017,246.59614551513815,927.9901265596951,241.84553596299085,918.3250933329126,355.04109460208707,914.3935543932045,355.86016521452626,903.5818223090072,273.134033358168,955.5108991376518,340.4616377006695,937.9827880314533,360.4837533970768,1409.6667232396392,398.10286364436786,1400.9356403455688,379.778368681504,1404.4927481913012,366.62784876697816,1407.1875268623105,372.01740610899697,1405.7862419533856,392.0665594213068,1400.9356403455688,386.89258437296877,1402.6602986950147,358.9746773413115,1415.4874451690193,402.6300918116636,1404.7083304849818
